final_review_id,manual_keep,manual_label,severity_level,manual_notes,review_status,strict_score,strict_signal_count,strict_signals,review_text,airline_name,recommended,over_all_rating,route,review_date,date_flown,trip_verified,source_dataset,source_note,candidate_rank,recommended_action,manual_reason,exclusion_hints,review_header,type_of_traveller,seat_type
REAL-VA-001,yes,violent_aggressive,high,"explicit threat in airline/security/staff context; police/security conflict, intervention, detention, removal, or threat context; staff/passenger aggressive, abusive, harassing, humiliating, racist, or discriminatory conduct",assistant_manual_check_completed,19,5,direct_threat; aggressive_abusive; harassment_discrimination; police_security_conflict; staff_passenger_conflict,"At the airport for my flight from LA to Boston,at Los Angeles LAX JetBlue domestic check-in gate, I was denied boarding because the check-in agent made the unilateral decision that my service animal, Skylar, was not allowed on board, despite repeated attempts to show her the appropriate documentation in my possession as well as explaining our history together. Her questions and attitude towards me and my experience at the check-in were curt and dismissive to me as a person and insensitive to my condition. I imagine her frustrated attitude was due to the fact that there was a lot of confusion and chaos in the boarding area which added to everyone's discomfort. Additionally, her questions were not in line with the code of federal regulations when she demanded repeatedly for a detailed answer of what service animal I had and wanting for me to say something to justify my disability and need for her. When she considered my answers incomplete, she orally aggressively told me to get out of the line, when all I did was calmly explain my situation, and threatened repeatedly to call the police on me if I did not comply to her demands. The agent then escalated the interaction by saying I was ""no longer a JetBlue customer"" and calling her colleague (I asked to speak to her supervisor which she refused for over an hour, and only another employee came 1 whole hour later) with a member of LAPD police despite my reasonable answers in the face of her intimidating tactics. When I realized that the CRO was not there to arbitrate, rather support only the agent and not me as a customer, I had no recourse but to fly a different airline. American Airlines check-in counter was in the same area as the JetBlue check-in. The American Airlines agents accepted me as a customer when I produced my service animal documents without further questioning. When I followed up with Jetblue customer service, their agent inaccurately described the events and offered a) absolutely no compensation for what had happened, when all I asked for simply just the cash refund for the flight they refused to let me on, b) they have me stuck with flight credits that I cannot and refuse to use, c) admitted they did nothing wrong or illegal. When it comes to airline travel, I would like to know that those who are tasked with providing a pleasant experience from gate to gate are reasonable employees with proper training instead of discriminatory judgement, especially against a young woman of color with a disability service dog. Failing that, I would expect a reputable company to make right any failings in that experience. The agents are examples of how Jetblue and its employees are callous, rude, and misuse the power and responsibility they have. Travelers, especially those requiring accommodations, should look to another airline as Jetblue does not have any interest in customer safety or satisfaction.",jetblue-airways,no,1,los_angeles_to_boston,15-09-22,august_2022,Trip Verified,Mendeley/Skytrax Airline Review Data.xlsx,"Manually checked from strict 390-candidate extraction from the 64,740-row Skytrax airline review dataset.",1,priority_review_likely_violent_aggressive,"direct threat/threatening language; aggressive or abusive language; harassment, humiliation, racism, or discrimination language; police/security conflict or intervention context; staff/passenger conflict with aggression/abuse context",,"""extremely traumatizing experience""",solo_leisure,economy_class
REAL-VA-002,yes,violent_aggressive,high,"explicit threat in airline/security/staff context; reported physical confrontation or violence-related act; staff/passenger aggressive, abusive, harassing, humiliating, racist, or discriminatory conduct; yelling/screaming/shouting in staff/passenger conflict",assistant_manual_check_completed,17,4,direct_threat; aggressive_abusive; physical_violence; staff_passenger_conflict,"One of the female Delta staff members began by yelling at everyone impatiently on the intercom repeatedly. She was angry, and was not able to maintain any semblance of professionalism. She specifically picked me out of the line while waiting to board, and separated me from my friend I was traveling with. She proceeded to allow my friend to board and then when I stepped up behind her to board, this person screamed at me to get back in line and she refused to allow me to board. I waited in disbelief and then she sent me to the other agent who asked me what was going on, I said I didn't know but she won't let me board, at this time the agent yelled across the entire crowd, ""Stop causing drama lady!"" Instead of the agent scanning and letting me board she sent me back to the agent who refused to board me and threw me out of the line. I stood there observing her yelling at other customers, trying to separate kids from their families, another customer experiencing exactly what they just did to me but she was screaming. At this point my friend stared videoing the agents with her cell phone of all the bullying going on, the agent saw her and stomped over and forced her around the corner out of anyones view in the boarding cart and it was at this time that the agent grabbed my friends phone from her hand and erased all her video footage. She proceeded to yell at, tower over my friend, and repeatedly threaten her that we are not getting on the plane. My friend repeatedly told her that she was terrifying her! It continued and the agent came back to me and the threats continued that ""they"" are reviewing the video to determine if ""they"" are going to let me board. She then proceeded to gaslight me saying she wasn't the one not letting me board and that I may be not able to board. Why? I have no idea. After the entire plane was boarded, I was finally scanned and let on, the last to board, my friend was shaking and totally traumatized from the assault and abuse. After I got home I wrote a detailed complaint, letters to the board members in administration and received Zero response from anyone but they stated that they did an investigation and nothing happened, no one remembers me, they lied and said there was nothing on the video (which was over 30 minutes of dozens of incidences of abuses towards customers), refused to accept any responsibility. Delta absolutely covered up this ordeal with an entire gate being traumatized and abused by 2 of their employees and then my friend assaulted with her phone being grabbed from her hand and her videos being deleted.",delta-air-lines,no,1,atlanta_to_bogota,22-09-24,june_2024,Trip Verified,Mendeley/Skytrax Airline Review Data.xlsx,"Manually checked from strict 390-candidate extraction from the 64,740-row Skytrax airline review dataset.",2,priority_review_likely_violent_aggressive,direct threat/threatening language; aggressive or abusive language; physical violence or assault/fight language; staff/passenger conflict with aggression/abuse context,,"""covered up this ordeal2",solo_leisure,economy_class
REAL-VA-003,yes,violent_aggressive,high,"explicit threat in airline/security/staff context; police/security conflict, intervention, detention, removal, or threat context; staff/passenger aggressive, abusive, harassing, humiliating, racist, or discriminatory conduct",assistant_manual_check_completed,16,4,direct_threat; aggressive_abusive; police_security_conflict; staff_passenger_conflict,"This airline will one day get its comeuppance for posing as a quality flag carrier (it has to be said, no expense is spared on its branding) while operating as a cheap and sleazy budget airline, thanks to the rationale of its greedy and cynical new management. I have Bronze status with BA Executive Club, have flown a dozen times over the past year (both in Business and in Economy) and am increasingly irritated with myself that I chose to collect points with this particular airline. I was caught up in the IT meltdown in May (flying from Rhodes to London), and I was one of the lucky ones (who doesn't remember those surreal news reports of passengers stranded all over the world for 4 days?). I had to purchase a new ticket on a charter flight from Rhodes airport when my flight was cancelled (along with hundreds of other BA flights in May); this (incidentally: ghastly TUI) replacement flight arrived so much later than the flight I booked that I lost my pre-paid hotel booking at the airport, which the airline refused to refund when I lodged a claim. The airline only refunded me for my cancelled flight and my new flight, along with EU compensation, after I sent a second email a month after my first claim, as they simply neglected to raise a cheque for me, according to the customer agent. Their customer service is beyond atrocious. I suspect they swear company oaths never to genuinely apologise for BA failings (all you get is ""bear with us, we're trying really hard""), lest actually saying sorry should incur legal liability. I am unfortunately due to fly with them again at the end of the month to Belfast, and after two calls to their contact center (based in India, with a poor connection and amateur communication overall) still do not know if my travel companion will be allowed to travel on a domestic flight as a Canadian citizen without a UK ID document. The customer agents I spoke to gave me contradictory answers, which, in turn, run contrary to the (almost non-existent) information provided on their website. On the flights I have booked which have actually taken place, I have by turns found myself stuck along with fellow passengers on the tarmac for an hour and a half in BDX when the plane lost its takeoff spot, having waited for delayed passengers (would they admit this was their fault? Nope, it was all air traffic control's fault!), been held on the tarmac in TLS for an hour whilst they sorted out luggage which had mistakenly been put on our plane, retrieved a used bottle of rancid baby milk from my Club seat (no apology from the flight attendant who seemed annoyed at having to handle it), sat in a seat totally encrusted in potato chips apparently used as confetti by a previous passenger and found myself wedged between totally drunken and abusive passengers in Club and a scolding flight attendant threatening to have them arrested on arrival. As I mentioned, I have been one of their luckier passengers.",british-airways,no,2,toulouse_to_london_heathrow,17-08-17,august_2017,Verified Review,Mendeley/Skytrax Airline Review Data.xlsx,"Manually checked from strict 390-candidate extraction from the 64,740-row Skytrax airline review dataset.",3,priority_review_likely_violent_aggressive,direct threat/threatening language; aggressive or abusive language; police/security conflict or intervention context; staff/passenger conflict with aggression/abuse context,,"""cheap and sleazy budget airline""",couple_leisure,economy_class
REAL-VA-004,yes,violent_aggressive,high,"explicit threat in airline/security/staff context; police/security conflict, intervention, detention, removal, or threat context; yelling/screaming/shouting in staff/passenger conflict",assistant_manual_check_completed,16,4,direct_threat; aggressive_abusive; police_security_conflict; staff_passenger_conflict,"The Maui to Seattle flight was delayed by over 4 hours and we were not informed or notified in any manner. We had arrived from Honolulu and were waiting by the gate when we noticed the departure time change. I was traveling with my wife and 9 month old son and we did not expect this and didn't know what to do since this was our first time travelling with him. My wife went to inquire about the situation and was told by the manager/chief at the gate desk and they said ""there is nothing we can do"". She was worried because we did not have any baby food left or formula and it was frustrating. I went to speak to the same manager/chief and ask if we could get any assistance because we would have to sit in an airport with an infant for an additional 4 hours on top of the initial 2 hour of our flight. While I was talking to them they called security and threatened to get us thrown out of the airport because manager said she will not speak to us because ""we could not understand even is she tried to explain it"" I believe she was trying to imply we were incapable of understanding her and we need to move out of the way so she can help other customers. Shas just gotten another frustrated customer who was yelling and screaming at her and being hysterical but she gave her a completely different treatment and gave her another flight since she was from there and decided to flight out another time. We stood back and record while the security arrived and started questioning us. This was so frightening for us. We didnt know what was going to happen to us. Were we going to get arrested? were they going to take out infant son from us? what were we going to do in a place that is foreign to us and we did not know anyone there so thats where we were recording for our own safety. We decided to wait it out because it felt like the more inquiries or help we requested it was met with aggression and complete disregard of our infant child. We swore never to travel there ever again because we have never felt so helpless and disregarded and treated so poorly compared to others.",hawaiian-airlines,no,1,honolulu_to_seattle_via_maui,08-05-23,may_2023,Not Verified,Mendeley/Skytrax Airline Review Data.xlsx,"Manually checked from strict 390-candidate extraction from the 64,740-row Skytrax airline review dataset.",4,priority_review_likely_violent_aggressive,direct threat/threatening language; aggressive or abusive language; police/security conflict or intervention context; staff/passenger conflict with aggression/abuse context,,"""felt so helpless and disregarded""",family_leisure,economy_class
REAL-VA-005,yes,violent_aggressive,high,"explicit threat in airline/security/staff context; police/security conflict, intervention, detention, removal, or threat context",assistant_manual_check_completed,16,4,direct_threat; aggressive_abusive; police_security_conflict; staff_passenger_conflict,"As soon as I sat down I was helping my kids get their seat belts on. During the reaching around my masked slipped a bit down my nose. I was startled when a very young flight attendant very rudely and sharply said that my mask had to stay all the way to the top of my nose for the entire flight. It was not what she said but how she said it. My flight was 5 hours delayed and this was at 6 hour flight at 4 in the morning. Then she woke me up twice because my mask had slipped a little down while I was asleep. I walked to the bathroom and clearly saw 6 or more people with masks completely off. I felt targeted. My 10 year old asked me why that flight attendant seemed out to get me. I have traveled during Covid many times. I have never experienced such a rude, heartless, unsympathetic flight attendant. My family and I were doing the best we could. Second time she woke me up, she threatened to have police meet my family at the gate. This is a ridiculous abuse of authority from a power hungry child who should clearly not be in the service industry. I was nothing but kind saying I was sorry, I was sleeping and it slipped down a bit. She made me extremely uncomfortable the entire flight.",delta-air-lines,no,1,raleigh_to_seattle,25-11-20,november_2020,Not Verified,Mendeley/Skytrax Airline Review Data.xlsx,"Manually checked from strict 390-candidate extraction from the 64,740-row Skytrax airline review dataset.",5,priority_review_likely_violent_aggressive,direct threat/threatening language; aggressive or abusive language; police/security conflict or intervention context; staff/passenger conflict with aggression/abuse context,,"""a ridiculous abuse of authority""",family_leisure,premium_economy
REAL-VA-006,yes,violent_aggressive,high,"explicit threat in airline/security/staff context; police/security conflict, intervention, detention, removal, or threat context; staff/passenger aggressive, abusive, harassing, humiliating, racist, or discriminatory conduct",assistant_manual_check_completed,16,4,direct_threat; aggressive_abusive; police_security_conflict; staff_passenger_conflict,"I had to end my vacation in the Caribbean to return to Canada for a family emergency. What was supposed to be an 9h trip turned into a four day nightmare that cost me upwards of $2800 USD in out of pocket expenses, in addition to the original ticket price. I was shocked to find some United employees incredibly lacking in empathy and extremely aggressive. On day three of the ordeal, a customer service rep at Newark took a cursory look at my booking, claimed I was rebooked on an air Canada flight and was “no longer a United passenger.” I told her, the booking was not complete and Air Canada had explained (after I had gone back and forth between the two long queues) that United had not actually booked me, it was more of a temporary hold. The United staff refused to even speak to me, even as I begged tears streaming down my face explaining I had a family emergency. A manager then aggressively threatened to call security if I didn’t step aside because I “had already used up 30 minutes of their time,” which she knew was a blatant lie. I then had to go back to Air Canada and then called United on the phone, all of which was useless. I finally booked myself on a new ticket, via the United app, travelled to another terminal (C) and waited for 8 hours only to have that trip cancelled as well. I was now approaching day 4 so feeling utterly defeated, I booked myself a business class ticket home from Newark with Air Canada. It cost me $2300 USD and was a red eye with a long layover in Quebec City, but that flight DID make it and I’m now home. I think United deserves to be sued for its failure to support and look after the wellbeing of its customers. Shame on them and on lawmakers who allow this level of negligence and disregard for passengers’ wellbeing (see reports of the atrocious conditions in some terminals especially Newark terminal C). I will never travel with United or through the US again for that matter.",united-airlines,no,1,nassau_to_montreal_via_newark,29-06-23,june_2023,Trip Verified,Mendeley/Skytrax Airline Review Data.xlsx,"Manually checked from strict 390-candidate extraction from the 64,740-row Skytrax airline review dataset.",6,priority_review_likely_violent_aggressive,direct threat/threatening language; aggressive or abusive language; police/security conflict or intervention context; staff/passenger conflict with aggression/abuse context,,"""lacking in empathy and extremely aggressive""",solo_leisure,economy_class
REAL-VA-007,yes,violent_aggressive,high,reported physical confrontation or violence-related act,assistant_manual_check_completed,15,3,direct_threat; physical_violence; weapon_terror,"However a few minutes before call to board an announcement came over that that no food nor drink would be available on this flight, no explanation as to the reason. Fortunately I was in the business lounge so grabbed a can of coke and a couple of rolls but for others they would have no time to purchase anything even if they are happy to pay airport prices. This was a 4 hour flight by the way. I had no idea that BA are now charging for food and drink even for water (they kept that one quiet). I rarely travel with hold luggage so now have to pay extra for the luxury of choosing a half decent seat (they kept that one quiet as well when this policy was introduced last spring). How long before they start charging for airport check in or duplicate documents the same as Ryanair. Will they be selling lottery tickets next? Pay-as-you go toilet? British Airways still refer to themselves as ""the worlds favourite airline"". Based on who`s opinion exactly? See no point in using BA now. They usually come out as one of the most expensive carriers when choosing a route. They have the most ignorant and unhelpful cabin staff out of any other carriers. I fly about 100 times annually through business and try and avoid BA. With this latest money grabbing scam I will change my scheduling to avoid them. There are plenty other quality carriers who like BA are struggling to maintain profits. All have the same threat of terrorism, fluctuating oil prices, adverse weather, air-traffic control strikes etc. but they are not punishing the very people who keep their planes in the air.",british-airways,no,1,ath_to_lhr,16-01-17,january_2017,Verified Review,Mendeley/Skytrax Airline Review Data.xlsx,"Manually checked from strict 390-candidate extraction from the 64,740-row Skytrax airline review dataset.",7,priority_review_likely_violent_aggressive,direct threat/threatening language; physical violence or assault/fight language; weapon/terrorism-related term,,"""see no point in using BA now""",business,economy_class
REAL-VA-008,yes,violent_aggressive,high,"police/security conflict, intervention, detention, removal, or threat context; staff/passenger aggressive, abusive, harassing, humiliating, racist, or discriminatory conduct",assistant_manual_check_completed,14,4,aggressive_abusive; harassment_discrimination; police_security_conflict; staff_passenger_conflict,"While I understand the crew has a specific amount of sleep assigned, that policy is not passed down to their patrons. I missed my connecting flight to Eugene Oregon because of the crew’s right to sleep, causing a 13 hour delay because there was not another flight until midnight. The parties that were to pick me up had to make the 2 hour drive from Seal Rock 2x that day. Returning, I arrived at the Eugene airport at 6:30 pm on 10/10/23 because My son and his wife had to work and could not provide transportation on 10/11/23 when my flight was scheduled. I tried to sleep but was told to move to the lobby. This caused me to go through TSA 2x. The automated announcement railed every few minutes incessantly about unattended baggage. The floor was cleaned for what felt like hours. No sleep may have been to be expected. My ticket listed Gate F, which does not exist. The telemonitor said Gate A4. Loading started at 12:59. I got concerned about 1:00 because I heard nothing. The flight was at Gate B1. I got there by 1:06 and was told that I had to reschedule. I arrived in Seattle at approximately 6, tired and unrested. I went to one of the restaurants for dinner. From 6:30-10:30 while waiting on the flight to Orlando, I ate and drank 4 glasses of wine. I still have gotten any sleep. My flight did not leave until 10:20 pm. I arrived, was allowed on, and sat down glad to have an opportunity to sleep. That would not happen. The FA said to come with her. I complied. The staff at the desk told me that I stumbled therefore I could not get on the plane. I hadn't been belligerent, aggressive, or bothered anyone. I argued with him for a moment. He had already called the police. I left the vicinity. The staff said my ticket would be refunded in 5-7 business days. I had only $130 and other tickets were running at min $400. I sat in the Seattle Airport all night because nothing was open and I did not know what to do. Staff saw me again Thurs. am, again with no sleep, and again called the cops on me, assumingly because he decided that I was not to be on the premises. I answered to the police that I had had a ticket, that I had a right to be there, and I would appreciate them not bothering me. I called Customer Service. No assistance. I went to the Alaskan CS Desk and spoke with Anthony. He was very helpful. Derrick, his Supervisor, very professional, said that he could not override the decision to allow me to fly with Alaska Airlines due to what that staff wrote in his report - I had harassed staff & become aggressive with the police, which is clearly not true if you review the camera footage I asked where I should stay and Derrick told me anywhere it did not interfere with their employment. Of which I agreed, stating that I had not done that previously. I told Derrick that he needed to tell his employee to stop calling the police on me. Due only to borrowing money from my 82 year old mother, I finally arrived at MCO airport at 10:30 am Fri am . I went to get my baggage CS They were locked. I called Alaska Airline CS again and was told that I would have to wait until 2:30 pm. At 2:45 pm there was still no employee there.",alaska-airlines,no,1,seattle_to_orlando_via_eugene,17-10-23,october_2023,Trip Verified,Mendeley/Skytrax Airline Review Data.xlsx,"Manually checked from strict 390-candidate extraction from the 64,740-row Skytrax airline review dataset.",8,priority_review_likely_violent_aggressive,"aggressive or abusive language; harassment, humiliation, racism, or discrimination language; police/security conflict or intervention context; staff/passenger conflict with aggression/abuse context",,"""I could not get on the plane""",solo_leisure,economy_class
REAL-VA-009,yes,violent_aggressive,high,"explicit threat in airline/security/staff context; police/security conflict, intervention, detention, removal, or threat context",assistant_manual_check_completed,14,3,direct_threat; physical_violence; staff_passenger_conflict,"There were problems even before we boarded. We were supposed to board at 7:15p.m. but the plane hadn't even arrived at the gate. Communication between Virgin Australia and customers were laughable. We were not told of any delays until we were told it was time to board. It seems that to prevent negative advertising, the company did not use Sydney airport's PA system for fear of other travellers hearing and instead told us the delay on the aircraft. What is the use of mentioning a delayed boarding after the passengers have already boarded? As if the delay wasn't enough, the flight attendants were frustrated throughout the journey. They pushed the drink trolley around so fast that I did not have time to even flag them down for a cup of water! When we landed, the flight attendant on the microphone told us in a threatening manner that as customs shuts down their computers at 3am, we would need to hurry as we only had 25 minutes to disembark, go through border security and leave the airport. The way she was speaking, it was as if it was our fault the flight was delayed in the first place. My first flight with Virgin Australia was a bad one and I will not fly them again - unless their tickets are as cheap as this flight.",virgin-australia,no,4,syd_to_chc,16-10-16,september_2016,Verified Review,Mendeley/Skytrax Airline Review Data.xlsx,"Manually checked from strict 390-candidate extraction from the 64,740-row Skytrax airline review dataset.",9,priority_review_likely_violent_aggressive,direct threat/threatening language; physical violence or assault/fight language; staff/passenger conflict with aggression/abuse context,,"""I will not fly them again""",family_leisure,economy_class
REAL-VA-010,yes,violent_aggressive,high,explicit threat in airline/security/staff context; reported physical confrontation or violence-related act,assistant_manual_check_completed,14,3,direct_threat; physical_violence; staff_passenger_conflict,"Last minute trip booked for a family of 4 (2 adults, 2 children, 6 yrs and 2 yrs). Was originally scheduled to fly back to MEL from HK but had to double back to Shanghai and Cathay did not have any available flights to MEL til 12/1/19. Had to settle with China Eastern Airlines as they flew direct to MEL. MU739 was due to depart SH at 12:20am on 5th Jan. By the time we reached the gate, we had already been awake for 22 hours (funeral was on the morning of 4th Jan). Was advised by ground staff at gate to bring stroller onto bus and give to ground staff on tarmac to ensure it is taken on board. There was no airline employee on tarmac when the bus arrived next to the plane, either to control foot traffic or to receive my stroller. Most passengers crowded onto the staircase leading to the entrance of the plane, the bitter cold and wet weather did not help matters. China Eastern Airlines has a policy of re-scanning boarding passes right before boarding the plane (to avoid abscondees?) which they decided to carry out half way up the covered staircase, in turn creating a bottleneck situation with more than half of the bus passengers left on the tarmac exposed to the cold and rain. I had no choice but to carry the folded stroller, along with carry-on luggage and trying to hold on to my 6 yr old daughter, up the slippery and over-crowded staircase. She slipped and fell 3 times along the way. While I was complaining to a flight attendant, the Cabin Manager intervened and accused me of being disrespectful and threatened to throw me off the flight. The cabin manager took all of my criticisms of the airline's practices as personal attack and insisted that I was insulting him. I attempted to de-escalate the situation by going to my seat but he blocked the passage way and shoved me when I tried to go past him. I did not make any further contact with him after I found my seats. 15 minutes later, ground security approached me, to ask me to leave the flight. I tried to appeal to the Captain of the plane but was told that my emotional state posed a safety concern for the rest of the passengers and that an apology to the cabin manager could have rectified the situation but it was too late. My request for an interpreter was denied; we were given 1 minute to decide whether I leave on my own or together as a family; airline staff promised there would be assistance available back at the departure gate. However, we discovered there was no one to assist us, apart from two lowly ranked employees who brought our checked-in luggage. We ended up being stranded at Shanghai airport for 20 hours until the next available CE flight as the airline refused to refund me the airfare or transfer us to a different airline. I spoke to no fewer than a dozen CE staff at the airport and on the customer service helpline, no one acknowledged the desperate situation we were in. As this was a last minute trip to attend a funeral service, we did not carry much Chinese currency on us (Currency exchange was also closed), local sim card to make phone calls for external assistance. Since this incident, I have followed up on average twice a day with CE. To date, all I have received are broken promises (to call within x hours) and hand-balling of my complaint.",china-eastern-airlines,no,1,shanghai_to_melbourne,18-01-19,january_2019,Trip Verified,Mendeley/Skytrax Airline Review Data.xlsx,"Manually checked from strict 390-candidate extraction from the 64,740-row Skytrax airline review dataset.",10,priority_review_likely_violent_aggressive,direct threat/threatening language; physical violence or assault/fight language; staff/passenger conflict with aggression/abuse context,,"""ask me to leave the flight""",family_leisure,economy_class
REAL-VA-011,yes,violent_aggressive,high,reported physical confrontation or violence-related act,assistant_manual_check_completed,14,3,direct_threat; physical_violence; police_security_conflict,"I'm a multi-million miler, and I'd be hard pressed to think of a worse experience than 15 hours on Air India. Not all of it is the airline's fault--but if you connect from a domestic flight to leave from Delhi, you go through seven different ID and security checks before getting on the plane: everything from accessing the terminal to accessing the gate, each has its own separate security inspection. I'm not sure what terrible people they believe would pose a threat to an airline which needs no help falling apart. At the gate. We were delayed several hours for reasons unknown and unexplained. When we did board, there was immense disappointment. The seat cushion at my seat was clearly from a regional aircraft and did not fit the seat, It covered maybe 75% of the seat area, and the rest of me was sitting on the gap or directly on the metal seat frame. The entertainment system was non-functional. A 15 hour flight, and it was broken. But whatever, it's 4AM and we've been waiting almost four hours to leave. It's time to push back. And we're back to the gate. At least the pilot checked to see if we had fuel before taking off. Because apparently we didn't have enough. And refueling took another 40 minutes. That hardly seems like a top up because we idled the engines for too long. And now we're finally on our way. The food served was...pretty dreadful. The cabin crew did their best, but the condition of the aircraft wasn't their fault. However, the cleanliness of the aircraft was indeed their responsibility. By midflight, all but one lavatory had run out of toilet paper and paper towels. The one lavatory which hadn't run out of paper had an actual hole punched in the bottom of the toilet, and was covered in human waste as it could no longer flush. It was probably the most disgusting thing I'd ever seen, and even worse, there were no alternatives--waiting another 6 hours wouldn't end well for me. The ironic thing is that the inflight maps show the locations of famous shipwrecks as you fly over them--which serves as a reminder that there are some journeys that actually are worse than flying Air India. Change here needs to start from the top, and run through this organization like an avalanche. They'll need years of good reviews and quality results before I'd consider them again, but I don't think they'll have that luxury.",air-india,no,1,delhi_to_washington,28-03-19,february_2019,Trip Verified,Mendeley/Skytrax Airline Review Data.xlsx,"Manually checked from strict 390-candidate extraction from the 64,740-row Skytrax airline review dataset.",11,priority_review_likely_violent_aggressive,direct threat/threatening language; physical violence or assault/fight language; police/security conflict or intervention context,routine_security_check,"""it's going to be worse""",business,economy_class
REAL-VA-012,yes,violent_aggressive,high,"explicit threat in airline/security/staff context; police/security conflict, intervention, detention, removal, or threat context",assistant_manual_check_completed,14,3,direct_threat; physical_violence; police_security_conflict,"The luggage of a good portion of the passenger however did not arrive. Resulted in long lines/long wait to enter a claim for the lost luggage. This can happen, 4 days later I finally have my luggage. This was the easy part of my travel. Return flight Munich to Reykjavik to Washington. I checked in and was at the boarding gate more than 2 hours before departure. Flight was a little delayed. During boarding I was told to step aside with no explanation. Plan was boarded, and my inquiries about what is going on was rudely pushed aside and threatened with security. Boarding finished and the plane with my luggage left without me. Now the attended took the time to find out what was going on. A Icelandair staff rebooked me without my consent on another flight and another Airline (Lufthansa) from another terminal. No explanation was given on why and how could that be. No one thought about letting me know, even though I was checked in and sitting at the boarding gate for more than 2 hours. Everybody confused at this point. Plane is leaving in 45 min. How to get me there, through security etc. I was checked in to the Lufthansa flight via phone, but otherwise no help was given except showing me the walkway to the other end of the terminal and the gate location (gate 22 or so where the bus would take me to terminal 2). I was told to better run otherwise I would miss this flight. Running down that hallway turned out to end up at a restricted area, was rerouted by a security officer, finally arriving at the given gate for the bus only to find a sign that stated the bus is no longer leaving from there. Needed to go half way back to gate 8, finally waiting for the bus, making it to terminal 2, making it through the checkpoints and getting to the last one for LH only to be told they can't let me through, my flight just left. Now being told to go to LH Customer Service, arriving sweating, shaking and exhausted (LH Staff is great, arranging for the next flight out on United Airlines, arranging for a Hotel for the night (paid via Islandair- small token), they took care off all the communication with Iceland air. They told me how to get best back to Terminal one to yet again file a lost baggage claim with Icelandair as my luggage went with my original flight without me (against security regulations). Finally get on the United Airline flight the next morning, however, arriving yet again without luggage. I filed a claim two weeks ago, for reimbursement of expenses due to continued lost luggage and partial reimbursement of my original flight (as it is against passenger protection to rebook after check-in without passengers consent). All I have on a response so far is an automated response that the claim has been received. Via phone I am told I can't speak to a Customer Service Representative in regards to my claim and that the claim has not yet been assigned. Promises of a response so far have been broken.",icelandair,no,1,munich_via_keflavik,19-05-17,april_2017,Verified Review,Mendeley/Skytrax Airline Review Data.xlsx,"Manually checked from strict 390-candidate extraction from the 64,740-row Skytrax airline review dataset.",12,priority_review_likely_violent_aggressive,direct threat/threatening language; physical violence or assault/fight language; police/security conflict or intervention context,routine_security_check,"""Promises so far have been broken""",solo_leisure,economy_class
REAL-VA-013,yes,violent_aggressive,high,"explicit threat in airline/security/staff context; staff/passenger aggressive, abusive, harassing, humiliating, racist, or discriminatory conduct",assistant_manual_check_completed,14,3,direct_threat; physical_violence; staff_passenger_conflict,"Silver Airways is the absolute worst airline I’ve ever flown. I have an expensive carry on bag that I always travel with. I was allowed to bring it on plane on original flight. On the return flight, an extremely rude and unprofessional flight attendant forced me off the plane to give ground crew my bag. Another gentleman entered the plane with the same bag and told me just to put my purse in my duffel carryon bag. I tried but she wouldn’t let me off the plane and wouldn’t offer to ask the ground crew to bring it to me. Then she came back to my seat and threatened to kick me off the plane in an extremely confrontational manner because she said I called the baggage handler a name. That never happened! There was no reason to be upset with him. I had no issue with him. Completely made that up to throw her weight around! All of that and there were empty compartment bins all over the plane. Worse than that is the condition of the planes. Felt and sounded like riding in a tin can. Pieces were broken off inside the plane and bathroom light was broken. Told to use our flashlight on our phones to see in bathroom.  Steer clear of this low budget, high priced airline with extremely unprofessional employees abusing their power! There were people who had been waiting over 8 hours for flights in terminal and none of the employees could tell you an accurate status for your flight. My departure time changed 6 times in one hour fluctuating from 1-3 hours late!",silver-airways,no,1,key_west_to_tampa,10-07-19,july_2019,Trip Verified,Mendeley/Skytrax Airline Review Data.xlsx,"Manually checked from strict 390-candidate extraction from the 64,740-row Skytrax airline review dataset.",13,priority_review_likely_violent_aggressive,direct threat/threatening language; physical violence or assault/fight language; staff/passenger conflict with aggression/abuse context,,"""absolute worst airline""",business,economy_class
REAL-VA-014,yes,violent_aggressive,high,"explicit threat in airline/security/staff context; reported physical confrontation or violence-related act; police/security conflict, intervention, detention, removal, or threat context",assistant_manual_check_completed,14,3,direct_threat; physical_violence; police_security_conflict,"This caused us to lose an entire day and we paid for excursions that couldn’t be refunded. My Mom, sister, and I were going on the trip of lifetime to Barcelona. We boarded the plane in Philadelphia and sat on it for two hours before we had to get off after two hours. We were told there was multiple failures. How were we even able to board? We got off the plane with no instructions. We were supposed to get our meal/dinner on the plane and they gave us a $12 meal voucher so we could get a bag of Cheetos in the airport - LOL! At that time most of the restaurants were not serving food any longer. They provided us with a hotel and shuttle service. The hotel left much to be desired and we ended up getting an Uber because the line was so long to get a shuttle. We also found out that a flight to Paris was also cancelled. The next day we came back we sat in an area and left our travel pillows and a set of crutches in a back seating area. We grabbed lunch and came back to the area with a flight attendant sitting there. She said those were her pillows and we couldn’t sit there. We asked why and she said it was for crew. I asked why we couldn’t sit there because there was no signage for indicating we couldn’t sit there. She asked if I knew I was talking to and I said are you an employee. She said yes and I asked her name. She threatened to call security. Mind you I am in a wheelchair. I told her go for it! I can’t go anywhere fast. She eventually left the area and everyone around us thought she was totally inappropriate. I will definitely consider this experience as we consider flying in the future.",american-airlines,no,1,philadelphia_to_barcelona,23-09-23,september_2023,Not Verified,Mendeley/Skytrax Airline Review Data.xlsx,"Manually checked from strict 390-candidate extraction from the 64,740-row Skytrax airline review dataset.",14,priority_review_likely_violent_aggressive,direct threat/threatening language; physical violence or assault/fight language; police/security conflict or intervention context,,"""most disappointing experience""",family_leisure,premium_economy
REAL-VA-015,yes,violent_aggressive,high,explicit threat in airline/security/staff context; reported physical confrontation or violence-related act,assistant_manual_check_completed,14,3,direct_threat; physical_violence; staff_passenger_conflict,"My father-in-law, died Saturday might in Philippines. Monday morning after 24 hours of non-stop preparation we arrived at the American counter at 4 am, 3 hours early for our flight. We were scheduled to fly from Baltimore to Dallas to South Korea to the Philippines. We got to the baggage checkin and were suddenly told we needed to book a return flight to board the plane to Dallas. With 25 minutes to spare before baggage check-in closed we scrambled and booked a return flight. We took the three hour flight to Dallas. We headed to our gate once in Dallas and were paged on the way there. We arrived at 10:23 am at gate D23 where the American Airlines agent hurriedly told us we would be denied boarding. She provided a printout that showed we wouldn't be allowed in to the Philippines. In fact on further review the print-out showed that while I might not be able to go, my wife who had been born in the Philippines should be able to go. But in her excited state the agent repeatedly showed us the printout and claimed it was cause to deny us passage. My wife was very distraught at this news. She wanted to get home to say goodbye to her Dad. He had suffered through illness for a decade and one of the only comforts we were hoping for was to be with family. My wife pleaded with the agent and at one point she said ""How do I know if your Dad really died?"" When I spoke to the agent she turned the conversation to how hard her job was.  She said she found me ""threatening"". Exasperated I said an emphatic ""Thank You"" and walked to my wife who was crying and inconsolable against a wall. The agent did inform us that if we provided my wife's birth certificate she may be able to board. Through family in the Philippines and friends in Maryland we were miraculously able to come up with the birth certificate electronically. When we provided it, she refused us boarding again. After composing ourselves we had to go to the adjoining Gate D24 to find an American Airlines agent. At that gate at about 11:30 a.m. American Airlines agent said she would give us tickets back to Baltimore as the fair exchange for not going to the Philippines. When we boarded that flight the ticket agents told us that what they had given us were not actually tickets, but they didn't explain what they were. We got home by 10 p.m. the same day. I called American Airlines the next day, NC Office said there ""Was nothing they could do to help."" and only referred me to a different number and website. She said I could use the email at the website and expect a response in two weeks. If I didn't get I response I could only try writing again. There is no way to connect with American Airline leadership. They are hidden behind an internet firewall. American Airlines wants us to pay $1000 for the flight to and from Dallas-Fort Worth. They took no responsibility for what happened. or how we were treated. This doesn't look right to us so we are fighting it.",american-airlines,no,1,baltimore_to_seoul_via_dallas,04-09-20,august_2020,Trip Verified,Mendeley/Skytrax Airline Review Data.xlsx,"Manually checked from strict 390-candidate extraction from the 64,740-row Skytrax airline review dataset.",15,priority_review_likely_violent_aggressive,direct threat/threatening language; physical violence or assault/fight language; staff/passenger conflict with aggression/abuse context,,"""took no responsibility for what happened""",couple_leisure,economy_class
REAL-VA-016,yes,violent_aggressive,high,"explicit threat in airline/security/staff context; police/security conflict, intervention, detention, removal, or threat context; yelling/screaming/shouting in staff/passenger conflict",assistant_manual_check_completed,14,3,direct_threat; physical_violence; staff_passenger_conflict,"The man in seat in front of me was in row 1 of first class (It was a very tiny plane and the upgrade was only $59 so I was treating myself). Passenger 1 was jovial and talkative and showed me a paper cutout of ""Flat Stanley"". (http://www.flatstanleyproject.com/) He was taking photos and videos of Stanley everywhere for his 6yr old daughter. While we were waiting to leave the gate, I heard him talking and asked if he was talking to Flat Stanley. He said that no, he was taking a video of him on the plane for his daughter. One of the stewardesses yelled at him to shut it off. He asked why and explained that he was videoing this doll for his daughter. She was rude and demanding and made him shut off the camera saying he was not allowed to video staff. (Is that even a thing? I can't imagine it's a thing). The passenger complied but was talking to us other passengers and commenting when she was around that she was violating his rights and she might not have a job after he talked to the airline. I said she was probably having a bad day and he should just let it go. When we landed, the doors did not open. A man came up from the back of plane. He was dressed plainly. (jeans and a long sleeved t-shirt, I think it was.) I saw handcuffs hanging from his belt on the small of his back. He stepped into the cockpit with cranky stewardess and shut the door. The next thing I know, ""officer"" is demanding me to get out of my seat and making me stand in the aisle by the stewardesses. It is important to note that he did not identify himself to me or show me a badge. He ordered me around and informed Passenger 1 that he needed to sit there and me to wait. I asked the ""officer"" if he needed me as a witness because I saw it all and this was a horrible misunderstanding. He didn't want to talk to me and did not want my info. I could tell this was looking very bad for Passenger 1. I hastily wrote my name and number on a piece of paper from my purse and gave it to Passenger 1 and offered my help if he needed. When I was told I could deplane, Passenger 1 was still being held inside, He asked if he could take my picture so he could text it to his family so they could find me to let them know what was going on. When I deplaned there were police outside talking to the captain. Turns out, the stewardess said that Passenger 1 threatened her! I was shaking I was so angry at the lie and the injustice. I gave the officers my information and told them what happened. I waited in the airport and Passenger 1 finally came out. He was released and the officers told me all was dismissed. I cannot express strongly enough how angry and horrified I was that in United States of America, we were badgered and pushed around (By a man who did not even bother to identify himself) all because some American Airlines stewardess lied about a passenger and could have caused an innocent man to be on a do-not-fly list or worse, go to jail. To this day, I do not know Passenger 1’s name. He was a stranger to me. But he was unjustly detained and put at personal risk by American Airlines and I hope all is well with him today.",american-airlines,no,1,phoenix_to_yuma,28-02-18,january_2018,Trip Verified,Mendeley/Skytrax Airline Review Data.xlsx,"Manually checked from strict 390-candidate extraction from the 64,740-row Skytrax airline review dataset.",16,priority_review_likely_violent_aggressive,direct threat/threatening language; physical violence or assault/fight language; staff/passenger conflict with aggression/abuse context,,"""badgered and pushed around""",solo_leisure,first_class
REAL-VA-017,yes,violent_aggressive,high,explicit threat in airline/security/staff context; reported physical confrontation or violence-related act; yelling/screaming/shouting in staff/passenger conflict,assistant_manual_check_completed,14,3,direct_threat; physical_violence; staff_passenger_conflict,"We checked in online, had been through security early and waited at our gate. When we boarded, a gate attendant starting asking my husband a question about our carry on luggage but we could not understand her. She was telling us to go back up the tarmac to measure our bag to make sure it fit. We assured her it did we travel often. Another gate attendant proceeded to take the suitcase out of our hands and tell us we had to check it or we would have to take the next flight. I grabbed ahold of our bag as they started pulling it from me and told them I needed something out of it. They started yelling at us to board the plane. They kept yelling it won’t fit it won’t fit. It was such a bizarre interaction how they started threatening us the plane would leave without us and a flight attendant stood in the door and watched this unfold. Our seats were in row 13 and the entire overhead compartment above our seat was empty. The pilot came up to us and asked if there was a problem and I said yes they took our bags and said it wouldn’t have fit, there is plenty of room right here. He replied “I don’t see any bag.” From telling us we had “5 seconds” to board the plane and that they were going to put us on the next flight when we were still early boarding (and still sat on the plane for 15 minutes before take off) I honestly don’t know what the motive was except to attack us both verbally and physically by pulling my bag from me.",american-airlines,no,1,phoenix_to_minneapolis,25-11-17,november_2017,Trip Verified,Mendeley/Skytrax Airline Review Data.xlsx,"Manually checked from strict 390-candidate extraction from the 64,740-row Skytrax airline review dataset.",17,priority_review_likely_violent_aggressive,direct threat/threatening language; physical violence or assault/fight language; staff/passenger conflict with aggression/abuse context,routine_security_check,"""It was such a bizarre interaction""",couple_leisure,premium_economy
REAL-VA-018,yes,violent_aggressive,high,explicit threat in airline/security/staff context; reported physical confrontation or violence-related act; yelling/screaming/shouting in staff/passenger conflict,assistant_manual_check_completed,14,3,direct_threat; physical_violence; staff_passenger_conflict,"When getting in our seats my husband pulled down his mask to communicate to our children where to sit. The flight attendant immediately told my husband to put his mask on, which my husband did. My husband explained he was trying to help our children. The flight attendant then told us we were going to be a problem. This made us uneasy. Right after this another flight attendant started yelling at another passenger about their mask and threatened to extradite the man. At this point I had the worst feeling about the flight. We settled into the flight. My children were doing great and were behaving the best they had on any flight. My son's mask was a little loose. I had given him the 32 degree masks from Costco and they slip. The flight attendant reminded my son to pull up his mask, which he did. Not too long after the flight attendant came to me and told me he had reminded us a lot to put up our masks. My husband told him it had only been two times. The steward began to argue with my husband. I told the steward a firm thank you and he left. At this point I didn't dare rest my eyes. I kept checking my children's masks. My oldest sons mask did slip down again but I would hurry and make sure he had it up. Not once did we ever refuse to wear our masks. Not once were we unruly or trying to be a problem on the flight. We were in the last row of the plane right next to the flight attendant cabin. We could hear them talking bad about the passengers and how awful they were. They seemed really worked up. I then heard the steward say they might have law enforcement waiting for someone at the end of the flight. I heard another female flight attendant say, "" I didn't ask for that to happen."" He responded, ""Well it's done!"" In the back of my mind I was thinking is he talking about us? I quieted my fears and thought it must be the man they had threatened to extradite. By the conversations I was picking up in the back from the flight attendants it seemed like this particular flight attendant really enjoyed the power and was excited to watch seeing someone get kicked off. It was like he could use it at his next gathering of flight attendants where they could tell the crazy stories of what had happened to them. Not okay at the expense of a family just trying to get home with as little problems as possible. Well luckily it wasn't law enforcement, but it was Alaska Airlines employees who handed us a letter that said our connecting flight had been canceled and we are now banned from flying with Alaska Airlines. We tried to tell them that we had tried to comply and that it had been exaggerated, but they wouldn't even let us talk. So here we are a young family of 5, stranded in LA. The same day flights were all $1000 for each family member. We rode a bus to Enterprise who was all out of one way cars. Luckily, there was an amazing employee there. We told him what happened. He got us a van even though he knew he might get in trouble. Honestly, it healed my heart to see someone care after we were treated so badly. We then drove home and arrived safely the next day. All is well that ends well, except I thought this should be shared. I would never intrust Alaskan Airlines with the safety of my family again.",alaska-airlines,no,1,"liberia,_costa_rica_to_salt_lake_city_via_los_angeles",20-10-21,october_2021,Trip Verified,Mendeley/Skytrax Airline Review Data.xlsx,"Manually checked from strict 390-candidate extraction from the 64,740-row Skytrax airline review dataset.",18,priority_review_likely_violent_aggressive,direct threat/threatening language; physical violence or assault/fight language; staff/passenger conflict with aggression/abuse context,,"""I would never intrust Alaskan Airlines with the safety of my family again""",family_leisure,economy_class
REAL-VA-019,yes,violent_aggressive,high,reported physical confrontation or violence-related act; yelling/screaming/shouting in staff/passenger conflict,assistant_manual_check_completed,14,3,physical_violence; staff_passenger_conflict; weapon_terror,"I've never seen such shambles in my life. We were flying with our two 8 month old twins and 10 year old son. When we got to Johannesburg airport we already done online check in so just went to check out bags in. We waited right in front of the queue for a half hour because staff didn't know what they were doing then finally we got helped, it took the women another half hour to just check our bags in then she got all worried then told us she made a massive mistake, she put the previous passengers name tags on our bags so she had to change all the name tags. However, 2 bags were already sent down so she said she will go and change those tags. We quickly went to say goodbye to family and rushed through because we were running late due to the bag situation. While standing in the queue for ages at passport control one of the staff came and shouted at us because we holding the flight up I explained to her it was due to their incompetence we were late not ours - she rudely rushed us to the gate and saying one of our bags is at suspicious bags because there's a toy gun or aerosol can in it - neither of those items in it. When we got to the gate 15 mins before departure we were rudely spoken to by the other staff saying that we were kicked off. One of the staff members walked us to get our bags and out of departures lounge to rebook our flight. Then they realise that they put our tags on someone else's bags so two of our bags was missing, and other passengers wouldn't have their bags either. After 3 hrs of trying to locate our bags they finally decided that they think that our bags were on the flight to London. When rebooking our flight for the next day, they wanted to charge us an extra £500 per adult even though it was their fault we missed our flight. After speaking to the supervisor she said the only thing she can do to help us is only charging us a no show fee that was still £160. The next day got to the airport they said they've got us on the stand by 13:50 flight to Dubai so we will have 9 hrs transit in Dubai. When we got to Dubai we had to get our boarding passes for the next flight only to realise then that the staff at Johannesburg decided not to book our 2 infants on the next flight - luckily the staff at Dubai was helpful and helped us to book them on to the flight. The last straw was when our pushchair went missing due to Johannesburg staff incompetence again.",emirates,yes,5,johannesburg_to_london_via_dxb,26-08-15,august_2015,,Mendeley/Skytrax Airline Review Data.xlsx,"Manually checked from strict 390-candidate extraction from the 64,740-row Skytrax airline review dataset.",19,priority_review_likely_violent_aggressive,physical violence or assault/fight language; staff/passenger conflict with aggression/abuse context; weapon/terrorism-related term,,Emirates customer review,family_leisure,economy_class
REAL-VA-020,yes,violent_aggressive,high,"explicit threat in airline/security/staff context; police/security conflict, intervention, detention, removal, or threat context",assistant_manual_check_completed,13,3,direct_threat; police_security_conflict; staff_passenger_conflict,"The take-off was planned at 00:55am. At 00:00, the person who was taking care of our checking checked our passports and printed our 3 boarding passes. He then asked my friend to show his return ticket to his home country. According to him, this was required as my friend had a business visa expiring in less than 6 months. From 00:00 to 00:30am, we literally begged Sri Lankan employees to provide us an internet access in order to show the required ticket. Moreover we were not able to use the airport wifi as the connexion was too slow. None of the employees helped us in any way. The trainee in charge of our check-in kept on asking us to wait 5 mn for his help, while taking care of the other customers, without finally helping us in any way to solve the situation. His manager was also present, and literally ignored our request. He even threatened us to call the airport security and to throw us out of the airport as we were becoming really worried and helpless. Eventually, I managed to load the ticket of my friend on my own phone, and showed it at 00:30am to the employee. He then replied back that the gate was already closed and didn't let us proceed to the boarding, though we still had 25 mins before flight take-off. We therefore had to change our three tickets for the next flight, paying extra charges, and waiting from 00:55am to 7:20am in the airport. SriLankan Airlines staff made us miss our flight for no valuable reasons. We tried raising a complaint, but they refused to take any action to compensate us.",srilankan-airlines,no,1,cmb_to_maa,12-09-16,august_2016,Verified Review,Mendeley/Skytrax Airline Review Data.xlsx,"Manually checked from strict 390-candidate extraction from the 64,740-row Skytrax airline review dataset.",20,priority_review_likely_violent_aggressive,direct threat/threatening language; police/security conflict or intervention context; staff/passenger conflict with aggression/abuse context,,"""made us miss our flight""",family_leisure,economy_class
REAL-VA-021,yes,violent_aggressive,high,"explicit threat in airline/security/staff context; police/security conflict, intervention, detention, removal, or threat context",assistant_manual_check_completed,13,3,direct_threat; police_security_conflict; staff_passenger_conflict,"We had been contacted via email the previous night while we were sleeping. Although it was heart breaking to miss a whole day of being in Australia since we were only going for the weekend for a wedding. We were grateful that we were able to be scheduled on a night flight via JetStar the same day. However, this review is to provide feedback on the staff that was on duty to provide other options for us customers whose flight were delayed that morning. It was a long que and everyone were waiting patiently despite the lack of sleep and change of plans. It was disappointing to view that the staff kept on cutting corners in serving his own people in which we witnessed a total of three (not travelling together) before we got served. None of these customers stood in the que and walked straight to the desk and chatted with the staff in their own language. Fed up, another had walked to the counter just when we got there and one of us told him to go to the back of the line in which the staff stated that we needed to calm down and threatened us with calling security. We left it as it is because we were desperate to get on a flight that day as we did not want to miss the wedding altogether. Hopefully staff gets taught about fairness and it is not about cutting corners with your own people.",jetstar-airways,no,5,,12-05-23,april_2023,Not Verified,Mendeley/Skytrax Airline Review Data.xlsx,"Manually checked from strict 390-candidate extraction from the 64,740-row Skytrax airline review dataset.",21,priority_review_likely_violent_aggressive,direct threat/threatening language; police/security conflict or intervention context; staff/passenger conflict with aggression/abuse context,,"""staff kept on cutting corners""",family_leisure,economy_class
REAL-VA-022,yes,violent_aggressive,high,"explicit threat in airline/security/staff context; police/security conflict, intervention, detention, removal, or threat context; yelling/screaming/shouting in staff/passenger conflict",assistant_manual_check_completed,13,3,direct_threat; police_security_conflict; staff_passenger_conflict,"On arriving at Sydney T2 we found that we couldn't check in until 2 hours before the scheduled 15.20 departure. This meant trying to find somewhere to sit in a heavily overcrowded departure lounge while guarding our luggage. The preferred method of checking in seemed to be using one of a row of machines which very efficiently printed our boarding cards and luggage labels. But when we went to the ""Bag Drop"" we were told to wait at the back of the queue. I'm still not sure if everybody in front of us had already checked in at the machine or not. The Jetstar staff member at check-in weighed our 4 hold cases. We'd paid for four x 20 kgs, but all of them only came to 70 kgs. We knew we were allowed 7 kgs per person for hand luggage. When we were asked to redistribute 2 kgs. weight from one case into other pieces of hand luggage which were underweight, we were shocked. We were 10 kgs under on hold baggage! A little common sense would show that we'd already paid more than enough for extra luggage. We'd flown Tigerair from Melbourne to Sydney and their luggage policy seemed far more reasonable - same weight restrictions but as long as the total does not exceed your limit it doesn't matter how it is distributed. Onboard we had serious problems with fellow passengers. We were seated together 27C my wife, 27D myself, 27E my daughter's boyfriend and 27F my daughter. There were 7 men aged 28-35ish seated 25C,D,E,F and 26D,E and F. They were very boisterous from the start, shouting and swearing at each other. Then they ordered beers repeatedly until one of the attendants refused to serve them more alcohol. They became more rowdy and then the one in 26F dropped a can of beer which rolled against my daughter's handbag. When she drew his attention to this they rounded on her giving her ""the finger"". I told them to be careful and they called me a ""rat"". The attendant came and asked them to calm down but it was having no effect. The ringleader appeared to be in 25F. He pressed the call button and told the attendant that I was annoying him by ""reading too loud"" he could ""hear my thoughts"". He looked at me and put his forked fingers to his eyes and then pointed them at me, in true Hollywood gangster style! I felt threatened and concerned for my family's well being. I was worried that they'd all come up to us at the baggage claim. As it happened the only thing was that 25F ran past and bumped into my arm on purpose. I feel the cabin crew allowed this situation to escalate. The entire rear of the plane had to put up with this childish behaviour for three hours. They even shouted at infants to 'Shush"". The staff should have threatened them with calling ahead to Cairns Airport Police to be waiting. This may have served to quieten them down.  Why can't Jetstar allow check-in earlier than 2 hours? I know I have done it with other airlines and it cuts down the queuing tremendously. Why don't Jetstar adopt a total weight luggage policy and show clearly if baggage drop is operational? Why didn't Jetstar cabin crew take sterner action with these 7 troublemakers?",jetstar-airways,no,1,sydney_to_cairns,07-09-15,september_2015,,Mendeley/Skytrax Airline Review Data.xlsx,"Manually checked from strict 390-candidate extraction from the 64,740-row Skytrax airline review dataset.",22,priority_review_likely_violent_aggressive,direct threat/threatening language; police/security conflict or intervention context; staff/passenger conflict with aggression/abuse context,,"""take sterner action with troublemakers""",family_leisure,economy_class
REAL-VA-023,yes,violent_aggressive,high,"explicit threat in airline/security/staff context; police/security conflict, intervention, detention, removal, or threat context",assistant_manual_check_completed,13,3,direct_threat; police_security_conflict; staff_passenger_conflict,"I wish I could give this airline and  their airport staff a zero-rating. Horrible experience. Plane was late and I missed my connection. At the airport, I had to struggle for hours before they agreed to put me on another flight. Airport staff was unable to communicate in English and was extremely rude. They repeatedly threatened customers protesting at the counter to call the police. I reached my final destination 12 hours after my scheduled arrival. To top this all, Turkish refused to refund my flight or grant any kind of compensation, as ""they are not part of the EU"" so they're not bound to EU rules. Outrageous. Never more with Turkish.",turkish-airlines,no,1,singapore_to_catania_via_istanbul,17-08-19,december_2018,Not Verified,Mendeley/Skytrax Airline Review Data.xlsx,"Manually checked from strict 390-candidate extraction from the 64,740-row Skytrax airline review dataset.",23,priority_review_likely_violent_aggressive,direct threat/threatening language; police/security conflict or intervention context; staff/passenger conflict with aggression/abuse context,,"""unable to communicate in English""",solo_leisure,economy_class
REAL-VA-024,yes,violent_aggressive,high,"explicit threat in airline/security/staff context; police/security conflict, intervention, detention, removal, or threat context",assistant_manual_check_completed,13,3,direct_threat; police_security_conflict; staff_passenger_conflict,"We arrived to the door 10 minutes before departure and they refused to do anything to help although the flight was visibly there. I tried to explain that gates had changed last minute so upon notice I ran to the right gate next to where we had been waiting. The attendants were extremely rude. I genuinely wish I’d gotten their names. They refused any help at all and called the police on us when we were trying to get answers as to why this police is so strict unnecessarily. I had to book another flight AND a return flight because the “no show” policy cancelled both flights. I tried to call on the phone, and talk in-person and they brushed me off and didn’t take it upon themselves to resolve the issues in any way. When trying to book another flight they completely threatened to call the police again because we were demanding to speak to a supervisor urgently! One of the ladies in the front desk on the ITA Airways in Rome did this. She said “If you need the police here again, I will call them”. I felt horrible to say the least. I will never fly with them again.",ita-airways,no,1,rome_to_paris,25-09-23,september_2023,Trip Verified,Mendeley/Skytrax Airline Review Data.xlsx,"Manually checked from strict 390-candidate extraction from the 64,740-row Skytrax airline review dataset.",24,priority_review_likely_violent_aggressive,direct threat/threatening language; police/security conflict or intervention context; staff/passenger conflict with aggression/abuse context,,"""arrived to the door 10 minutes before departure""",couple_leisure,economy_class
REAL-VA-025,yes,violent_aggressive,high,"explicit threat in airline/security/staff context; police/security conflict, intervention, detention, removal, or threat context",assistant_manual_check_completed,13,3,direct_threat; police_security_conflict; staff_passenger_conflict,"After being removed from a cancelled flight, the same baggage we had on our initial flight was refused on our rescheduled flight by the AC floor manager Vassili. Terrible people skills, no compassion, and very inconsistent rules for each bag and passenger. When I became frustrated with this, Air Canada threatened to call security on myself. No support or information given. Air Canada is all take and no give. Choose any other airline if at all possible.",air-canada,no,2,ottawa_to_toronto,05-08-23,august_2023,Not Verified,Mendeley/Skytrax Airline Review Data.xlsx,"Manually checked from strict 390-candidate extraction from the 64,740-row Skytrax airline review dataset.",25,priority_review_likely_violent_aggressive,direct threat/threatening language; police/security conflict or intervention context; staff/passenger conflict with aggression/abuse context,,"""very inconsistent rules""",family_leisure,economy_class
REAL-VA-026,yes,violent_aggressive,high,"explicit threat in airline/security/staff context; police/security conflict, intervention, detention, removal, or threat context",assistant_manual_check_completed,13,3,direct_threat; police_security_conflict; staff_passenger_conflict,My dad was supposed to be home yesterday but his flight was cancelled and he had to spend the night at the airport. The phone lines had very long holds of over and 90 minutes if you could actually get through. After waiting an hour and a half on hold my mom was disconnected. Rather than teaching staff how to deal with tired and frustrated people waiting they simply sent in armed security guard and threatened to arrest anyone who was rude to Air Canada staff. I just want my dad to be home. I am still waiting for him.,air-canada,no,1,barcelona_to_vancouver_via_montreal,01-07-19,june_2019,Trip Verified,Mendeley/Skytrax Airline Review Data.xlsx,"Manually checked from strict 390-candidate extraction from the 64,740-row Skytrax airline review dataset.",26,priority_review_likely_violent_aggressive,direct threat/threatening language; police/security conflict or intervention context; staff/passenger conflict with aggression/abuse context,,"""flight was cancelled""",business,economy_class
REAL-VA-027,yes,violent_aggressive,high,explicit threat in airline/security/staff context,assistant_manual_check_completed,13,3,direct_threat; harassment_discrimination; physical_violence,"They woke me up to put my mask over my nose. I went back to sleep and it happened again. After being harassed by not one but 3 flight attendants, they had a red coat pull me aside once we landed and barade me some more. They even threatened to kick me off of the next flight if I didn't sit there and take it. I'm comfortable with the fact that I will never fly with them again. I knew I should have flown on Southwest.",delta-air-lines,no,1,kansas_city_to_ft._lauderdale_via_atlanta,22-02-22,february_2022,Not Verified,Mendeley/Skytrax Airline Review Data.xlsx,"Manually checked from strict 390-candidate extraction from the 64,740-row Skytrax airline review dataset.",27,priority_review_likely_violent_aggressive,"direct threat/threatening language; harassment, humiliation, racism, or discrimination language; physical violence or assault/fight language",,"""I will never fly with them again""",couple_leisure,economy_class
REAL-VA-028,yes,violent_aggressive,high,"reported physical confrontation or violence-related act; staff/passenger aggressive, abusive, harassing, humiliating, racist, or discriminatory conduct",assistant_manual_check_completed,13,3,direct_threat; harassment_discrimination; physical_violence,"I am taken aside for ""random"" screening where I am essentially strip searched. I am told by the strip searcher that this has nothing to with Jamaica security and ordered by the airline. After the delay I come aboard the plane and tell the flight attendant that your airline has some nerve. Harassing a trusted traveler (or frankly anyone) with a strip search. I was quite angry and was told to sit down and shut up (not literally) or I will be removed from the plane. I sit down very angry talking with the wife. The attendant then goes to get her supervisor who I to throw me off the plane and remove my bag. The pilot was very approving as well.  I was thrown off the plane and told to take a flight many hours later (somehow I would not be a terrible threat to another crew from the same airline on the same day, go figure!) though my wife was welcome to go and the bag will be sent with her as she needed it as well. Of course that did not happen. The bag was kept at the airport and slow rolled to me so I would have trouble rebooking on a non garbage airline. I was handed an orange ""bad boy warning"" after I was kicked off the plane and humiliated twice in the span of 20 minutes publicly by this excuse of an airline. Of course the warning requirement is by definition supposed to be given before one is kicked off a flight. They make the announcement ""if you don't listen to us we will not (take your money to) let you fly with us. The gate agents were not much better. But then again they also get paid at the end of the week regardless so. Fly anyone else but this airline if you are lucky enough to live in a non monopolistic region",jetblue-airways,no,1,montego_bay_to_new_york_jfk,21-01-22,january_2022,Trip Verified,Mendeley/Skytrax Airline Review Data.xlsx,"Manually checked from strict 390-candidate extraction from the 64,740-row Skytrax airline review dataset.",28,priority_review_likely_violent_aggressive,"direct threat/threatening language; harassment, humiliation, racism, or discrimination language; physical violence or assault/fight language",,"""thrown off the plane""",family_leisure,economy_class
REAL-VA-029,yes,violent_aggressive,high,"explicit threat in airline/security/staff context; police/security conflict, intervention, detention, removal, or threat context",assistant_manual_check_completed,13,3,direct_threat; police_security_conflict; staff_passenger_conflict,"Every time I fly it's with the same roller board and the same boot bag for my tall boots (I train horses). Both items are always carried on no problem, the one goes over head and the boots under the seat - except tonight. I was stopped before going through security and told my roller bag was too big. I went to their kiosk across from security where it tuned out the Mobile boarding pass scanner wasn't working so he entered my info twice manually before deciding his system didn't work and I had to go to the desk. Annoyed I went around the corner and moved the jacket into my boot bag so the suitcase would fit in their bin. I went back to security where they didn't even ask to check the size of my bag but then told me my boot bag was too big. Keep in my my friend had gone through security with the same boot bag with her helmet attached to it not 5 minutes before and had not been stopped. Both the manager from United Airlines was incredibly rude as was the security staff. The manager threatened to not let me on the flight - all this over bags that easily fit on the flight and that had both been carried on all of my other United flights including the one to CA 3 days earlier. United is a highly short sighted company with a very poor customer service vision and corporate culture. They don't realize that by ruining a clients experience before they even get on the flight they breed a culture of rudeness. I am normally a model passenger - kind to other passengers, nice to the flight attendants, complimentary to the pilots - after this I have no reason to look at a United Airlines  staff member in the eye, clear my trays from the security line, or engage in any kind of pleasantries. I'll for sure be looking to avoid United travel in the future.",united-airlines,no,1,sfo_to_iad,06-10-15,october_2015,,Mendeley/Skytrax Airline Review Data.xlsx,"Manually checked from strict 390-candidate extraction from the 64,740-row Skytrax airline review dataset.",29,priority_review_likely_violent_aggressive,direct threat/threatening language; police/security conflict or intervention context; staff/passenger conflict with aggression/abuse context,routine_security_check,"""looking to avoid United travel""",business,economy_class
REAL-VA-030,yes,violent_aggressive,high,"explicit threat in airline/security/staff context; police/security conflict, intervention, detention, removal, or threat context",assistant_manual_check_completed,13,3,direct_threat; police_security_conflict; staff_passenger_conflict,"Emirates was the best airline to travel once upon a time. Missed my flight connection due to delay by the airline. Close to 300 passengers with similar issues greeted by 2 people on the counter. After complaining the staff called security who threatened the passengers for taking away their passport as if they have any legal right to do so. They also told passengers not to make any noise. In addition the last time I have checked in to Emirates at JFK I have been asked to place my hand carry so they can weigh it, no word of getting late, how are you, welcome, nothing. End result : 5 hours later; 6 more hours lay over, $15 meal voucher. This is unacceptable.",emirates,no,1,jfk_to_khi_via_dxb,03-11-15,february_2015,,Mendeley/Skytrax Airline Review Data.xlsx,"Manually checked from strict 390-candidate extraction from the 64,740-row Skytrax airline review dataset.",30,priority_review_likely_violent_aggressive,direct threat/threatening language; police/security conflict or intervention context; staff/passenger conflict with aggression/abuse context,,"""this is unacceptable""",couple_leisure,economy_class
REAL-VA-031,yes,violent_aggressive,high,"explicit threat in airline/security/staff context; staff/passenger aggressive, abusive, harassing, humiliating, racist, or discriminatory conduct",assistant_manual_check_completed,12,3,direct_threat; harassment_discrimination; staff_passenger_conflict,"My flight was scheduled at 11pm and I got to the airport at around 4pm since you'll never know how bad the traffic is and I was concerned about how long the line is at the bag drop area. At around 5pm, I had completed the carry on screening at the immigration area, so obviously next step is to head to your assigned gate. Upon reaching our gate, it surprised me a little bit because there's another screening before I can finally enter my gate (screening area was literally right next to the it). Made me think like ""okay it's fine that they are taking security seriously"" but at the same time, it's ridiculous! No structure at all. No priority lane for senior/handicap/pregnant people). Only 1 line for everyone. On top of that, when you want to use the restroom, which is literally behind your assigned gate but apparently not part of any gate, you have to ""exit your gate"". Of course, when you wanna enter the gate again, you have to go through that BS screening process. Imagine if you have medical condition that's not visible, like diabetes or bladder condition, and you had to go to the bathroom every single time. Sure you can ask for assistance but staff at NAIA terminal 1, also Philippine Airlines staff, are not approachable. Discrimination among their co-Filipinos are apparent. Staff were very friendly and considerate with foreigners. Since I was at the airport very early, I had to have water and food. Which is reasonable I think. Apparently, for Philippine Airlines, it wasn't. Since my family and I are at the gate, we were thinking, it was okay to bring in food. We also asked a staff who assisted a person in a wheelchair if it was okay to bring food ""inside the gate"" and we were told it was ""okay"". My boyfriend and I got my family food, coffee, and water but when we got back to the gate screening area we were told that drinks/liquid are not allowed. This made me furious! It's not as if drinks are at the airport airport are cheap. Employees also are implying that we toss what we just bought! Very ridiculous. Signs should have been a must. Anyway, as a work around, we went to the area where we can eat and drink (outside the ""gate""). As my boyfriend and I are finishing the food/drinks, Philippine Airlines staff were pressuring us to go to the screening area even though they see that we are still eating and trying to eat as fast as we can, threatening that if we don't cooperate, they won't let us board the plane. Staff are very rude, instead of guiding passengers about the rules and regulation of the place, they make the customers lives awful! It's 2023 and things need to change. It's very sad to see that the country's biggest airline treats it's customer this way.",philippine-airlines,no,1,manila_to_san_francisco,29-06-23,june_2023,Trip Verified,Mendeley/Skytrax Airline Review Data.xlsx,"Manually checked from strict 390-candidate extraction from the 64,740-row Skytrax airline review dataset.",31,priority_review_likely_violent_aggressive,"direct threat/threatening language; harassment, humiliation, racism, or discrimination language; staff/passenger conflict with aggression/abuse context",,"""they make the customers lives awful""",family_leisure,economy_class
REAL-VA-032,yes,violent_aggressive,high,"reported physical confrontation or violence-related act; staff/passenger aggressive, abusive, harassing, humiliating, racist, or discriminatory conduct",assistant_manual_check_completed,12,3,harassment_discrimination; physical_violence; staff_passenger_conflict,"We asked the fight attendant if can we sit together, he said that the plane will be imbalanced. Seriously this is the reason he had to give me and humiliated me front of everyone. You need to start training your staff for better experience for the customer.",jetstar-airways,no,1,christchurch_to_auckland,20-12-21,december_2021,Trip Verified,Mendeley/Skytrax Airline Review Data.xlsx,"Manually checked from strict 390-candidate extraction from the 64,740-row Skytrax airline review dataset.",32,priority_review_likely_violent_aggressive,"harassment, humiliation, racism, or discrimination language; physical violence or assault/fight language; staff/passenger conflict with aggression/abuse context",,"""need to start training your staff""",couple_leisure,economy_class
REAL-VA-033,yes,violent_aggressive,high,"explicit threat in airline/security/staff context; staff/passenger aggressive, abusive, harassing, humiliating, racist, or discriminatory conduct",assistant_manual_check_completed,12,3,direct_threat; harassment_discrimination; staff_passenger_conflict,"KLM operated the first leg of the flight, but the 2nd leg was Delta. Despite being on a Delta flight in the correct seat (confirmed by Delta flight attendant, Delta customer service, Delta boarding pass, and emailed itinerary) the KLM agent came onto the Delta plane and berated me and threatened me to get out of my assigned seat. This created a big humiliating spectacle! I paid for the seat that Delta assigned me and confirmed and the KLM gate agent had no right to treat me the way she did or to remove me from my seat.",klm-royal-dutch-airlines,no,1,copenhagen_to_salt_lake_city_via_amsterdam,28-11-23,november_2023,Trip Verified,Mendeley/Skytrax Airline Review Data.xlsx,"Manually checked from strict 390-candidate extraction from the 64,740-row Skytrax airline review dataset.",33,priority_review_likely_violent_aggressive,"direct threat/threatening language; harassment, humiliation, racism, or discrimination language; staff/passenger conflict with aggression/abuse context",,“KLM agents were extremely rude”,couple_leisure,premium_economy
REAL-VA-034,yes,violent_aggressive,medium-high,"staff/passenger aggressive, abusive, harassing, humiliating, racist, or discriminatory conduct",assistant_manual_check_completed,12,3,aggressive_abusive; physical_violence; staff_passenger_conflict,"First pre-landing PA: “My colleague and I had a very long week with British Airways, so we are dimming the lights as we don’t want you to see our faces. If you are afraid of the dark - just look at the passenger next to you”. Although clearly not the purser’s intent, it sounded like a mocking and very careless of people with aero / darkness phobias who may have a panic attack after such a joke. Very inconsiderate and damages BA’s brand as a safe, accessible and a trusted airline. Second PA after landing was: “if you’d like to make a complaint, go call EasyJet”. I felt genuinely insulted by this “joke”. BA charged an abusive fee. In the end, I literally had to beg the rude and dismissive ground staff in Madrid not to check my roller bag at gate because I recently had surgery and needed to hold onto it to walk. Instant noodles which I purchased onboard were barely edible. All cabin crew except from one disappeared at the galley where they were loudly chatting and laughing and looked at me as a nuisance even when I just wanted to pass through them to visit the lavatory. And then the chief purser effectively announces that if anyone is unhappy they can go fly someone else. Wake up, BA! You are already worse than EasyJet and Ryanair in terms of value for money!! I note that only ones who found the purser’s jokes funny were the other cabin crew who made a few vulgar laughs, while passengers remained dead silent. I can understand airlines scaling back services to cut costs. I will never understand how you can allow your staff to openly mock and insult your passengers. I am a BA Silver member and have been a loyal BA customer for years. A disgrace.",british-airways,no,1,madrid_to_london_heathrow,25-04-24,april_2024,Trip Verified,Mendeley/Skytrax Airline Review Data.xlsx,"Manually checked from strict 390-candidate extraction from the 64,740-row Skytrax airline review dataset.",34,priority_review_likely_violent_aggressive,aggressive or abusive language; physical violence or assault/fight language; staff/passenger conflict with aggression/abuse context,,"""mock and insult your passengers""",business,economy_class
REAL-VA-035,yes,violent_aggressive,high,"reported physical confrontation or violence-related act; police/security conflict, intervention, detention, removal, or threat context; staff/passenger aggressive, abusive, harassing, humiliating, racist, or discriminatory conduct",assistant_manual_check_completed,12,3,aggressive_abusive; physical_violence; police_security_conflict,"To my surprise the Business Class lounge for 1st and Club customers at the airport was a pleasant shared lounge and the British Airways flight was the only one leaving at this hour. It was very nice - considerably better than the dive at Antigua. It was light and airy, very comfortable seats and some decent snacks and a well equipped bar. We enjoyed our stay there. It was some trek to the plane. As I entered the front forward door and made my way to seat 1A a lady FA almost grabbed me and snatched at my boarding pass - ""we have to see it,"" she said sharply, ""its a security process."" I was startled at the aggressive tone as if I was trying to sneak on the plane. Very strange as I had passed three boarding pass checks anyway. Pre flight drinks was the usual lukewarm champagne. Plane left on time to the minute. There were five empty seats in 1st. I found my miserable looking, ever thinning pillow (they get smaller with every flight to save money) and went looking to sneakily find another. Can you believe this! Five empty seats. Four empty overhead bins. One remaining pillow in the fifth bin! (Which I grabbed). Even with two - on lie flat I had hardly any head support. My wife asked for a 2nd pillow. ""Sorry madam we have none to spare."" Dinner started with Quinoa Salad and smoked trout. It was alright. Cream of broccoli soup likewise alright. Balsamic honey glazed chicken for mains was a disaster. Dried out. Unedible. FAs made up my bed. It was hard as rock and very uncomfortable. I slept not for one minute. Nor did my wife. Nor did the lady in the adjacent seat. I flew the A380 in 1st, last spring to Singapore and slept for 5 hours - but it was far more softer to sleep on. I can only surmise the seat, about five years old - was worn out. (The side areas were also very grubby). We both embarked totally shattered. The plane generally was very tired. Worn carpets that really should be replaced. The usual cheap amenities bag rounded off the usual poor experience with BA 1st Class. The IFE was very dated. One wonders if the BA board every think of flying with an Asian or Middle Eastern carrier to discover what true 1st Class should look like. FAs - apart from the rude one - were great. The landing at LGW was by a highly skilled pilot - and in 35 years of travel the softest touchdown I can recall.",british-airways,no,3,uvf_to_lgw,16-12-16,december_2016,,Mendeley/Skytrax Airline Review Data.xlsx,"Manually checked from strict 390-candidate extraction from the 64,740-row Skytrax airline review dataset.",35,priority_review_likely_violent_aggressive,aggressive or abusive language; physical violence or assault/fight language; police/security conflict or intervention context,,"""It was hard as rock and very uncomfortable""",couple_leisure,first_class
REAL-VA-036,yes,violent_aggressive,high,"explicit threat in airline/security/staff context; staff/passenger aggressive, abusive, harassing, humiliating, racist, or discriminatory conduct",assistant_manual_check_completed,12,3,direct_threat; harassment_discrimination; staff_passenger_conflict,"It was pretty humiliating, and the staff were incredibly rude. When I complained about it, the customer service lady threatened to cancel my return ticket and actually dismissed me with a 'dusting off her hands' motion. They have completely ignored my request for a refund (it left me £233 out of pocket and with a ruined trip. It took all day just to get home).",air-france,no,1,birmingham_to_paris_via_budapest,23-09-22,april_2022,Not Verified,Mendeley/Skytrax Airline Review Data.xlsx,"Manually checked from strict 390-candidate extraction from the 64,740-row Skytrax airline review dataset.",36,priority_review_likely_violent_aggressive,"direct threat/threatening language; harassment, humiliation, racism, or discrimination language; staff/passenger conflict with aggression/abuse context",,"""the staff were incredibly rude""",solo_leisure,economy_class
REAL-VA-037,yes,violent_aggressive,high,explicit threat in airline/security/staff context,assistant_manual_check_completed,12,3,direct_threat; aggressive_abusive; police_security_conflict,"What an atrocious check-in experience traveling to the US. Stay away unless you're on a visa waiver, visa, permanent resident or US citizen. The check-in supervisors have zero idea how to deal with anything else and are a combination of poorly trained, arrogant, aggressive and power tripping. Two supervisors were involved and they were both the same. They don't know that other forms of US travel authority exist (a US Advance Parole combo card in this case). They had no idea how to type the Advance Parole combo card into their computer, so just wildly guessed, with one attempt before giving up. The computer then said I wasn't cleared to fly, because they'd typed in garbage data, which they insisted was what was going to happen ""because we don't have the authority to override the system"". Instead of just saying ""I'm not sure how to process this card, let me call someone who can help me"" their *first* opening approach is to say ""we have to offload you because you don't have a visa or permanent resident card and that's what our systems require"". No attempt to solve the problem and understand. Utter aggressive refusal to let me explain what an Advance Parole card is and that I am indeed allowed to fly to the US, you just have to call someone who knows what this card is. Literally I was trying to show them my phone and get them to read a paragraph from a US government website explaining what an Advance Parole combo card was and that it grants travel authority. They refused to read it - ""I don't care what that says because we have to do what the computer says and it says to offload you"". No matter that the computer only said that because they didn't know how to type this card in! Finally they call US immigration, after about 20 minutes of telling me they are going to offload me and aggression. They keep calling the combo card an ""Employment Authorization Document"". It has that in big print along the top, and the Advance Parole part in little print along the bottom. I keep trying to explain that it's a 2-in-1 combo card and to read the sentence on the bottom when talking to US immigration. ""We know what to say"". US Immigration answers, they refuse to read the bottom of the card, calling it an Employment Authorization Document and looking at me smugly. After many minutes on the phone the person on the other end finally asks them what is on the bottom of the card and they read it out with a grimace. About 30 minutes in after countless threats of offloading and one threat of calling airport police ""because we don't like you"" I am cleared to fly. They don't say a word to me, refuse to look at me. Just pass my passport to a check-in counter worker and say ""he's cleared to fly"". The in-flight experience was great, a near new Boeing 787. It was all destroyed by those power tripping poorly trained check-in supervisors who shouldn't be anywhere near a customer facing role.",air-canada,no,1,brisbane_to_san_francisco_via_vancouver,08-11-17,november_2017,Verified Review,Mendeley/Skytrax Airline Review Data.xlsx,"Manually checked from strict 390-candidate extraction from the 64,740-row Skytrax airline review dataset.",37,priority_review_likely_violent_aggressive,direct threat/threatening language; aggressive or abusive language; police/security conflict or intervention context,,"""poorly trained check-in supervisors""",solo_leisure,economy_class
REAL-VA-038,yes,violent_aggressive,high,"explicit threat in airline/security/staff context; staff/passenger aggressive, abusive, harassing, humiliating, racist, or discriminatory conduct",assistant_manual_check_completed,12,3,direct_threat; harassment_discrimination; staff_passenger_conflict,"Exit row seats must be upgraded in advance on the website at a cost of $180 per person per one-way flight. First of all, this is racial discrimination. On the return flight from Alaska to Seattle, for some reason, the boarding pass for the flight from Seattle to Narita was not issued in Alaska Anchorage, and I was instructed by the ground staff to collect it in Seattle. When I asked the staff at the counter in Seattle, they had arbitrarily changed my pre-upgraded exit row seat to a regular economy class seat, and I would have been forced to sit in economy if I hadn’t pointed it out. When I complained, a woman who seemed to be a manager threatened to deny me boarding if I made a fuss. I’ve never seen such a terrible airline. Delta is much better than this.",hawaiian-airlines,no,1,tokyo_to_anchorage,06-08-25,june_2025,Trip Verified,Mendeley/Skytrax Airline Review Data.xlsx,"Manually checked from strict 390-candidate extraction from the 64,740-row Skytrax airline review dataset.",38,priority_review_likely_violent_aggressive,"direct threat/threatening language; harassment, humiliation, racism, or discrimination language; staff/passenger conflict with aggression/abuse context",,“never seen such a terrible airline”,couple_leisure,premium_economy
REAL-VA-039,yes,violent_aggressive,high,"explicit threat in airline/security/staff context; staff/passenger aggressive, abusive, harassing, humiliating, racist, or discriminatory conduct",assistant_manual_check_completed,12,3,direct_threat; aggressive_abusive; staff_passenger_conflict,"The Gate Attendant, was rude, disrespectful & threatening in her interactions with me. She came immediately up to me while I was waiting for the flight, at gate 17 and told me my personal item was to big & I was going to have to check it. I explained I’ve flown with it on many flights & had no issues with any other American Airlines flights & in fact I had just flew in with it on March 5th on my way into Fresno. She was extremely rude, showed me the poster of what was considered an Appropriate size. Now, true mine did not meet it, so I grudgingly agreed to check it. During this aggressive conversation on her part, I told her she was being overly rude & I did not appreciate it, there was a way to go about this & she was handling this poorly. This incited her more, unfortunately. I returned to my seat but thought “I’m going to take a pic of my bag in front of the gate, door number 17, so If there is a problem with it getting lost I will have an idea of where it originated from. I personally have never checked a bag at the gate. I turned in my seat & snapped a picture. She was in the picture, because she was standing by the gate door. This action, then caused an additional, horrible reaction from this Gate Attendant. She came up to me at my seat & said she saw me take a picture of her & it was illegal to take a picture of any airlines employee, therefore I must delete it in front of her or she would call security. She said this in a loud voice. I explained why I took the picture regarding my luggage, however she did not care & told me in front of my colleagues & other passengers that I was lying. Her language & actions became more aggressive & threatening in being insistent in having me delete this picture. I told her I was unaware of the Airport or American Airlines policy on this & asked where it was posted, she then pointed across the airport at another American desk, & in hindsight I wish I would of had the time to go over where she pointed, but she knew I did not, I realize this now. She said If I did not delete the picture, she would call airport security on me. I then, became truly puzzled & started to become worried, I asked her why she was escalating this situation? This made her madder if possible & asked me in a loud voice “ Do you want to get on this plane” I said what... what are you talking about? She said “If you want to get on this plan you will have TO delete that picture” I replied I really don’t think I have to do that but, ok I will, this is getting out of control I perceived and the person who is suppose to de-escalate a situation was in fact making it worse. I told her I deleted it as she asked me too & then she called me a liar. She said I had to go through my phone & go into my deleted pictures section & show her on my phone they were deleted! I then asked her name, she gave no reply. Her Badge had been turned around. I asked her again & she said “I don’t have to tell you” I asked to speak to her supervisor & she stated she was the only one in charge. The police came, were wonderful & helpful but they had seen similar incidents with this airline. I did board plan but had to delete the 1 picture I took & had to show her & then she made me go into my recovery of phone & delete it in front of her!",american-airlines,no,1,fresno_to_phoenix_via_st._louis,12-03-20,march_2020,Trip Verified,Mendeley/Skytrax Airline Review Data.xlsx,"Manually checked from strict 390-candidate extraction from the 64,740-row Skytrax airline review dataset.",39,priority_review_likely_violent_aggressive,direct threat/threatening language; aggressive or abusive language; staff/passenger conflict with aggression/abuse context,,"""rude, disrespectful & threatening""",business,economy_class
REAL-VA-040,yes,violent_aggressive,high,reported physical confrontation or violence-related act; yelling/screaming/shouting in staff/passenger conflict,assistant_manual_check_completed,12,3,aggressive_abusive; physical_violence; staff_passenger_conflict,"We had bought separate tickets on 2 consecutive days, but mine ended up being economy and my husband + baby, premium economy. Both for basically the same price for the round-trip flights ($1348.83 for economy vs $1366.16 for premium economy). When we boarded, the economy class was packed, not a seat open. However, the premium economy was practically empty, only 5 other passengers. The seat next to my husband (baby was a lap infant) was open, because the woman assigned to it quickly changed to a different seat (nodbody wants to sit next to a baby, right?). So as the seat became open, I went and sat there, and immediately the flight attendant went to get a supervisor to scold me. The two woman ganged up on me and yelled at me, accusing me of having kicked out the other lady from her seat. I thought, what are these lies? They very meanly told me to go sit at my regular seat, 20 rows back. I obeyed, but after reaching 10000 ft of altitude I communicated my situtation to another flight attendant, to see if they could understand that I am a mother who has been separated from her baby and husband. They were very mean. They again yelled at me saying that you have to pay for that class, $500 or $800 (two people told me 2 different things). How ironic that the prices we paid for these two different classes were the same! Also, I bet that, had I been their ""friend"" or sister, the treatment would have been different. So then my husband called the manager, and very politely conveyed our situation and asked why couldn't I be with them, if there were tons of open seats available. He first said “I hear that you’ve had an encounter with all my staff”. Ok, first off, “an encounter?” Asking questions is “an encounter”?! Second, aren't the staff there to help customers? Doesn’t American Airlines always say that they are there to serve you and make your flight great? Then he said that it was the regulation, but yet, he was willing to break the regulations by letting me take my baby with me to my seat, even though he was *not* the lap infant associated with my ticket. Oh, so we break one rule, the one about swapping seats and tickets for the child, but not the rule about moving ""up"" on a seating class (barely, still economy)? While this was happening, the seat belt sign was off, so I had left my seat to go see my family. The meal time also began. The two flight attendants who had previously yelled at me in a 2-against-1 scenario, now attacked me again. ""Go back to your seat!"" ""You can't be here!"". I was just visiting my family, and all of my stuff was in our shared carry-on which my husband had! They boxed me in between two carts, they made me cry. Other passengers saw all of this and invited me to come over to their seat, so that the carts could move (since the flight attendants weren't being cooperative). People who I had never seen before in my life were very sympathetic. Some later approached me and said ""they were really out to get you"". It was a clear situation of abuse of power by American Airlines, and a lack of heart towards families with young children.",american-airlines,no,1,new_york_jfk_to_barcelona,15-12-19,december_2019,Trip Verified,Mendeley/Skytrax Airline Review Data.xlsx,"Manually checked from strict 390-candidate extraction from the 64,740-row Skytrax airline review dataset.",40,priority_review_likely_violent_aggressive,aggressive or abusive language; physical violence or assault/fight language; staff/passenger conflict with aggression/abuse context,,"""a lack of heart towards families with young children""",family_leisure,economy_class
REAL-VA-041,yes,violent_aggressive,high,"reported physical confrontation or violence-related act; police/security conflict, intervention, detention, removal, or threat context; staff/passenger aggressive, abusive, harassing, humiliating, racist, or discriminatory conduct",assistant_manual_check_completed,12,3,aggressive_abusive; physical_violence; police_security_conflict,"After eating our meal, my wife and I fell asleep at our designated gate. When she woke, we checked and no notifications had come to the Delta app, her text messages or normal email address. I happened to look at the gate designation and then check the board for an update and noticed the gates had been changed. Since we were in Concourse B and the new gate was in A, we ran to the train made it to the gate with only 7 minutes to departure time to find the attendant on the phone laughing and obviously not on a work-related call. As she hung up, she said I've got to go deal with some rude customers. When we asked about boarding, she said they were done and offered no support for our next steps. My very frustrated wife was visibly upset and having been called rude called the attendant a name. In the ensuing incident, my wife made a gesture across the counter to see the attendant's name badge and asked for her name 3 times with no reply. At the customer service desk, we were flagged and looked at as hostile passengers from then on. We spoke with 3 different people before finding out Atlanta policemen had been called to arrest my wife for assault. Our trip to drop our son off in DC for a leadership conference has been ruined due to this company and it's horrendous customer service environment. The worst part in my mind was instead of offering help to weary, paying customers this entire staff proceeded to have my wife arrested and jailed rather than helping us find a solution for our travel dilemmas and obvious frustrations.",delta-air-lines,no,1,northwest_arkansas_to_baltimore,22-06-25,june_2025,Trip Verified,Mendeley/Skytrax Airline Review Data.xlsx,"Manually checked from strict 390-candidate extraction from the 64,740-row Skytrax airline review dataset.",41,priority_review_likely_violent_aggressive,aggressive or abusive language; physical violence or assault/fight language; police/security conflict or intervention context,,"""horrendous customer service""",family_leisure,economy_class
REAL-VA-042,yes,violent_aggressive,high,"explicit threat in airline/security/staff context; staff/passenger aggressive, abusive, harassing, humiliating, racist, or discriminatory conduct; yelling/screaming/shouting in staff/passenger conflict",assistant_manual_check_completed,12,3,direct_threat; aggressive_abusive; staff_passenger_conflict,My hands were full but U had boarding pass out but not opened I was not in front of scanner. I told her my hands were full she said open them up now because I have the power to ruin your trip and ground you! My wife walked up and she said to her I am in control and can easily ruin your trip if you upset me in any way. My wife and I were shocked. Upon approaching agent scanning boarding pass she asked what that agent was saying we told her she shook her head and said you should report her! The agent who was harassing us and threatening shouted across room saying I want that mans name! We we’re actually terrified of this aggressive women. Will never fly Jetblue out of FLL again this woman women was harassing and threatening everyone saying she is going to ruin their vacation and groin them. I did not get her name because we were trying to stay fr away from her. Very scary women! Hopefully she didn’t ground any passengers she is really using the power card for her own personal hatred for passengers,jetblue-airways,no,1,ft_lauderdale_to_provinciales,26-06-21,june_2021,Trip Verified,Mendeley/Skytrax Airline Review Data.xlsx,"Manually checked from strict 390-candidate extraction from the 64,740-row Skytrax airline review dataset.",42,priority_review_likely_violent_aggressive,direct threat/threatening language; aggressive or abusive language; staff/passenger conflict with aggression/abuse context,,"""terrified of this aggressive women""",couple_leisure,economy_class
REAL-VA-043,yes,violent_aggressive,high,"explicit threat in airline/security/staff context; staff/passenger aggressive, abusive, harassing, humiliating, racist, or discriminatory conduct",assistant_manual_check_completed,12,3,direct_threat; harassment_discrimination; staff_passenger_conflict,"She brought all her current paperwork completed by her doctor and vet proving her dog was a service dog. They allowed her to bring her dog on the plane as a service dog from Fort Lauderdale to White Plains and ensured her she would not have any issues on her return flight back home. When she got to the airport for her return flight the Supervisor (Anna Mane) would not accept any of her paperwork and told her she can pay $125 for her dog & buy a $50 kennel or she will have to get additional paperwork completed by her doctor and reschedule her trip back home (this was a Sunday night so no way to resolve the paperwork issue at the time). My mom is a senior citizen that has a serious medical condition that is triggered when she is under high level of anxiety or stress and it could cause her to go into the hospital. Her dog does not only help prevent a medical issue, but also lets her know when one is coming so she can take her medicine. I tried to talk to the Supervisor and she apologized for the confusion their airline may have caused, but was not willing to work with us in any way. I explained we had two weeks before my mom's return flight so if they would have told us in Florida to get another form filled out by her doctor we would have without any problem. Why would the paperwork be acceptable one way, but rejected on the return flight two week later? When I told the Supervisor she is putting my mom through unnecessary stress that could cause my mom to have a medical issue, she threaten to not let me my travel without a full medical review just to be even more nasty. My mom paid the extra money so she would not miss her flight, but the Supervisor had a flight attendance harass her on the plane to ensure she kept her service dog in the kennel. My mom has travel on jetblue plenty of times before with her service dog and never had any issues. The flight attendant actually told her and the people sitting around her that my mom was trying to pass her dog as a service dog, but he wasn't. Her dog is a service dog and just because there was a misunderstanding that does not give them the airline staff the right to harass and embarrass her when she did provide significant proof that she does have a medical condition that requires her to have her dog with her at all times. Her dog has never been put in a kennel so he was also impacted by how unprofessional the staff at JetBlue treated him and his owner. I can understand the potential risk if my mom's service dog was a pit bull, but my mom's service dog is 5 lbs and has a history with the airline traveling with her as a service dog. We contacted the corporate office to put in a complaint on how she was treated and to get the opportunity to provide the doctor's paperwork they wanted so she could get reimbursed for what she was forced to pay and they rejected her request and did not even give her the opportunity to prove that her dog is a service dog. The person sitting next to my mom on the airplane is also putting in a formal complaint on how badly my mom was treated. I have always had a good experience with JetBlue, but after how badly my mom was treated and they had no concern for her health, I can not travel with them again. The corporate office was not willing to even try to make the situation right by allowing her to prove she has a service dog to get her money back.",jetblue-airways,no,3,westchester_to_fort_lauderdale,06-03-19,march_2019,Trip Verified,Mendeley/Skytrax Airline Review Data.xlsx,"Manually checked from strict 390-candidate extraction from the 64,740-row Skytrax airline review dataset.",43,priority_review_likely_violent_aggressive,"direct threat/threatening language; harassment, humiliation, racism, or discrimination language; staff/passenger conflict with aggression/abuse context",,"""her dog was a service dog""",solo_leisure,economy_class
REAL-VA-044,yes,violent_aggressive,high,"explicit threat in airline/security/staff context; staff/passenger aggressive, abusive, harassing, humiliating, racist, or discriminatory conduct",assistant_manual_check_completed,12,3,direct_threat; aggressive_abusive; staff_passenger_conflict,"In general, my trips goes nearly 100% smoothly. In my plan , usually flight time is an ideal time to work on the presentation or lecture I am going to present in destination. I hardly remember I have faced very few difficulties in the past 30 years but those were mostly due to a brief chaos in organizing the flight but never ever intimidation or bullying. Today I had an experience that was shocking. During the boarding at 10:30 am April 28 in gate 80 of YUL Montréal airport when it reached to my turn, a boarding agent slightly rudely told me “ you must check in your carry on (this has happened at past for small airplane and even large airplane will full capacity, was fully understandable). I told the guy with smile ”oh no please can I just put under my seat? .look It is perfectly fit “ while I was waiting a kind of friendly explanation. I noted he in very firm and serious attitude and rudely told me “no you must check in“ I said still with smile begging “it is not fair I need to work on my lecture please. Then he turn totally different attitude and told me “either you check in or I will put you out of flight”. I was completely shocked. I told seriously , how come ? Ok well if I have no choice put the tag but there is no need for demonstration of power and I took the bag to board . while I was entering he said “actually I will not allow you to board. I was honestly scared I said ok sorry and continued. He said stop even if you get in we will take you out. Put the bag in check in place and took the seat. Later when a female staff of boarding team came on board “I told her with smile see ma’am there are many empty places in overhead “ ironically the portion on my over head was empty. To my surprise I realized she had came after me she said : you shouldn’t have talked to him like that and I am going to ask you get off the plane. I said “ I am sorry I did not mean to be rude to him “ she said no you need to get off. I said you can tell him to come I personally apologize but she said he can not come and she took a photo of my seat number and left.  I can understand if a person pose aggressive behaviour, or threaten others to be treated this way but a harmless passenger that indicates a different story about the culture in your company about treating a customer. Interestingly, they lost a security belt on my bag but I did not care as my trip was ruined.",united-airlines,no,1,montreal_to_myrtle_beach_via_newark,28-04-24,april_2024,Trip Verified,Mendeley/Skytrax Airline Review Data.xlsx,"Manually checked from strict 390-candidate extraction from the 64,740-row Skytrax airline review dataset.",44,priority_review_likely_violent_aggressive,direct threat/threatening language; aggressive or abusive language; staff/passenger conflict with aggression/abuse context,,"""must check in your carry on""",business,economy_class
REAL-VA-045,yes,violent_aggressive,high,"explicit threat in airline/security/staff context; staff/passenger aggressive, abusive, harassing, humiliating, racist, or discriminatory conduct",assistant_manual_check_completed,12,3,direct_threat; aggressive_abusive; staff_passenger_conflict,"Well today reached an all time high. I am a premier 1K, have flown over 3 Million miles collectively, and I support United even with bad food, low quality service and today United is above the law, let me explain; the electrical outlet on the USB ports where not working and I needed to get my conventional charger from the overhead, about ten minutes to find it in my bag. The passenger from the aisle across jumps up and complains to me about the overhead bin being open, and then complains to the flight attendant. The flight attendant comes over to me in a aggressive manner and dresses me down then proceeds to tell me ""it will get a lot worse for me"" with a threat tone. Really flight attendant, get all your facts in order before you threaten a loyal customer on United, and for United, please address the open complaint I filed. You cannot threaten people without understanding all sides of the situation, maybe some classes on passenger rights is in order.",united-airlines,no,2,san_francisco_to_shanghai,26-09-19,september_2019,Trip Verified,Mendeley/Skytrax Airline Review Data.xlsx,"Manually checked from strict 390-candidate extraction from the 64,740-row Skytrax airline review dataset.",45,priority_review_likely_violent_aggressive,direct threat/threatening language; aggressive or abusive language; staff/passenger conflict with aggression/abuse context,,"""You cannot threaten people""",business,economy_class
REAL-VA-046,yes,violent_aggressive,high,"explicit threat in airline/security/staff context; staff/passenger aggressive, abusive, harassing, humiliating, racist, or discriminatory conduct",assistant_manual_check_completed,12,3,direct_threat; harassment_discrimination; staff_passenger_conflict,"I'm a United Premier 1K traveler. Still all that good customer background did not prevent United from demoting me from Premium to Economy. Discriminated in favor of a more deserving passenger? Told to shut up and sit down when I complained for the undeserving demotion. Threatened when I asked the FA's name. I raised this issue all the way to United's CEO. I thought he means that customer care is important, no, he doesn't. He just cares to get my money. Customers are just a necessary inconvenience.",united-airlines,no,1,newark_to_tek_aviv_via_houston,13-05-19,april_2019,Trip Verified,Mendeley/Skytrax Airline Review Data.xlsx,"Manually checked from strict 390-candidate extraction from the 64,740-row Skytrax airline review dataset.",46,priority_review_likely_violent_aggressive,"direct threat/threatening language; harassment, humiliation, racism, or discrimination language; staff/passenger conflict with aggression/abuse context",,"""demoting from Premium to Economy""",business,premium_economy
REAL-VA-047,yes,violent_aggressive,high,"reported physical confrontation or violence-related act; staff/passenger aggressive, abusive, harassing, humiliating, racist, or discriminatory conduct; yelling/screaming/shouting in staff/passenger conflict",assistant_manual_check_completed,12,3,harassment_discrimination; physical_violence; staff_passenger_conflict,"I had boarded the plane and was seated when a man said to the nearby flight attendant that someone was sitting in his seat. The attendant said to me, “I need to see your boarding pass”. Confused, I asked why. She said, “You’re in the wrong seat”, in a rude and urgent tone. I explained to her that I would need to look through my emails to find my original boarding pass. She was rushing me, told me she needed to board all other passengers, and that I needed to hurry up even though she just told me to do this. I showed her my pass from the first leg of the flight. This made her even more on edge and provoked since it was not the right pass. I then found the pass for the current flight and showed it to her. She condescendingly asking, “And this is for the flight now?”, as she refused to read the pass for herself. I said yes and continued to point to the seats me and my friend were assigned listed on the pass. Without reading the pass at all she pointed to my seat and said, “You’re in the wrong seat. You need to move, you’re in the wrong seat”. She was unfriendly, unrelenting, and very angry at me. A man sitting at the window spoke up and said that he was actually in the wrong seat and it was his fault. The passenger that originally asked for help from to the flight attendant, was at this point, visibly uncomfortable by how the flight attendant was harassing nearby passengers and said it didn’t matter where he sat he didn’t care anymore. I ultimately was in the right seat the entire time. However, I was the only passenger the attendant interrogated rudely and angrily. She did not apologize and looked extremely annoyed after this all occurred. Scared that I would be kicked off the plane if I spoke up, I left without receiving any apology from her what so ever. I felt nervous, uncomfortable, upset, and victimized. Later in the flight, another attendant walked up to my seat. She yelled at me to put my seat fully up, two times in a row. I was shocked because I had never put my seat down in the first place. I looked up at her and she said this to me again while telling me to press the button to put the seat up. I pressed the button and the seat didn’t move at all because it was always fully straight. I said to her, “It is fully up”. She said extremely shortly, “I am allowed to tell you to put it up. That is my job.” Then proceeded to glare at me. I said “that’s fine”. And she rolled her eyes at me. She did not treat any other passengers on board like this except for me. I felt treated unfairly and felt like I could not speak up or I’d be dragged off the plane. In both instances, I cooperated, did nothing wrong in the first place and was severely harassed by multiple flight attendants on board. This was my first time flying with United Airlines and I would never go back. What a terrible end to a great vacation.",united-airlines,no,1,newark_to_boston,18-03-18,march_2018,Trip Verified,Mendeley/Skytrax Airline Review Data.xlsx,"Manually checked from strict 390-candidate extraction from the 64,740-row Skytrax airline review dataset.",47,priority_review_likely_violent_aggressive,"harassment, humiliation, racism, or discrimination language; physical violence or assault/fight language; staff/passenger conflict with aggression/abuse context",,"""terrible end to a great vacation""",couple_leisure,economy_class
REAL-VA-048,yes,violent_aggressive,high,"explicit threat in airline/security/staff context; police/security conflict, intervention, detention, removal, or threat context; staff/passenger aggressive, abusive, harassing, humiliating, racist, or discriminatory conduct",assistant_manual_check_completed,12,3,direct_threat; harassment_discrimination; police_security_conflict,"25 flight to New York for our 4 day break. At 09.10 we were told there was a technical problem. We sat on the plane for over 4 hours with only 2 crackers and half a glass of water served. Eventually we were told to leave the plane and ground staff would give us further instructions. The ground staff hadn't even been told we were leaving the plane. Eventually after collecting our luggage we were put on a bus to an awful hotel. We were collected by bus the following morning and taken back to the airport. A member of staff was handing out airline compensation forms, but when we asked if the plane was fixed, she snapped not to harass her as she had worked a double shift and was stressed. When we said we were stressed and just wanted to know if we would be travelling that day, she called over security who threatened if there was any problems, he controlled who got on the plane and who didn't. Disgraceful behaviour to everyone who were now delayed 24 hours. We eventually arrived in New York 26 hours late and in rush hour, so our 4 days was reduced to 2! United Airlines have since sent an email offering compensation but the 2nd page with all the information was missing so none the wiser but I'm guessing judging by previous reviews it will be a travel voucher. After emailing them they now seen unaware of our plight. Wouldn't recommend United Airlines to anyone.",united-airlines,no,2,manchester_to_new_york,07-09-15,august_2015,,Mendeley/Skytrax Airline Review Data.xlsx,"Manually checked from strict 390-candidate extraction from the 64,740-row Skytrax airline review dataset.",48,priority_review_likely_violent_aggressive,"direct threat/threatening language; harassment, humiliation, racism, or discrimination language; police/security conflict or intervention context",,"""disgraceful behaviour to everyone""",family_leisure,economy_class
REAL-VA-049,yes,violent_aggressive,high,"explicit threat in airline/security/staff context; staff/passenger aggressive, abusive, harassing, humiliating, racist, or discriminatory conduct",assistant_manual_check_completed,12,3,direct_threat; harassment_discrimination; staff_passenger_conflict,"Boarding pass retrieval led to another confrontation at the gate. Emirates staff at the gate confiscated my boarding passes, threatened baggage offloading, and harassed me for carrying my laptop bag separately. Only after pledging to stow my laptop bag under my seat was I allowed to board just before departure. Upon reaching LA, I discovered a missing bag. It took days for Emirates to locate it. Emirates staff, without notice or gate codes, knocked at midnight, delivering my damaged bag. How they accessed it remains a mystery. The bag was torn, belongings damaged, and some items were missing. Despite three complaints, Emirates provided no response. Despite reaching out multiple times, Emirates offered no explanations, leaving me frustrated and dissatisfied with their customer service.",emirates,no,1,delhi_to_dubai,02-02-24,september_2023,Trip Verified,Mendeley/Skytrax Airline Review Data.xlsx,"Manually checked from strict 390-candidate extraction from the 64,740-row Skytrax airline review dataset.",49,priority_review_likely_violent_aggressive,"direct threat/threatening language; harassment, humiliation, racism, or discrimination language; staff/passenger conflict with aggression/abuse context",,"""Emirates experience was horrific""",solo_leisure,economy_class
,,,,,,,,,,,,,,,,,,,,,,,,,
,,,,,,,,,,,,,,,,,,,,,,,,,
,,,,,,,,,,,,,,,,,,,,,,,,,
,,,,,,,,,,,,,,,,,,,,,,,,,
,,,,,,,,,,,,,,,,,,,,,,,,,
,,,,,,,,,,,,,,,,,,,,,,,,,
,,,,,,,,,,,,,,,,,,,,,,,,,
,,,,,,,,,,,,,,,,,,,,,,,,,
,,,,,,,,,,,,,,,,,,,,,,,,,
,,,,,,,,,,,,,,,,,,,,,,,,,
,,,,,,,,,,,,,,,,,,,,,,,,,
,,,,,,,,,,,,,,,,,,,,,,,,,
,,,,,,,,,,,,,,,,,,,,,,,,,
,,,,,,,,,,,,,,,,,,,,,,,,,
,,,,,,,,,,,,,,,,,,,,,,,,,
,,,,,,,,,,,,,,,,,,,,,,,,,
,,,,,,,,,,,,,,,,,,,,,,,,,
,,,,,,,,,,,,,,,,,,,,,,,,,
,,,,,,,,,,,,,,,,,,,,,,,,,
,,,,,,,,,,,,,,,,,,,,,,,,,
,,,,,,,,,,,,,,,,,,,,,,,,,
,,,,,,,,,,,,,,,,,,,,,,,,,
,,,,,,,,,,,,,,,,,,,,,,,,,
,,,,,,,,,,,,,,,,,,,,,,,,,
,,,,,,,,,,,,,,,,,,,,,,,,,
,,,,,,,,,,,,,,,,,,,,,,,,,
,,,,,,,,,,,,,,,,,,,,,,,,,
,,,,,,,,,,,,,,,,,,,,,,,,,
,,,,,,,,,,,,,,,,,,,,,,,,,
,,,,,,,,,,,,,,,,,,,,,,,,,
,,,,,,,,,,,,,,,,,,,,,,,,,
,,,,,,,,,,,,,,,,,,,,,,,,,
,,,,,,,,,,,,,,,,,,,,,,,,,
,,,,,,,,,,,,,,,,,,,,,,,,,
,,,,,,,,,,,,,,,,,,,,,,,,,
,,,,,,,,,,,,,,,,,,,,,,,,,
,,,,,,,,,,,,,,,,,,,,,,,,,
,,,,,,,,,,,,,,,,,,,,,,,,,
,,,,,,,,,,,,,,,,,,,,,,,,,
,,,,,,,,,,,,,,,,,,,,,,,,,
,,,,,,,,,,,,,,,,,,,,,,,,,
,,,,,,,,,,,,,,,,,,,,,,,,,
,,,,,,,,,,,,,,,,,,,,,,,,,
,,,,,,,,,,,,,,,,,,,,,,,,,
,,,,,,,,,,,,,,,,,,,,,,,,,
,,,,,,,,,,,,,,,,,,,,,,,,,
,,,,,,,,,,,,,,,,,,,,,,,,,
,,,,,,,,,,,,,,,,,,,,,,,,,
,,,,,,,,,,,,,,,,,,,,,,,,,
,,,,,,,,,,,,,,,,,,,,,,,,,
,,,,,,,,,,,,,,,,,,,,,,,,,
,,,,,,,,,,,,,,,,,,,,,,,,,
,,,,,,,,,,,,,,,,,,,,,,,,,
,,,,,,,,,,,,,,,,,,,,,,,,,
,,,,,,,,,,,,,,,,,,,,,,,,,
,,,,,,,,,,,,,,,,,,,,,,,,,
,,,,,,,,,,,,,,,,,,,,,,,,,
,,,,,,,,,,,,,,,,,,,,,,,,,
,,,,,,,,,,,,,,,,,,,,,,,,,
,,,,,,,,,,,,,,,,,,,,,,,,,
,,,,,,,,,,,,,,,,,,,,,,,,,
,,,,,,,,,,,,,,,,,,,,,,,,,
,,,,,,,,,,,,,,,,,,,,,,,,,
,,,,,,,,,,,,,,,,,,,,,,,,,
,,,,,,,,,,,,,,,,,,,,,,,,,
,,,,,,,,,,,,,,,,,,,,,,,,,
,,,,,,,,,,,,,,,,,,,,,,,,,
,,,,,,,,,,,,,,,,,,,,,,,,,
,,,,,,,,,,,,,,,,,,,,,,,,,
,,,,,,,,,,,,,,,,,,,,,,,,,
,,,,,,,,,,,,,,,,,,,,,,,,,
,,,,,,,,,,,,,,,,,,,,,,,,,
,,,,,,,,,,,,,,,,,,,,,,,,,
,,,,,,,,,,,,,,,,,,,,,,,,,
,,,,,,,,,,,,,,,,,,,,,,,,,
,,,,,,,,,,,,,,,,,,,,,,,,,
,,,,,,,,,,,,,,,,,,,,,,,,,
,,,,,,,,,,,,,,,,,,,,,,,,,
,,,,,,,,,,,,,,,,,,,,,,,,,
,,,,,,,,,,,,,,,,,,,,,,,,,
,,,,,,,,,,,,,,,,,,,,,,,,,
,,,,,,,,,,,,,,,,,,,,,,,,,
,,,,,,,,,,,,,,,,,,,,,,,,,
,,,,,,,,,,,,,,,,,,,,,,,,,
,,,,,,,,,,,,,,,,,,,,,,,,,
,,,,,,,,,,,,,,,,,,,,,,,,,
,,,,,,,,,,,,,,,,,,,,,,,,,
,,,,,,,,,,,,,,,,,,,,,,,,,
,,,,,,,,,,,,,,,,,,,,,,,,,
,,,,,,,,,,,,,,,,,,,,,,,,,
,,,,,,,,,,,,,,,,,,,,,,,,,
,,,,,,,,,,,,,,,,,,,,,,,,,
,,,,,,,,,,,,,,,,,,,,,,,,,
,,,,,,,,,,,,,,,,,,,,,,,,,
,,,,,,,,,,,,,,,,,,,,,,,,,
,,,,,,,,,,,,,,,,,,,,,,,,,
,,,,,,,,,,,,,,,,,,,,,,,,,
,,,,,,,,,,,,,,,,,,,,,,,,,
,,,,,,,,,,,,,,,,,,,,,,,,,
,,,,,,,,,,,,,,,,,,,,,,,,,
,,,,,,,,,,,,,,,,,,,,,,,,,
,,,,,,,,,,,,,,,,,,,,,,,,,
,,,,,,,,,,,,,,,,,,,,,,,,,
,,,,,,,,,,,,,,,,,,,,,,,,,
,,,,,,,,,,,,,,,,,,,,,,,,,
,,,,,,,,,,,,,,,,,,,,,,,,,
,,,,,,,,,,,,,,,,,,,,,,,,,
,,,,,,,,,,,,,,,,,,,,,,,,,
,,,,,,,,,,,,,,,,,,,,,,,,,
,,,,,,,,,,,,,,,,,,,,,,,,,
,,,,,,,,,,,,,,,,,,,,,,,,,
,,,,,,,,,,,,,,,,,,,,,,,,,
,,,,,,,,,,,,,,,,,,,,,,,,,
,,,,,,,,,,,,,,,,,,,,,,,,,
,,,,,,,,,,,,,,,,,,,,,,,,,
,,,,,,,,,,,,,,,,,,,,,,,,,
,,,,,,,,,,,,,,,,,,,,,,,,,
,,,,,,,,,,,,,,,,,,,,,,,,,
,,,,,,,,,,,,,,,,,,,,,,,,,
,,,,,,,,,,,,,,,,,,,,,,,,,
,,,,,,,,,,,,,,,,,,,,,,,,,
,,,,,,,,,,,,,,,,,,,,,,,,,
,,,,,,,,,,,,,,,,,,,,,,,,,
,,,,,,,,,,,,,,,,,,,,,,,,,
,,,,,,,,,,,,,,,,,,,,,,,,,
,,,,,,,,,,,,,,,,,,,,,,,,,
,,,,,,,,,,,,,,,,,,,,,,,,,
,,,,,,,,,,,,,,,,,,,,,,,,,
,,,,,,,,,,,,,,,,,,,,,,,,,
,,,,,,,,,,,,,,,,,,,,,,,,,
,,,,,,,,,,,,,,,,,,,,,,,,,
,,,,,,,,,,,,,,,,,,,,,,,,,
,,,,,,,,,,,,,,,,,,,,,,,,,
,,,,,,,,,,,,,,,,,,,,,,,,,
,,,,,,,,,,,,,,,,,,,,,,,,,
,,,,,,,,,,,,,,,,,,,,,,,,,
,,,,,,,,,,,,,,,,,,,,,,,,,
,,,,,,,,,,,,,,,,,,,,,,,,,
,,,,,,,,,,,,,,,,,,,,,,,,,
,,,,,,,,,,,,,,,,,,,,,,,,,
,,,,,,,,,,,,,,,,,,,,,,,,,
,,,,,,,,,,,,,,,,,,,,,,,,,
,,,,,,,,,,,,,,,,,,,,,,,,,
,,,,,,,,,,,,,,,,,,,,,,,,,
,,,,,,,,,,,,,,,,,,,,,,,,,
,,,,,,,,,,,,,,,,,,,,,,,,,
,,,,,,,,,,,,,,,,,,,,,,,,,
,,,,,,,,,,,,,,,,,,,,,,,,,
,,,,,,,,,,,,,,,,,,,,,,,,,
,,,,,,,,,,,,,,,,,,,,,,,,,
,,,,,,,,,,,,,,,,,,,,,,,,,
,,,,,,,,,,,,,,,,,,,,,,,,,
,,,,,,,,,,,,,,,,,,,,,,,,,
,,,,,,,,,,,,,,,,,,,,,,,,,
,,,,,,,,,,,,,,,,,,,,,,,,,
,,,,,,,,,,,,,,,,,,,,,,,,,
,,,,,,,,,,,,,,,,,,,,,,,,,
,,,,,,,,,,,,,,,,,,,,,,,,,
,,,,,,,,,,,,,,,,,,,,,,,,,
,,,,,,,,,,,,,,,,,,,,,,,,,
,,,,,,,,,,,,,,,,,,,,,,,,,
,,,,,,,,,,,,,,,,,,,,,,,,,
,,,,,,,,,,,,,,,,,,,,,,,,,
,,,,,,,,,,,,,,,,,,,,,,,,,
,,,,,,,,,,,,,,,,,,,,,,,,,
,,,,,,,,,,,,,,,,,,,,,,,,,
,,,,,,,,,,,,,,,,,,,,,,,,,
,,,,,,,,,,,,,,,,,,,,,,,,,
,,,,,,,,,,,,,,,,,,,,,,,,,
,,,,,,,,,,,,,,,,,,,,,,,,,
,,,,,,,,,,,,,,,,,,,,,,,,,
,,,,,,,,,,,,,,,,,,,,,,,,,
,,,,,,,,,,,,,,,,,,,,,,,,,
,,,,,,,,,,,,,,,,,,,,,,,,,
,,,,,,,,,,,,,,,,,,,,,,,,,
,,,,,,,,,,,,,,,,,,,,,,,,,
,,,,,,,,,,,,,,,,,,,,,,,,,
,,,,,,,,,,,,,,,,,,,,,,,,,
,,,,,,,,,,,,,,,,,,,,,,,,,
,,,,,,,,,,,,,,,,,,,,,,,,,
,,,,,,,,,,,,,,,,,,,,,,,,,
,,,,,,,,,,,,,,,,,,,,,,,,,
,,,,,,,,,,,,,,,,,,,,,,,,,
,,,,,,,,,,,,,,,,,,,,,,,,,
,,,,,,,,,,,,,,,,,,,,,,,,,
,,,,,,,,,,,,,,,,,,,,,,,,,
,,,,,,,,,,,,,,,,,,,,,,,,,
,,,,,,,,,,,,,,,,,,,,,,,,,
,,,,,,,,,,,,,,,,,,,,,,,,,
,,,,,,,,,,,,,,,,,,,,,,,,,
,,,,,,,,,,,,,,,,,,,,,,,,,
,,,,,,,,,,,,,,,,,,,,,,,,,
,,,,,,,,,,,,,,,,,,,,,,,,,
,,,,,,,,,,,,,,,,,,,,,,,,,
,,,,,,,,,,,,,,,,,,,,,,,,,
,,,,,,,,,,,,,,,,,,,,,,,,,
,,,,,,,,,,,,,,,,,,,,,,,,,
,,,,,,,,,,,,,,,,,,,,,,,,,
,,,,,,,,,,,,,,,,,,,,,,,,,
,,,,,,,,,,,,,,,,,,,,,,,,,
,,,,,,,,,,,,,,,,,,,,,,,,,
,,,,,,,,,,,,,,,,,,,,,,,,,
,,,,,,,,,,,,,,,,,,,,,,,,,
,,,,,,,,,,,,,,,,,,,,,,,,,
,,,,,,,,,,,,,,,,,,,,,,,,,
,,,,,,,,,,,,,,,,,,,,,,,,,
,,,,,,,,,,,,,,,,,,,,,,,,,
,,,,,,,,,,,,,,,,,,,,,,,,,
,,,,,,,,,,,,,,,,,,,,,,,,,
,,,,,,,,,,,,,,,,,,,,,,,,,
,,,,,,,,,,,,,,,,,,,,,,,,,
,,,,,,,,,,,,,,,,,,,,,,,,,
,,,,,,,,,,,,,,,,,,,,,,,,,
,,,,,,,,,,,,,,,,,,,,,,,,,
,,,,,,,,,,,,,,,,,,,,,,,,,
,,,,,,,,,,,,,,,,,,,,,,,,,
,,,,,,,,,,,,,,,,,,,,,,,,,
,,,,,,,,,,,,,,,,,,,,,,,,,
,,,,,,,,,,,,,,,,,,,,,,,,,
,,,,,,,,,,,,,,,,,,,,,,,,,
,,,,,,,,,,,,,,,,,,,,,,,,,
,,,,,,,,,,,,,,,,,,,,,,,,,
,,,,,,,,,,,,,,,,,,,,,,,,,
,,,,,,,,,,,,,,,,,,,,,,,,,
,,,,,,,,,,,,,,,,,,,,,,,,,
,,,,,,,,,,,,,,,,,,,,,,,,,
,,,,,,,,,,,,,,,,,,,,,,,,,
,,,,,,,,,,,,,,,,,,,,,,,,,
,,,,,,,,,,,,,,,,,,,,,,,,,
,,,,,,,,,,,,,,,,,,,,,,,,,
,,,,,,,,,,,,,,,,,,,,,,,,,
,,,,,,,,,,,,,,,,,,,,,,,,,
,,,,,,,,,,,,,,,,,,,,,,,,,
,,,,,,,,,,,,,,,,,,,,,,,,,
,,,,,,,,,,,,,,,,,,,,,,,,,
,,,,,,,,,,,,,,,,,,,,,,,,,
,,,,,,,,,,,,,,,,,,,,,,,,,
,,,,,,,,,,,,,,,,,,,,,,,,,
,,,,,,,,,,,,,,,,,,,,,,,,,
,,,,,,,,,,,,,,,,,,,,,,,,,
,,,,,,,,,,,,,,,,,,,,,,,,,
,,,,,,,,,,,,,,,,,,,,,,,,,
,,,,,,,,,,,,,,,,,,,,,,,,,
,,,,,,,,,,,,,,,,,,,,,,,,,
,,,,,,,,,,,,,,,,,,,,,,,,,
,,,,,,,,,,,,,,,,,,,,,,,,,
,,,,,,,,,,,,,,,,,,,,,,,,,
,,,,,,,,,,,,,,,,,,,,,,,,,
,,,,,,,,,,,,,,,,,,,,,,,,,
,,,,,,,,,,,,,,,,,,,,,,,,,
,,,,,,,,,,,,,,,,,,,,,,,,,
