final_review_id,manual_keep,manual_label,severity_level,manual_notes,review_status,strict_score,strict_signal_count,strict_signals,review_text,airline_name,recommended,over_all_rating,route,review_date,date_flown,trip_verified,source_dataset,source_note,candidate_rank,recommended_action,manual_reason,exclusion_hints,review_header,type_of_traveller,seat_type
REAL-VA-001,yes,violent_aggressive,high,"explicit threat in airline/security/staff context; police/security conflict, intervention, detention, removal, or threat context; staff/passenger aggressive, abusive, harassing, humiliating, racist, or discriminatory conduct",assistant_manual_check_completed,19,5,direct_threat; aggressive_abusive; harassment_discrimination; police_security_conflict; staff_passenger_conflict,"At the airport for my flight from LA to Boston,at Los Angeles LAX JetBlue domestic check-in gate, I was denied boarding because the check-in agent made the unilateral decision that my service animal, Skylar, was not allowed on board, despite repeated attempts to show her the appropriate documentation in my possession as well as explaining our history together. Her questions and attitude towards me and my experience at the check-in were curt and dismissive to me as a person and insensitive to my condition. I imagine her frustrated attitude was due to the fact that there was a lot of confusion and chaos in the boarding area which added to everyone's discomfort. Additionally, her questions were not in line with the code of federal regulations when she demanded repeatedly for a detailed answer of what service animal I had and wanting for me to say something to justify my disability and need for her. When she considered my answers incomplete, she orally aggressively told me to get out of the line, when all I did was calmly explain my situation, and threatened repeatedly to call the police on me if I did not comply to her demands. The agent then escalated the interaction by saying I was ""no longer a JetBlue customer"" and calling her colleague (I asked to speak to her supervisor which she refused for over an hour, and only another employee came 1 whole hour later) with a member of LAPD police despite my reasonable answers in the face of her intimidating tactics. When I realized that the CRO was not there to arbitrate, rather support only the agent and not me as a customer, I had no recourse but to fly a different airline. American Airlines check-in counter was in the same area as the JetBlue check-in. The American Airlines agents accepted me as a customer when I produced my service animal documents without further questioning. When I followed up with Jetblue customer service, their agent inaccurately described the events and offered a) absolutely no compensation for what had happened, when all I asked for simply just the cash refund for the flight they refused to let me on, b) they have me stuck with flight credits that I cannot and refuse to use, c) admitted they did nothing wrong or illegal. When it comes to airline travel, I would like to know that those who are tasked with providing a pleasant experience from gate to gate are reasonable employees with proper training instead of discriminatory judgement, especially against a young woman of color with a disability service dog. Failing that, I would expect a reputable company to make right any failings in that experience. The agents are examples of how Jetblue and its employees are callous, rude, and misuse the power and responsibility they have. Travelers, especially those requiring accommodations, should look to another airline as Jetblue does not have any interest in customer safety or satisfaction.",jetblue-airways,no,1.0,los_angeles_to_boston,2022-09-15,august_2022,Trip Verified,Mendeley/Skytrax Airline Review Data.xlsx,"Manually checked from strict 390-candidate extraction from the 64,740-row Skytrax airline review dataset.",1,priority_review_likely_violent_aggressive,"direct threat/threatening language; aggressive or abusive language; harassment, humiliation, racism, or discrimination language; police/security conflict or intervention context; staff/passenger conflict with aggression/abuse context",,"""extremely traumatizing experience""",solo_leisure,economy_class
REAL-VA-002,yes,violent_aggressive,high,"explicit threat in airline/security/staff context; reported physical confrontation or violence-related act; staff/passenger aggressive, abusive, harassing, humiliating, racist, or discriminatory conduct; yelling/screaming/shouting in staff/passenger conflict",assistant_manual_check_completed,17,4,direct_threat; aggressive_abusive; physical_violence; staff_passenger_conflict,"One of the female Delta staff members began by yelling at everyone impatiently on the intercom repeatedly. She was angry, and was not able to maintain any semblance of professionalism. She specifically picked me out of the line while waiting to board, and separated me from my friend I was traveling with. She proceeded to allow my friend to board and then when I stepped up behind her to board, this person screamed at me to get back in line and she refused to allow me to board. I waited in disbelief and then she sent me to the other agent who asked me what was going on, I said I didn't know but she won't let me board, at this time the agent yelled across the entire crowd, ""Stop causing drama lady!"" Instead of the agent scanning and letting me board she sent me back to the agent who refused to board me and threw me out of the line. I stood there observing her yelling at other customers, trying to separate kids from their families, another customer experiencing exactly what they just did to me but she was screaming. At this point my friend stared videoing the agents with her cell phone of all the bullying going on, the agent saw her and stomped over and forced her around the corner out of anyones view in the boarding cart and it was at this time that the agent grabbed my friends phone from her hand and erased all her video footage. She proceeded to yell at, tower over my friend, and repeatedly threaten her that we are not getting on the plane. My friend repeatedly told her that she was terrifying her! It continued and the agent came back to me and the threats continued that ""they"" are reviewing the video to determine if ""they"" are going to let me board. She then proceeded to gaslight me saying she wasn't the one not letting me board and that I may be not able to board. Why? I have no idea. After the entire plane was boarded, I was finally scanned and let on, the last to board, my friend was shaking and totally traumatized from the assault and abuse. After I got home I wrote a detailed complaint, letters to the board members in administration and received Zero response from anyone but they stated that they did an investigation and nothing happened, no one remembers me, they lied and said there was nothing on the video (which was over 30 minutes of dozens of incidences of abuses towards customers), refused to accept any responsibility. Delta absolutely covered up this ordeal with an entire gate being traumatized and abused by 2 of their employees and then my friend assaulted with her phone being grabbed from her hand and her videos being deleted.",delta-air-lines,no,1.0,atlanta_to_bogota,2024-09-22,june_2024,Trip Verified,Mendeley/Skytrax Airline Review Data.xlsx,"Manually checked from strict 390-candidate extraction from the 64,740-row Skytrax airline review dataset.",2,priority_review_likely_violent_aggressive,direct threat/threatening language; aggressive or abusive language; physical violence or assault/fight language; staff/passenger conflict with aggression/abuse context,,"""covered up this ordeal2",solo_leisure,economy_class
REAL-VA-003,yes,violent_aggressive,high,"explicit threat in airline/security/staff context; police/security conflict, intervention, detention, removal, or threat context; staff/passenger aggressive, abusive, harassing, humiliating, racist, or discriminatory conduct",assistant_manual_check_completed,16,4,direct_threat; aggressive_abusive; police_security_conflict; staff_passenger_conflict,"This airline will one day get its comeuppance for posing as a quality flag carrier (it has to be said, no expense is spared on its branding) while operating as a cheap and sleazy budget airline, thanks to the rationale of its greedy and cynical new management. I have Bronze status with BA Executive Club, have flown a dozen times over the past year (both in Business and in Economy) and am increasingly irritated with myself that I chose to collect points with this particular airline. I was caught up in the IT meltdown in May (flying from Rhodes to London), and I was one of the lucky ones (who doesn't remember those surreal news reports of passengers stranded all over the world for 4 days?). I had to purchase a new ticket on a charter flight from Rhodes airport when my flight was cancelled (along with hundreds of other BA flights in May); this (incidentally: ghastly TUI) replacement flight arrived so much later than the flight I booked that I lost my pre-paid hotel booking at the airport, which the airline refused to refund when I lodged a claim. The airline only refunded me for my cancelled flight and my new flight, along with EU compensation, after I sent a second email a month after my first claim, as they simply neglected to raise a cheque for me, according to the customer agent. Their customer service is beyond atrocious. I suspect they swear company oaths never to genuinely apologise for BA failings (all you get is ""bear with us, we're trying really hard""), lest actually saying sorry should incur legal liability. I am unfortunately due to fly with them again at the end of the month to Belfast, and after two calls to their contact center (based in India, with a poor connection and amateur communication overall) still do not know if my travel companion will be allowed to travel on a domestic flight as a Canadian citizen without a UK ID document. The customer agents I spoke to gave me contradictory answers, which, in turn, run contrary to the (almost non-existent) information provided on their website. On the flights I have booked which have actually taken place, I have by turns found myself stuck along with fellow passengers on the tarmac for an hour and a half in BDX when the plane lost its takeoff spot, having waited for delayed passengers (would they admit this was their fault? Nope, it was all air traffic control's fault!), been held on the tarmac in TLS for an hour whilst they sorted out luggage which had mistakenly been put on our plane, retrieved a used bottle of rancid baby milk from my Club seat (no apology from the flight attendant who seemed annoyed at having to handle it), sat in a seat totally encrusted in potato chips apparently used as confetti by a previous passenger and found myself wedged between totally drunken and abusive passengers in Club and a scolding flight attendant threatening to have them arrested on arrival. As I mentioned, I have been one of their luckier passengers.",british-airways,no,2.0,toulouse_to_london_heathrow,2017-08-17,august_2017,Verified Review,Mendeley/Skytrax Airline Review Data.xlsx,"Manually checked from strict 390-candidate extraction from the 64,740-row Skytrax airline review dataset.",3,priority_review_likely_violent_aggressive,direct threat/threatening language; aggressive or abusive language; police/security conflict or intervention context; staff/passenger conflict with aggression/abuse context,,"""cheap and sleazy budget airline""",couple_leisure,economy_class
REAL-VA-004,yes,violent_aggressive,high,"explicit threat in airline/security/staff context; police/security conflict, intervention, detention, removal, or threat context; yelling/screaming/shouting in staff/passenger conflict",assistant_manual_check_completed,16,4,direct_threat; aggressive_abusive; police_security_conflict; staff_passenger_conflict,"The Maui to Seattle flight was delayed by over 4 hours and we were not informed or notified in any manner. We had arrived from Honolulu and were waiting by the gate when we noticed the departure time change. I was traveling with my wife and 9 month old son and we did not expect this and didn't know what to do since this was our first time travelling with him. My wife went to inquire about the situation and was told by the manager/chief at the gate desk and they said ""there is nothing we can do"". She was worried because we did not have any baby food left or formula and it was frustrating. I went to speak to the same manager/chief and ask if we could get any assistance because we would have to sit in an airport with an infant for an additional 4 hours on top of the initial 2 hour of our flight. While I was talking to them they called security and threatened to get us thrown out of the airport because manager said she will not speak to us because ""we could not understand even is she tried to explain it"" I believe she was trying to imply we were incapable of understanding her and we need to move out of the way so she can help other customers. Shas just gotten another frustrated customer who was yelling and screaming at her and being hysterical but she gave her a completely different treatment and gave her another flight since she was from there and decided to flight out another time. We stood back and record while the security arrived and started questioning us. This was so frightening for us. We didnt know what was going to happen to us. Were we going to get arrested? were they going to take out infant son from us? what were we going to do in a place that is foreign to us and we did not know anyone there so thats where we were recording for our own safety. We decided to wait it out because it felt like the more inquiries or help we requested it was met with aggression and complete disregard of our infant child. We swore never to travel there ever again because we have never felt so helpless and disregarded and treated so poorly compared to others.",hawaiian-airlines,no,1.0,honolulu_to_seattle_via_maui,2023-05-08,may_2023,Not Verified,Mendeley/Skytrax Airline Review Data.xlsx,"Manually checked from strict 390-candidate extraction from the 64,740-row Skytrax airline review dataset.",4,priority_review_likely_violent_aggressive,direct threat/threatening language; aggressive or abusive language; police/security conflict or intervention context; staff/passenger conflict with aggression/abuse context,,"""felt so helpless and disregarded""",family_leisure,economy_class
REAL-VA-005,yes,violent_aggressive,high,"explicit threat in airline/security/staff context; police/security conflict, intervention, detention, removal, or threat context",assistant_manual_check_completed,16,4,direct_threat; aggressive_abusive; police_security_conflict; staff_passenger_conflict,"As soon as I sat down I was helping my kids get their seat belts on. During the reaching around my masked slipped a bit down my nose. I was startled when a very young flight attendant very rudely and sharply said that my mask had to stay all the way to the top of my nose for the entire flight. It was not what she said but how she said it. My flight was 5 hours delayed and this was at 6 hour flight at 4 in the morning. Then she woke me up twice because my mask had slipped a little down while I was asleep. I walked to the bathroom and clearly saw 6 or more people with masks completely off. I felt targeted. My 10 year old asked me why that flight attendant seemed out to get me. I have traveled during Covid many times. I have never experienced such a rude, heartless, unsympathetic flight attendant. My family and I were doing the best we could. Second time she woke me up, she threatened to have police meet my family at the gate. This is a ridiculous abuse of authority from a power hungry child who should clearly not be in the service industry. I was nothing but kind saying I was sorry, I was sleeping and it slipped down a bit. She made me extremely uncomfortable the entire flight.",delta-air-lines,no,1.0,raleigh_to_seattle,2020-11-25,november_2020,Not Verified,Mendeley/Skytrax Airline Review Data.xlsx,"Manually checked from strict 390-candidate extraction from the 64,740-row Skytrax airline review dataset.",5,priority_review_likely_violent_aggressive,direct threat/threatening language; aggressive or abusive language; police/security conflict or intervention context; staff/passenger conflict with aggression/abuse context,,"""a ridiculous abuse of authority""",family_leisure,premium_economy
REAL-VA-006,yes,violent_aggressive,high,"explicit threat in airline/security/staff context; police/security conflict, intervention, detention, removal, or threat context; staff/passenger aggressive, abusive, harassing, humiliating, racist, or discriminatory conduct",assistant_manual_check_completed,16,4,direct_threat; aggressive_abusive; police_security_conflict; staff_passenger_conflict,"I had to end my vacation in the Caribbean to return to Canada for a family emergency. What was supposed to be an 9h trip turned into a four day nightmare that cost me upwards of $2800 USD in out of pocket expenses, in addition to the original ticket price. I was shocked to find some United employees incredibly lacking in empathy and extremely aggressive. On day three of the ordeal, a customer service rep at Newark took a cursory look at my booking, claimed I was rebooked on an air Canada flight and was “no longer a United passenger.” I told her, the booking was not complete and Air Canada had explained (after I had gone back and forth between the two long queues) that United had not actually booked me, it was more of a temporary hold. The United staff refused to even speak to me, even as I begged tears streaming down my face explaining I had a family emergency. A manager then aggressively threatened to call security if I didn’t step aside because I “had already used up 30 minutes of their time,” which she knew was a blatant lie. I then had to go back to Air Canada and then called United on the phone, all of which was useless. I finally booked myself on a new ticket, via the United app, travelled to another terminal (C) and waited for 8 hours only to have that trip cancelled as well. I was now approaching day 4 so feeling utterly defeated, I booked myself a business class ticket home from Newark with Air Canada. It cost me $2300 USD and was a red eye with a long layover in Quebec City, but that flight DID make it and I’m now home. I think United deserves to be sued for its failure to support and look after the wellbeing of its customers. Shame on them and on lawmakers who allow this level of negligence and disregard for passengers’ wellbeing (see reports of the atrocious conditions in some terminals especially Newark terminal C). I will never travel with United or through the US again for that matter.",united-airlines,no,1.0,nassau_to_montreal_via_newark,2023-06-29,june_2023,Trip Verified,Mendeley/Skytrax Airline Review Data.xlsx,"Manually checked from strict 390-candidate extraction from the 64,740-row Skytrax airline review dataset.",6,priority_review_likely_violent_aggressive,direct threat/threatening language; aggressive or abusive language; police/security conflict or intervention context; staff/passenger conflict with aggression/abuse context,,"""lacking in empathy and extremely aggressive""",solo_leisure,economy_class
REAL-VA-007,yes,violent_aggressive,high,reported physical confrontation or violence-related act,assistant_manual_check_completed,15,3,direct_threat; physical_violence; weapon_terror,"However a few minutes before call to board an announcement came over that that no food nor drink would be available on this flight, no explanation as to the reason. Fortunately I was in the business lounge so grabbed a can of coke and a couple of rolls but for others they would have no time to purchase anything even if they are happy to pay airport prices. This was a 4 hour flight by the way. I had no idea that BA are now charging for food and drink even for water (they kept that one quiet). I rarely travel with hold luggage so now have to pay extra for the luxury of choosing a half decent seat (they kept that one quiet as well when this policy was introduced last spring). How long before they start charging for airport check in or duplicate documents the same as Ryanair. Will they be selling lottery tickets next? Pay-as-you go toilet? British Airways still refer to themselves as ""the worlds favourite airline"". Based on who`s opinion exactly? See no point in using BA now. They usually come out as one of the most expensive carriers when choosing a route. They have the most ignorant and unhelpful cabin staff out of any other carriers. I fly about 100 times annually through business and try and avoid BA. With this latest money grabbing scam I will change my scheduling to avoid them. There are plenty other quality carriers who like BA are struggling to maintain profits. All have the same threat of terrorism, fluctuating oil prices, adverse weather, air-traffic control strikes etc. but they are not punishing the very people who keep their planes in the air.",british-airways,no,1.0,ath_to_lhr,2017-01-16,january_2017,Verified Review,Mendeley/Skytrax Airline Review Data.xlsx,"Manually checked from strict 390-candidate extraction from the 64,740-row Skytrax airline review dataset.",7,priority_review_likely_violent_aggressive,direct threat/threatening language; physical violence or assault/fight language; weapon/terrorism-related term,,"""see no point in using BA now""",business,economy_class
REAL-VA-008,yes,violent_aggressive,high,"police/security conflict, intervention, detention, removal, or threat context; staff/passenger aggressive, abusive, harassing, humiliating, racist, or discriminatory conduct",assistant_manual_check_completed,14,4,aggressive_abusive; harassment_discrimination; police_security_conflict; staff_passenger_conflict,"While I understand the crew has a specific amount of sleep assigned, that policy is not passed down to their patrons. I missed my connecting flight to Eugene Oregon because of the crew’s right to sleep, causing a 13 hour delay because there was not another flight until midnight. The parties that were to pick me up had to make the 2 hour drive from Seal Rock 2x that day. Returning, I arrived at the Eugene airport at 6:30 pm on 10/10/23 because My son and his wife had to work and could not provide transportation on 10/11/23 when my flight was scheduled. I tried to sleep but was told to move to the lobby. This caused me to go through TSA 2x. The automated announcement railed every few minutes incessantly about unattended baggage. The floor was cleaned for what felt like hours. No sleep may have been to be expected. My ticket listed Gate F, which does not exist. The telemonitor said Gate A4. Loading started at 12:59. I got concerned about 1:00 because I heard nothing. The flight was at Gate B1. I got there by 1:06 and was told that I had to reschedule. I arrived in Seattle at approximately 6, tired and unrested. I went to one of the restaurants for dinner. From 6:30-10:30 while waiting on the flight to Orlando, I ate and drank 4 glasses of wine. I still have gotten any sleep. My flight did not leave until 10:20 pm. I arrived, was allowed on, and sat down glad to have an opportunity to sleep. That would not happen. The FA said to come with her. I complied. The staff at the desk told me that I stumbled therefore I could not get on the plane. I hadn't been belligerent, aggressive, or bothered anyone. I argued with him for a moment. He had already called the police. I left the vicinity. The staff said my ticket would be refunded in 5-7 business days. I had only $130 and other tickets were running at min $400. I sat in the Seattle Airport all night because nothing was open and I did not know what to do. Staff saw me again Thurs. am, again with no sleep, and again called the cops on me, assumingly because he decided that I was not to be on the premises. I answered to the police that I had had a ticket, that I had a right to be there, and I would appreciate them not bothering me. I called Customer Service. No assistance. I went to the Alaskan CS Desk and spoke with Anthony. He was very helpful. Derrick, his Supervisor, very professional, said that he could not override the decision to allow me to fly with Alaska Airlines due to what that staff wrote in his report - I had harassed staff & become aggressive with the police, which is clearly not true if you review the camera footage I asked where I should stay and Derrick told me anywhere it did not interfere with their employment. Of which I agreed, stating that I had not done that previously. I told Derrick that he needed to tell his employee to stop calling the police on me. Due only to borrowing money from my 82 year old mother, I finally arrived at MCO airport at 10:30 am Fri am . I went to get my baggage CS They were locked. I called Alaska Airline CS again and was told that I would have to wait until 2:30 pm. At 2:45 pm there was still no employee there.",alaska-airlines,no,1.0,seattle_to_orlando_via_eugene,2023-10-17,october_2023,Trip Verified,Mendeley/Skytrax Airline Review Data.xlsx,"Manually checked from strict 390-candidate extraction from the 64,740-row Skytrax airline review dataset.",8,priority_review_likely_violent_aggressive,"aggressive or abusive language; harassment, humiliation, racism, or discrimination language; police/security conflict or intervention context; staff/passenger conflict with aggression/abuse context",,"""I could not get on the plane""",solo_leisure,economy_class
REAL-VA-009,yes,violent_aggressive,high,"explicit threat in airline/security/staff context; police/security conflict, intervention, detention, removal, or threat context",assistant_manual_check_completed,14,3,direct_threat; physical_violence; staff_passenger_conflict,"There were problems even before we boarded. We were supposed to board at 7:15p.m. but the plane hadn't even arrived at the gate. Communication between Virgin Australia and customers were laughable. We were not told of any delays until we were told it was time to board. It seems that to prevent negative advertising, the company did not use Sydney airport's PA system for fear of other travellers hearing and instead told us the delay on the aircraft. What is the use of mentioning a delayed boarding after the passengers have already boarded? As if the delay wasn't enough, the flight attendants were frustrated throughout the journey. They pushed the drink trolley around so fast that I did not have time to even flag them down for a cup of water! When we landed, the flight attendant on the microphone told us in a threatening manner that as customs shuts down their computers at 3am, we would need to hurry as we only had 25 minutes to disembark, go through border security and leave the airport. The way she was speaking, it was as if it was our fault the flight was delayed in the first place. My first flight with Virgin Australia was a bad one and I will not fly them again - unless their tickets are as cheap as this flight.",virgin-australia,no,4.0,syd_to_chc,2016-10-16,september_2016,Verified Review,Mendeley/Skytrax Airline Review Data.xlsx,"Manually checked from strict 390-candidate extraction from the 64,740-row Skytrax airline review dataset.",9,priority_review_likely_violent_aggressive,direct threat/threatening language; physical violence or assault/fight language; staff/passenger conflict with aggression/abuse context,,"""I will not fly them again""",family_leisure,economy_class
REAL-VA-010,yes,violent_aggressive,high,explicit threat in airline/security/staff context; reported physical confrontation or violence-related act,assistant_manual_check_completed,14,3,direct_threat; physical_violence; staff_passenger_conflict,"Last minute trip booked for a family of 4 (2 adults, 2 children, 6 yrs and 2 yrs). Was originally scheduled to fly back to MEL from HK but had to double back to Shanghai and Cathay did not have any available flights to MEL til 12/1/19. Had to settle with China Eastern Airlines as they flew direct to MEL. MU739 was due to depart SH at 12:20am on 5th Jan. By the time we reached the gate, we had already been awake for 22 hours (funeral was on the morning of 4th Jan). Was advised by ground staff at gate to bring stroller onto bus and give to ground staff on tarmac to ensure it is taken on board. There was no airline employee on tarmac when the bus arrived next to the plane, either to control foot traffic or to receive my stroller. Most passengers crowded onto the staircase leading to the entrance of the plane, the bitter cold and wet weather did not help matters. China Eastern Airlines has a policy of re-scanning boarding passes right before boarding the plane (to avoid abscondees?) which they decided to carry out half way up the covered staircase, in turn creating a bottleneck situation with more than half of the bus passengers left on the tarmac exposed to the cold and rain. I had no choice but to carry the folded stroller, along with carry-on luggage and trying to hold on to my 6 yr old daughter, up the slippery and over-crowded staircase. She slipped and fell 3 times along the way. While I was complaining to a flight attendant, the Cabin Manager intervened and accused me of being disrespectful and threatened to throw me off the flight. The cabin manager took all of my criticisms of the airline's practices as personal attack and insisted that I was insulting him. I attempted to de-escalate the situation by going to my seat but he blocked the passage way and shoved me when I tried to go past him. I did not make any further contact with him after I found my seats. 15 minutes later, ground security approached me, to ask me to leave the flight. I tried to appeal to the Captain of the plane but was told that my emotional state posed a safety concern for the rest of the passengers and that an apology to the cabin manager could have rectified the situation but it was too late. My request for an interpreter was denied; we were given 1 minute to decide whether I leave on my own or together as a family; airline staff promised there would be assistance available back at the departure gate. However, we discovered there was no one to assist us, apart from two lowly ranked employees who brought our checked-in luggage. We ended up being stranded at Shanghai airport for 20 hours until the next available CE flight as the airline refused to refund me the airfare or transfer us to a different airline. I spoke to no fewer than a dozen CE staff at the airport and on the customer service helpline, no one acknowledged the desperate situation we were in. As this was a last minute trip to attend a funeral service, we did not carry much Chinese currency on us (Currency exchange was also closed), local sim card to make phone calls for external assistance. Since this incident, I have followed up on average twice a day with CE. To date, all I have received are broken promises (to call within x hours) and hand-balling of my complaint.",china-eastern-airlines,no,1.0,shanghai_to_melbourne,2019-01-18,january_2019,Trip Verified,Mendeley/Skytrax Airline Review Data.xlsx,"Manually checked from strict 390-candidate extraction from the 64,740-row Skytrax airline review dataset.",10,priority_review_likely_violent_aggressive,direct threat/threatening language; physical violence or assault/fight language; staff/passenger conflict with aggression/abuse context,,"""ask me to leave the flight""",family_leisure,economy_class
REAL-VA-011,yes,violent_aggressive,high,reported physical confrontation or violence-related act,assistant_manual_check_completed,14,3,direct_threat; physical_violence; police_security_conflict,"I'm a multi-million miler, and I'd be hard pressed to think of a worse experience than 15 hours on Air India. Not all of it is the airline's fault--but if you connect from a domestic flight to leave from Delhi, you go through seven different ID and security checks before getting on the plane: everything from accessing the terminal to accessing the gate, each has its own separate security inspection. I'm not sure what terrible people they believe would pose a threat to an airline which needs no help falling apart. At the gate. We were delayed several hours for reasons unknown and unexplained. When we did board, there was immense disappointment. The seat cushion at my seat was clearly from a regional aircraft and did not fit the seat, It covered maybe 75% of the seat area, and the rest of me was sitting on the gap or directly on the metal seat frame. The entertainment system was non-functional. A 15 hour flight, and it was broken. But whatever, it's 4AM and we've been waiting almost four hours to leave. It's time to push back. And we're back to the gate. At least the pilot checked to see if we had fuel before taking off. Because apparently we didn't have enough. And refueling took another 40 minutes. That hardly seems like a top up because we idled the engines for too long. And now we're finally on our way. The food served was...pretty dreadful. The cabin crew did their best, but the condition of the aircraft wasn't their fault. However, the cleanliness of the aircraft was indeed their responsibility. By midflight, all but one lavatory had run out of toilet paper and paper towels. The one lavatory which hadn't run out of paper had an actual hole punched in the bottom of the toilet, and was covered in human waste as it could no longer flush. It was probably the most disgusting thing I'd ever seen, and even worse, there were no alternatives--waiting another 6 hours wouldn't end well for me. The ironic thing is that the inflight maps show the locations of famous shipwrecks as you fly over them--which serves as a reminder that there are some journeys that actually are worse than flying Air India. Change here needs to start from the top, and run through this organization like an avalanche. They'll need years of good reviews and quality results before I'd consider them again, but I don't think they'll have that luxury.",air-india,no,1.0,delhi_to_washington,2019-03-28,february_2019,Trip Verified,Mendeley/Skytrax Airline Review Data.xlsx,"Manually checked from strict 390-candidate extraction from the 64,740-row Skytrax airline review dataset.",11,priority_review_likely_violent_aggressive,direct threat/threatening language; physical violence or assault/fight language; police/security conflict or intervention context,routine_security_check,"""it's going to be worse""",business,economy_class
REAL-VA-012,yes,violent_aggressive,high,"explicit threat in airline/security/staff context; police/security conflict, intervention, detention, removal, or threat context",assistant_manual_check_completed,14,3,direct_threat; physical_violence; police_security_conflict,"The luggage of a good portion of the passenger however did not arrive. Resulted in long lines/long wait to enter a claim for the lost luggage. This can happen, 4 days later I finally have my luggage. This was the easy part of my travel. Return flight Munich to Reykjavik to Washington. I checked in and was at the boarding gate more than 2 hours before departure. Flight was a little delayed. During boarding I was told to step aside with no explanation. Plan was boarded, and my inquiries about what is going on was rudely pushed aside and threatened with security. Boarding finished and the plane with my luggage left without me. Now the attended took the time to find out what was going on. A Icelandair staff rebooked me without my consent on another flight and another Airline (Lufthansa) from another terminal. No explanation was given on why and how could that be. No one thought about letting me know, even though I was checked in and sitting at the boarding gate for more than 2 hours. Everybody confused at this point. Plane is leaving in 45 min. How to get me there, through security etc. I was checked in to the Lufthansa flight via phone, but otherwise no help was given except showing me the walkway to the other end of the terminal and the gate location (gate 22 or so where the bus would take me to terminal 2). I was told to better run otherwise I would miss this flight. Running down that hallway turned out to end up at a restricted area, was rerouted by a security officer, finally arriving at the given gate for the bus only to find a sign that stated the bus is no longer leaving from there. Needed to go half way back to gate 8, finally waiting for the bus, making it to terminal 2, making it through the checkpoints and getting to the last one for LH only to be told they can't let me through, my flight just left. Now being told to go to LH Customer Service, arriving sweating, shaking and exhausted (LH Staff is great, arranging for the next flight out on United Airlines, arranging for a Hotel for the night (paid via Islandair- small token), they took care off all the communication with Iceland air. They told me how to get best back to Terminal one to yet again file a lost baggage claim with Icelandair as my luggage went with my original flight without me (against security regulations). Finally get on the United Airline flight the next morning, however, arriving yet again without luggage. I filed a claim two weeks ago, for reimbursement of expenses due to continued lost luggage and partial reimbursement of my original flight (as it is against passenger protection to rebook after check-in without passengers consent). All I have on a response so far is an automated response that the claim has been received. Via phone I am told I can't speak to a Customer Service Representative in regards to my claim and that the claim has not yet been assigned. Promises of a response so far have been broken.",icelandair,no,1.0,munich_via_keflavik,2017-05-19,april_2017,Verified Review,Mendeley/Skytrax Airline Review Data.xlsx,"Manually checked from strict 390-candidate extraction from the 64,740-row Skytrax airline review dataset.",12,priority_review_likely_violent_aggressive,direct threat/threatening language; physical violence or assault/fight language; police/security conflict or intervention context,routine_security_check,"""Promises so far have been broken""",solo_leisure,economy_class
REAL-VA-013,yes,violent_aggressive,high,"explicit threat in airline/security/staff context; staff/passenger aggressive, abusive, harassing, humiliating, racist, or discriminatory conduct",assistant_manual_check_completed,14,3,direct_threat; physical_violence; staff_passenger_conflict,"Silver Airways is the absolute worst airline I’ve ever flown. I have an expensive carry on bag that I always travel with. I was allowed to bring it on plane on original flight. On the return flight, an extremely rude and unprofessional flight attendant forced me off the plane to give ground crew my bag. Another gentleman entered the plane with the same bag and told me just to put my purse in my duffel carryon bag. I tried but she wouldn’t let me off the plane and wouldn’t offer to ask the ground crew to bring it to me. Then she came back to my seat and threatened to kick me off the plane in an extremely confrontational manner because she said I called the baggage handler a name. That never happened! There was no reason to be upset with him. I had no issue with him. Completely made that up to throw her weight around! All of that and there were empty compartment bins all over the plane. Worse than that is the condition of the planes. Felt and sounded like riding in a tin can. Pieces were broken off inside the plane and bathroom light was broken. Told to use our flashlight on our phones to see in bathroom.  Steer clear of this low budget, high priced airline with extremely unprofessional employees abusing their power! There were people who had been waiting over 8 hours for flights in terminal and none of the employees could tell you an accurate status for your flight. My departure time changed 6 times in one hour fluctuating from 1-3 hours late!",silver-airways,no,1.0,key_west_to_tampa,2019-07-10,july_2019,Trip Verified,Mendeley/Skytrax Airline Review Data.xlsx,"Manually checked from strict 390-candidate extraction from the 64,740-row Skytrax airline review dataset.",13,priority_review_likely_violent_aggressive,direct threat/threatening language; physical violence or assault/fight language; staff/passenger conflict with aggression/abuse context,,"""absolute worst airline""",business,economy_class
REAL-VA-014,yes,violent_aggressive,high,"explicit threat in airline/security/staff context; reported physical confrontation or violence-related act; police/security conflict, intervention, detention, removal, or threat context",assistant_manual_check_completed,14,3,direct_threat; physical_violence; police_security_conflict,"This caused us to lose an entire day and we paid for excursions that couldn’t be refunded. My Mom, sister, and I were going on the trip of lifetime to Barcelona. We boarded the plane in Philadelphia and sat on it for two hours before we had to get off after two hours. We were told there was multiple failures. How were we even able to board? We got off the plane with no instructions. We were supposed to get our meal/dinner on the plane and they gave us a $12 meal voucher so we could get a bag of Cheetos in the airport - LOL! At that time most of the restaurants were not serving food any longer. They provided us with a hotel and shuttle service. The hotel left much to be desired and we ended up getting an Uber because the line was so long to get a shuttle. We also found out that a flight to Paris was also cancelled. The next day we came back we sat in an area and left our travel pillows and a set of crutches in a back seating area. We grabbed lunch and came back to the area with a flight attendant sitting there. She said those were her pillows and we couldn’t sit there. We asked why and she said it was for crew. I asked why we couldn’t sit there because there was no signage for indicating we couldn’t sit there. She asked if I knew I was talking to and I said are you an employee. She said yes and I asked her name. She threatened to call security. Mind you I am in a wheelchair. I told her go for it! I can’t go anywhere fast. She eventually left the area and everyone around us thought she was totally inappropriate. I will definitely consider this experience as we consider flying in the future.",american-airlines,no,1.0,philadelphia_to_barcelona,2023-09-23,september_2023,Not Verified,Mendeley/Skytrax Airline Review Data.xlsx,"Manually checked from strict 390-candidate extraction from the 64,740-row Skytrax airline review dataset.",14,priority_review_likely_violent_aggressive,direct threat/threatening language; physical violence or assault/fight language; police/security conflict or intervention context,,"""most disappointing experience""",family_leisure,premium_economy
REAL-VA-015,yes,violent_aggressive,high,explicit threat in airline/security/staff context; reported physical confrontation or violence-related act,assistant_manual_check_completed,14,3,direct_threat; physical_violence; staff_passenger_conflict,"My father-in-law, died Saturday might in Philippines. Monday morning after 24 hours of non-stop preparation we arrived at the American counter at 4 am, 3 hours early for our flight. We were scheduled to fly from Baltimore to Dallas to South Korea to the Philippines. We got to the baggage checkin and were suddenly told we needed to book a return flight to board the plane to Dallas. With 25 minutes to spare before baggage check-in closed we scrambled and booked a return flight. We took the three hour flight to Dallas. We headed to our gate once in Dallas and were paged on the way there. We arrived at 10:23 am at gate D23 where the American Airlines agent hurriedly told us we would be denied boarding. She provided a printout that showed we wouldn't be allowed in to the Philippines. In fact on further review the print-out showed that while I might not be able to go, my wife who had been born in the Philippines should be able to go. But in her excited state the agent repeatedly showed us the printout and claimed it was cause to deny us passage. My wife was very distraught at this news. She wanted to get home to say goodbye to her Dad. He had suffered through illness for a decade and one of the only comforts we were hoping for was to be with family. My wife pleaded with the agent and at one point she said ""How do I know if your Dad really died?"" When I spoke to the agent she turned the conversation to how hard her job was.  She said she found me ""threatening"". Exasperated I said an emphatic ""Thank You"" and walked to my wife who was crying and inconsolable against a wall. The agent did inform us that if we provided my wife's birth certificate she may be able to board. Through family in the Philippines and friends in Maryland we were miraculously able to come up with the birth certificate electronically. When we provided it, she refused us boarding again. After composing ourselves we had to go to the adjoining Gate D24 to find an American Airlines agent. At that gate at about 11:30 a.m. American Airlines agent said she would give us tickets back to Baltimore as the fair exchange for not going to the Philippines. When we boarded that flight the ticket agents told us that what they had given us were not actually tickets, but they didn't explain what they were. We got home by 10 p.m. the same day. I called American Airlines the next day, NC Office said there ""Was nothing they could do to help."" and only referred me to a different number and website. She said I could use the email at the website and expect a response in two weeks. If I didn't get I response I could only try writing again. There is no way to connect with American Airline leadership. They are hidden behind an internet firewall. American Airlines wants us to pay $1000 for the flight to and from Dallas-Fort Worth. They took no responsibility for what happened. or how we were treated. This doesn't look right to us so we are fighting it.",american-airlines,no,1.0,baltimore_to_seoul_via_dallas,2020-09-04,august_2020,Trip Verified,Mendeley/Skytrax Airline Review Data.xlsx,"Manually checked from strict 390-candidate extraction from the 64,740-row Skytrax airline review dataset.",15,priority_review_likely_violent_aggressive,direct threat/threatening language; physical violence or assault/fight language; staff/passenger conflict with aggression/abuse context,,"""took no responsibility for what happened""",couple_leisure,economy_class
REAL-VA-016,yes,violent_aggressive,high,"explicit threat in airline/security/staff context; police/security conflict, intervention, detention, removal, or threat context; yelling/screaming/shouting in staff/passenger conflict",assistant_manual_check_completed,14,3,direct_threat; physical_violence; staff_passenger_conflict,"The man in seat in front of me was in row 1 of first class (It was a very tiny plane and the upgrade was only $59 so I was treating myself). Passenger 1 was jovial and talkative and showed me a paper cutout of ""Flat Stanley"". (http://www.flatstanleyproject.com/) He was taking photos and videos of Stanley everywhere for his 6yr old daughter. While we were waiting to leave the gate, I heard him talking and asked if he was talking to Flat Stanley. He said that no, he was taking a video of him on the plane for his daughter. One of the stewardesses yelled at him to shut it off. He asked why and explained that he was videoing this doll for his daughter. She was rude and demanding and made him shut off the camera saying he was not allowed to video staff. (Is that even a thing? I can't imagine it's a thing). The passenger complied but was talking to us other passengers and commenting when she was around that she was violating his rights and she might not have a job after he talked to the airline. I said she was probably having a bad day and he should just let it go. When we landed, the doors did not open. A man came up from the back of plane. He was dressed plainly. (jeans and a long sleeved t-shirt, I think it was.) I saw handcuffs hanging from his belt on the small of his back. He stepped into the cockpit with cranky stewardess and shut the door. The next thing I know, ""officer"" is demanding me to get out of my seat and making me stand in the aisle by the stewardesses. It is important to note that he did not identify himself to me or show me a badge. He ordered me around and informed Passenger 1 that he needed to sit there and me to wait. I asked the ""officer"" if he needed me as a witness because I saw it all and this was a horrible misunderstanding. He didn't want to talk to me and did not want my info. I could tell this was looking very bad for Passenger 1. I hastily wrote my name and number on a piece of paper from my purse and gave it to Passenger 1 and offered my help if he needed. When I was told I could deplane, Passenger 1 was still being held inside, He asked if he could take my picture so he could text it to his family so they could find me to let them know what was going on. When I deplaned there were police outside talking to the captain. Turns out, the stewardess said that Passenger 1 threatened her! I was shaking I was so angry at the lie and the injustice. I gave the officers my information and told them what happened. I waited in the airport and Passenger 1 finally came out. He was released and the officers told me all was dismissed. I cannot express strongly enough how angry and horrified I was that in United States of America, we were badgered and pushed around (By a man who did not even bother to identify himself) all because some American Airlines stewardess lied about a passenger and could have caused an innocent man to be on a do-not-fly list or worse, go to jail. To this day, I do not know Passenger 1’s name. He was a stranger to me. But he was unjustly detained and put at personal risk by American Airlines and I hope all is well with him today.",american-airlines,no,1.0,phoenix_to_yuma,2018-02-28,january_2018,Trip Verified,Mendeley/Skytrax Airline Review Data.xlsx,"Manually checked from strict 390-candidate extraction from the 64,740-row Skytrax airline review dataset.",16,priority_review_likely_violent_aggressive,direct threat/threatening language; physical violence or assault/fight language; staff/passenger conflict with aggression/abuse context,,"""badgered and pushed around""",solo_leisure,first_class
REAL-VA-017,yes,violent_aggressive,high,explicit threat in airline/security/staff context; reported physical confrontation or violence-related act; yelling/screaming/shouting in staff/passenger conflict,assistant_manual_check_completed,14,3,direct_threat; physical_violence; staff_passenger_conflict,"We checked in online, had been through security early and waited at our gate. When we boarded, a gate attendant starting asking my husband a question about our carry on luggage but we could not understand her. She was telling us to go back up the tarmac to measure our bag to make sure it fit. We assured her it did we travel often. Another gate attendant proceeded to take the suitcase out of our hands and tell us we had to check it or we would have to take the next flight. I grabbed ahold of our bag as they started pulling it from me and told them I needed something out of it. They started yelling at us to board the plane. They kept yelling it won’t fit it won’t fit. It was such a bizarre interaction how they started threatening us the plane would leave without us and a flight attendant stood in the door and watched this unfold. Our seats were in row 13 and the entire overhead compartment above our seat was empty. The pilot came up to us and asked if there was a problem and I said yes they took our bags and said it wouldn’t have fit, there is plenty of room right here. He replied “I don’t see any bag.” From telling us we had “5 seconds” to board the plane and that they were going to put us on the next flight when we were still early boarding (and still sat on the plane for 15 minutes before take off) I honestly don’t know what the motive was except to attack us both verbally and physically by pulling my bag from me.",american-airlines,no,1.0,phoenix_to_minneapolis,2017-11-25,november_2017,Trip Verified,Mendeley/Skytrax Airline Review Data.xlsx,"Manually checked from strict 390-candidate extraction from the 64,740-row Skytrax airline review dataset.",17,priority_review_likely_violent_aggressive,direct threat/threatening language; physical violence or assault/fight language; staff/passenger conflict with aggression/abuse context,routine_security_check,"""It was such a bizarre interaction""",couple_leisure,premium_economy
REAL-VA-018,yes,violent_aggressive,high,explicit threat in airline/security/staff context; reported physical confrontation or violence-related act; yelling/screaming/shouting in staff/passenger conflict,assistant_manual_check_completed,14,3,direct_threat; physical_violence; staff_passenger_conflict,"When getting in our seats my husband pulled down his mask to communicate to our children where to sit. The flight attendant immediately told my husband to put his mask on, which my husband did. My husband explained he was trying to help our children. The flight attendant then told us we were going to be a problem. This made us uneasy. Right after this another flight attendant started yelling at another passenger about their mask and threatened to extradite the man. At this point I had the worst feeling about the flight. We settled into the flight. My children were doing great and were behaving the best they had on any flight. My son's mask was a little loose. I had given him the 32 degree masks from Costco and they slip. The flight attendant reminded my son to pull up his mask, which he did. Not too long after the flight attendant came to me and told me he had reminded us a lot to put up our masks. My husband told him it had only been two times. The steward began to argue with my husband. I told the steward a firm thank you and he left. At this point I didn't dare rest my eyes. I kept checking my children's masks. My oldest sons mask did slip down again but I would hurry and make sure he had it up. Not once did we ever refuse to wear our masks. Not once were we unruly or trying to be a problem on the flight. We were in the last row of the plane right next to the flight attendant cabin. We could hear them talking bad about the passengers and how awful they were. They seemed really worked up. I then heard the steward say they might have law enforcement waiting for someone at the end of the flight. I heard another female flight attendant say, "" I didn't ask for that to happen."" He responded, ""Well it's done!"" In the back of my mind I was thinking is he talking about us? I quieted my fears and thought it must be the man they had threatened to extradite. By the conversations I was picking up in the back from the flight attendants it seemed like this particular flight attendant really enjoyed the power and was excited to watch seeing someone get kicked off. It was like he could use it at his next gathering of flight attendants where they could tell the crazy stories of what had happened to them. Not okay at the expense of a family just trying to get home with as little problems as possible. Well luckily it wasn't law enforcement, but it was Alaska Airlines employees who handed us a letter that said our connecting flight had been canceled and we are now banned from flying with Alaska Airlines. We tried to tell them that we had tried to comply and that it had been exaggerated, but they wouldn't even let us talk. So here we are a young family of 5, stranded in LA. The same day flights were all $1000 for each family member. We rode a bus to Enterprise who was all out of one way cars. Luckily, there was an amazing employee there. We told him what happened. He got us a van even though he knew he might get in trouble. Honestly, it healed my heart to see someone care after we were treated so badly. We then drove home and arrived safely the next day. All is well that ends well, except I thought this should be shared. I would never intrust Alaskan Airlines with the safety of my family again.",alaska-airlines,no,1.0,"liberia,_costa_rica_to_salt_lake_city_via_los_angeles",2021-10-20,october_2021,Trip Verified,Mendeley/Skytrax Airline Review Data.xlsx,"Manually checked from strict 390-candidate extraction from the 64,740-row Skytrax airline review dataset.",18,priority_review_likely_violent_aggressive,direct threat/threatening language; physical violence or assault/fight language; staff/passenger conflict with aggression/abuse context,,"""I would never intrust Alaskan Airlines with the safety of my family again""",family_leisure,economy_class
REAL-VA-019,yes,violent_aggressive,high,reported physical confrontation or violence-related act; yelling/screaming/shouting in staff/passenger conflict,assistant_manual_check_completed,14,3,physical_violence; staff_passenger_conflict; weapon_terror,"I've never seen such shambles in my life. We were flying with our two 8 month old twins and 10 year old son. When we got to Johannesburg airport we already done online check in so just went to check out bags in. We waited right in front of the queue for a half hour because staff didn't know what they were doing then finally we got helped, it took the women another half hour to just check our bags in then she got all worried then told us she made a massive mistake, she put the previous passengers name tags on our bags so she had to change all the name tags. However, 2 bags were already sent down so she said she will go and change those tags. We quickly went to say goodbye to family and rushed through because we were running late due to the bag situation. While standing in the queue for ages at passport control one of the staff came and shouted at us because we holding the flight up I explained to her it was due to their incompetence we were late not ours - she rudely rushed us to the gate and saying one of our bags is at suspicious bags because there's a toy gun or aerosol can in it - neither of those items in it. When we got to the gate 15 mins before departure we were rudely spoken to by the other staff saying that we were kicked off. One of the staff members walked us to get our bags and out of departures lounge to rebook our flight. Then they realise that they put our tags on someone else's bags so two of our bags was missing, and other passengers wouldn't have their bags either. After 3 hrs of trying to locate our bags they finally decided that they think that our bags were on the flight to London. When rebooking our flight for the next day, they wanted to charge us an extra £500 per adult even though it was their fault we missed our flight. After speaking to the supervisor she said the only thing she can do to help us is only charging us a no show fee that was still £160. The next day got to the airport they said they've got us on the stand by 13:50 flight to Dubai so we will have 9 hrs transit in Dubai. When we got to Dubai we had to get our boarding passes for the next flight only to realise then that the staff at Johannesburg decided not to book our 2 infants on the next flight - luckily the staff at Dubai was helpful and helped us to book them on to the flight. The last straw was when our pushchair went missing due to Johannesburg staff incompetence again.",emirates,yes,5.0,johannesburg_to_london_via_dxb,2015-08-26,august_2015,,Mendeley/Skytrax Airline Review Data.xlsx,"Manually checked from strict 390-candidate extraction from the 64,740-row Skytrax airline review dataset.",19,priority_review_likely_violent_aggressive,physical violence or assault/fight language; staff/passenger conflict with aggression/abuse context; weapon/terrorism-related term,,Emirates customer review,family_leisure,economy_class
REAL-VA-020,yes,violent_aggressive,high,"explicit threat in airline/security/staff context; police/security conflict, intervention, detention, removal, or threat context",assistant_manual_check_completed,13,3,direct_threat; police_security_conflict; staff_passenger_conflict,"The take-off was planned at 00:55am. At 00:00, the person who was taking care of our checking checked our passports and printed our 3 boarding passes. He then asked my friend to show his return ticket to his home country. According to him, this was required as my friend had a business visa expiring in less than 6 months. From 00:00 to 00:30am, we literally begged Sri Lankan employees to provide us an internet access in order to show the required ticket. Moreover we were not able to use the airport wifi as the connexion was too slow. None of the employees helped us in any way. The trainee in charge of our check-in kept on asking us to wait 5 mn for his help, while taking care of the other customers, without finally helping us in any way to solve the situation. His manager was also present, and literally ignored our request. He even threatened us to call the airport security and to throw us out of the airport as we were becoming really worried and helpless. Eventually, I managed to load the ticket of my friend on my own phone, and showed it at 00:30am to the employee. He then replied back that the gate was already closed and didn't let us proceed to the boarding, though we still had 25 mins before flight take-off. We therefore had to change our three tickets for the next flight, paying extra charges, and waiting from 00:55am to 7:20am in the airport. SriLankan Airlines staff made us miss our flight for no valuable reasons. We tried raising a complaint, but they refused to take any action to compensate us.",srilankan-airlines,no,1.0,cmb_to_maa,2016-09-12,august_2016,Verified Review,Mendeley/Skytrax Airline Review Data.xlsx,"Manually checked from strict 390-candidate extraction from the 64,740-row Skytrax airline review dataset.",20,priority_review_likely_violent_aggressive,direct threat/threatening language; police/security conflict or intervention context; staff/passenger conflict with aggression/abuse context,,"""made us miss our flight""",family_leisure,economy_class
REAL-VA-021,yes,violent_aggressive,high,"explicit threat in airline/security/staff context; police/security conflict, intervention, detention, removal, or threat context",assistant_manual_check_completed,13,3,direct_threat; police_security_conflict; staff_passenger_conflict,"We had been contacted via email the previous night while we were sleeping. Although it was heart breaking to miss a whole day of being in Australia since we were only going for the weekend for a wedding. We were grateful that we were able to be scheduled on a night flight via JetStar the same day. However, this review is to provide feedback on the staff that was on duty to provide other options for us customers whose flight were delayed that morning. It was a long que and everyone were waiting patiently despite the lack of sleep and change of plans. It was disappointing to view that the staff kept on cutting corners in serving his own people in which we witnessed a total of three (not travelling together) before we got served. None of these customers stood in the que and walked straight to the desk and chatted with the staff in their own language. Fed up, another had walked to the counter just when we got there and one of us told him to go to the back of the line in which the staff stated that we needed to calm down and threatened us with calling security. We left it as it is because we were desperate to get on a flight that day as we did not want to miss the wedding altogether. Hopefully staff gets taught about fairness and it is not about cutting corners with your own people.",jetstar-airways,no,5.0,,2023-05-12,april_2023,Not Verified,Mendeley/Skytrax Airline Review Data.xlsx,"Manually checked from strict 390-candidate extraction from the 64,740-row Skytrax airline review dataset.",21,priority_review_likely_violent_aggressive,direct threat/threatening language; police/security conflict or intervention context; staff/passenger conflict with aggression/abuse context,,"""staff kept on cutting corners""",family_leisure,economy_class
REAL-VA-022,yes,violent_aggressive,high,"explicit threat in airline/security/staff context; police/security conflict, intervention, detention, removal, or threat context; yelling/screaming/shouting in staff/passenger conflict",assistant_manual_check_completed,13,3,direct_threat; police_security_conflict; staff_passenger_conflict,"On arriving at Sydney T2 we found that we couldn't check in until 2 hours before the scheduled 15.20 departure. This meant trying to find somewhere to sit in a heavily overcrowded departure lounge while guarding our luggage. The preferred method of checking in seemed to be using one of a row of machines which very efficiently printed our boarding cards and luggage labels. But when we went to the ""Bag Drop"" we were told to wait at the back of the queue. I'm still not sure if everybody in front of us had already checked in at the machine or not. The Jetstar staff member at check-in weighed our 4 hold cases. We'd paid for four x 20 kgs, but all of them only came to 70 kgs. We knew we were allowed 7 kgs per person for hand luggage. When we were asked to redistribute 2 kgs. weight from one case into other pieces of hand luggage which were underweight, we were shocked. We were 10 kgs under on hold baggage! A little common sense would show that we'd already paid more than enough for extra luggage. We'd flown Tigerair from Melbourne to Sydney and their luggage policy seemed far more reasonable - same weight restrictions but as long as the total does not exceed your limit it doesn't matter how it is distributed. Onboard we had serious problems with fellow passengers. We were seated together 27C my wife, 27D myself, 27E my daughter's boyfriend and 27F my daughter. There were 7 men aged 28-35ish seated 25C,D,E,F and 26D,E and F. They were very boisterous from the start, shouting and swearing at each other. Then they ordered beers repeatedly until one of the attendants refused to serve them more alcohol. They became more rowdy and then the one in 26F dropped a can of beer which rolled against my daughter's handbag. When she drew his attention to this they rounded on her giving her ""the finger"". I told them to be careful and they called me a ""rat"". The attendant came and asked them to calm down but it was having no effect. The ringleader appeared to be in 25F. He pressed the call button and told the attendant that I was annoying him by ""reading too loud"" he could ""hear my thoughts"". He looked at me and put his forked fingers to his eyes and then pointed them at me, in true Hollywood gangster style! I felt threatened and concerned for my family's well being. I was worried that they'd all come up to us at the baggage claim. As it happened the only thing was that 25F ran past and bumped into my arm on purpose. I feel the cabin crew allowed this situation to escalate. The entire rear of the plane had to put up with this childish behaviour for three hours. They even shouted at infants to 'Shush"". The staff should have threatened them with calling ahead to Cairns Airport Police to be waiting. This may have served to quieten them down.  Why can't Jetstar allow check-in earlier than 2 hours? I know I have done it with other airlines and it cuts down the queuing tremendously. Why don't Jetstar adopt a total weight luggage policy and show clearly if baggage drop is operational? Why didn't Jetstar cabin crew take sterner action with these 7 troublemakers?",jetstar-airways,no,1.0,sydney_to_cairns,2015-09-07,september_2015,,Mendeley/Skytrax Airline Review Data.xlsx,"Manually checked from strict 390-candidate extraction from the 64,740-row Skytrax airline review dataset.",22,priority_review_likely_violent_aggressive,direct threat/threatening language; police/security conflict or intervention context; staff/passenger conflict with aggression/abuse context,,"""take sterner action with troublemakers""",family_leisure,economy_class
REAL-VA-023,yes,violent_aggressive,high,"explicit threat in airline/security/staff context; police/security conflict, intervention, detention, removal, or threat context",assistant_manual_check_completed,13,3,direct_threat; police_security_conflict; staff_passenger_conflict,"I wish I could give this airline and  their airport staff a zero-rating. Horrible experience. Plane was late and I missed my connection. At the airport, I had to struggle for hours before they agreed to put me on another flight. Airport staff was unable to communicate in English and was extremely rude. They repeatedly threatened customers protesting at the counter to call the police. I reached my final destination 12 hours after my scheduled arrival. To top this all, Turkish refused to refund my flight or grant any kind of compensation, as ""they are not part of the EU"" so they're not bound to EU rules. Outrageous. Never more with Turkish.",turkish-airlines,no,1.0,singapore_to_catania_via_istanbul,2019-08-17,december_2018,Not Verified,Mendeley/Skytrax Airline Review Data.xlsx,"Manually checked from strict 390-candidate extraction from the 64,740-row Skytrax airline review dataset.",23,priority_review_likely_violent_aggressive,direct threat/threatening language; police/security conflict or intervention context; staff/passenger conflict with aggression/abuse context,,"""unable to communicate in English""",solo_leisure,economy_class
REAL-VA-024,yes,violent_aggressive,high,"explicit threat in airline/security/staff context; police/security conflict, intervention, detention, removal, or threat context",assistant_manual_check_completed,13,3,direct_threat; police_security_conflict; staff_passenger_conflict,"We arrived to the door 10 minutes before departure and they refused to do anything to help although the flight was visibly there. I tried to explain that gates had changed last minute so upon notice I ran to the right gate next to where we had been waiting. The attendants were extremely rude. I genuinely wish I’d gotten their names. They refused any help at all and called the police on us when we were trying to get answers as to why this police is so strict unnecessarily. I had to book another flight AND a return flight because the “no show” policy cancelled both flights. I tried to call on the phone, and talk in-person and they brushed me off and didn’t take it upon themselves to resolve the issues in any way. When trying to book another flight they completely threatened to call the police again because we were demanding to speak to a supervisor urgently! One of the ladies in the front desk on the ITA Airways in Rome did this. She said “If you need the police here again, I will call them”. I felt horrible to say the least. I will never fly with them again.",ita-airways,no,1.0,rome_to_paris,2023-09-25,september_2023,Trip Verified,Mendeley/Skytrax Airline Review Data.xlsx,"Manually checked from strict 390-candidate extraction from the 64,740-row Skytrax airline review dataset.",24,priority_review_likely_violent_aggressive,direct threat/threatening language; police/security conflict or intervention context; staff/passenger conflict with aggression/abuse context,,"""arrived to the door 10 minutes before departure""",couple_leisure,economy_class
REAL-VA-025,yes,violent_aggressive,high,"explicit threat in airline/security/staff context; police/security conflict, intervention, detention, removal, or threat context",assistant_manual_check_completed,13,3,direct_threat; police_security_conflict; staff_passenger_conflict,"After being removed from a cancelled flight, the same baggage we had on our initial flight was refused on our rescheduled flight by the AC floor manager Vassili. Terrible people skills, no compassion, and very inconsistent rules for each bag and passenger. When I became frustrated with this, Air Canada threatened to call security on myself. No support or information given. Air Canada is all take and no give. Choose any other airline if at all possible.",air-canada,no,2.0,ottawa_to_toronto,2023-08-05,august_2023,Not Verified,Mendeley/Skytrax Airline Review Data.xlsx,"Manually checked from strict 390-candidate extraction from the 64,740-row Skytrax airline review dataset.",25,priority_review_likely_violent_aggressive,direct threat/threatening language; police/security conflict or intervention context; staff/passenger conflict with aggression/abuse context,,"""very inconsistent rules""",family_leisure,economy_class
REAL-VA-026,yes,violent_aggressive,high,"explicit threat in airline/security/staff context; police/security conflict, intervention, detention, removal, or threat context",assistant_manual_check_completed,13,3,direct_threat; police_security_conflict; staff_passenger_conflict,My dad was supposed to be home yesterday but his flight was cancelled and he had to spend the night at the airport. The phone lines had very long holds of over and 90 minutes if you could actually get through. After waiting an hour and a half on hold my mom was disconnected. Rather than teaching staff how to deal with tired and frustrated people waiting they simply sent in armed security guard and threatened to arrest anyone who was rude to Air Canada staff. I just want my dad to be home. I am still waiting for him.,air-canada,no,1.0,barcelona_to_vancouver_via_montreal,2019-07-01,june_2019,Trip Verified,Mendeley/Skytrax Airline Review Data.xlsx,"Manually checked from strict 390-candidate extraction from the 64,740-row Skytrax airline review dataset.",26,priority_review_likely_violent_aggressive,direct threat/threatening language; police/security conflict or intervention context; staff/passenger conflict with aggression/abuse context,,"""flight was cancelled""",business,economy_class
REAL-VA-027,yes,violent_aggressive,high,explicit threat in airline/security/staff context,assistant_manual_check_completed,13,3,direct_threat; harassment_discrimination; physical_violence,"They woke me up to put my mask over my nose. I went back to sleep and it happened again. After being harassed by not one but 3 flight attendants, they had a red coat pull me aside once we landed and barade me some more. They even threatened to kick me off of the next flight if I didn't sit there and take it. I'm comfortable with the fact that I will never fly with them again. I knew I should have flown on Southwest.",delta-air-lines,no,1.0,kansas_city_to_ft._lauderdale_via_atlanta,2022-02-22,february_2022,Not Verified,Mendeley/Skytrax Airline Review Data.xlsx,"Manually checked from strict 390-candidate extraction from the 64,740-row Skytrax airline review dataset.",27,priority_review_likely_violent_aggressive,"direct threat/threatening language; harassment, humiliation, racism, or discrimination language; physical violence or assault/fight language",,"""I will never fly with them again""",couple_leisure,economy_class
REAL-VA-028,yes,violent_aggressive,high,"reported physical confrontation or violence-related act; staff/passenger aggressive, abusive, harassing, humiliating, racist, or discriminatory conduct",assistant_manual_check_completed,13,3,direct_threat; harassment_discrimination; physical_violence,"I am taken aside for ""random"" screening where I am essentially strip searched. I am told by the strip searcher that this has nothing to with Jamaica security and ordered by the airline. After the delay I come aboard the plane and tell the flight attendant that your airline has some nerve. Harassing a trusted traveler (or frankly anyone) with a strip search. I was quite angry and was told to sit down and shut up (not literally) or I will be removed from the plane. I sit down very angry talking with the wife. The attendant then goes to get her supervisor who I to throw me off the plane and remove my bag. The pilot was very approving as well.  I was thrown off the plane and told to take a flight many hours later (somehow I would not be a terrible threat to another crew from the same airline on the same day, go figure!) though my wife was welcome to go and the bag will be sent with her as she needed it as well. Of course that did not happen. The bag was kept at the airport and slow rolled to me so I would have trouble rebooking on a non garbage airline. I was handed an orange ""bad boy warning"" after I was kicked off the plane and humiliated twice in the span of 20 minutes publicly by this excuse of an airline. Of course the warning requirement is by definition supposed to be given before one is kicked off a flight. They make the announcement ""if you don't listen to us we will not (take your money to) let you fly with us. The gate agents were not much better. But then again they also get paid at the end of the week regardless so. Fly anyone else but this airline if you are lucky enough to live in a non monopolistic region",jetblue-airways,no,1.0,montego_bay_to_new_york_jfk,2022-01-21,january_2022,Trip Verified,Mendeley/Skytrax Airline Review Data.xlsx,"Manually checked from strict 390-candidate extraction from the 64,740-row Skytrax airline review dataset.",28,priority_review_likely_violent_aggressive,"direct threat/threatening language; harassment, humiliation, racism, or discrimination language; physical violence or assault/fight language",,"""thrown off the plane""",family_leisure,economy_class
REAL-VA-029,yes,violent_aggressive,high,"explicit threat in airline/security/staff context; police/security conflict, intervention, detention, removal, or threat context",assistant_manual_check_completed,13,3,direct_threat; police_security_conflict; staff_passenger_conflict,"Every time I fly it's with the same roller board and the same boot bag for my tall boots (I train horses). Both items are always carried on no problem, the one goes over head and the boots under the seat - except tonight. I was stopped before going through security and told my roller bag was too big. I went to their kiosk across from security where it tuned out the Mobile boarding pass scanner wasn't working so he entered my info twice manually before deciding his system didn't work and I had to go to the desk. Annoyed I went around the corner and moved the jacket into my boot bag so the suitcase would fit in their bin. I went back to security where they didn't even ask to check the size of my bag but then told me my boot bag was too big. Keep in my my friend had gone through security with the same boot bag with her helmet attached to it not 5 minutes before and had not been stopped. Both the manager from United Airlines was incredibly rude as was the security staff. The manager threatened to not let me on the flight - all this over bags that easily fit on the flight and that had both been carried on all of my other United flights including the one to CA 3 days earlier. United is a highly short sighted company with a very poor customer service vision and corporate culture. They don't realize that by ruining a clients experience before they even get on the flight they breed a culture of rudeness. I am normally a model passenger - kind to other passengers, nice to the flight attendants, complimentary to the pilots - after this I have no reason to look at a United Airlines  staff member in the eye, clear my trays from the security line, or engage in any kind of pleasantries. I'll for sure be looking to avoid United travel in the future.",united-airlines,no,1.0,sfo_to_iad,2015-10-06,october_2015,,Mendeley/Skytrax Airline Review Data.xlsx,"Manually checked from strict 390-candidate extraction from the 64,740-row Skytrax airline review dataset.",29,priority_review_likely_violent_aggressive,direct threat/threatening language; police/security conflict or intervention context; staff/passenger conflict with aggression/abuse context,routine_security_check,"""looking to avoid United travel""",business,economy_class
REAL-VA-030,yes,violent_aggressive,high,"explicit threat in airline/security/staff context; police/security conflict, intervention, detention, removal, or threat context",assistant_manual_check_completed,13,3,direct_threat; police_security_conflict; staff_passenger_conflict,"Emirates was the best airline to travel once upon a time. Missed my flight connection due to delay by the airline. Close to 300 passengers with similar issues greeted by 2 people on the counter. After complaining the staff called security who threatened the passengers for taking away their passport as if they have any legal right to do so. They also told passengers not to make any noise. In addition the last time I have checked in to Emirates at JFK I have been asked to place my hand carry so they can weigh it, no word of getting late, how are you, welcome, nothing. End result : 5 hours later; 6 more hours lay over, $15 meal voucher. This is unacceptable.",emirates,no,1.0,jfk_to_khi_via_dxb,2015-11-03,february_2015,,Mendeley/Skytrax Airline Review Data.xlsx,"Manually checked from strict 390-candidate extraction from the 64,740-row Skytrax airline review dataset.",30,priority_review_likely_violent_aggressive,direct threat/threatening language; police/security conflict or intervention context; staff/passenger conflict with aggression/abuse context,,"""this is unacceptable""",couple_leisure,economy_class
REAL-VA-031,yes,violent_aggressive,high,"explicit threat in airline/security/staff context; staff/passenger aggressive, abusive, harassing, humiliating, racist, or discriminatory conduct",assistant_manual_check_completed,12,3,direct_threat; harassment_discrimination; staff_passenger_conflict,"My flight was scheduled at 11pm and I got to the airport at around 4pm since you'll never know how bad the traffic is and I was concerned about how long the line is at the bag drop area. At around 5pm, I had completed the carry on screening at the immigration area, so obviously next step is to head to your assigned gate. Upon reaching our gate, it surprised me a little bit because there's another screening before I can finally enter my gate (screening area was literally right next to the it). Made me think like ""okay it's fine that they are taking security seriously"" but at the same time, it's ridiculous! No structure at all. No priority lane for senior/handicap/pregnant people). Only 1 line for everyone. On top of that, when you want to use the restroom, which is literally behind your assigned gate but apparently not part of any gate, you have to ""exit your gate"". Of course, when you wanna enter the gate again, you have to go through that BS screening process. Imagine if you have medical condition that's not visible, like diabetes or bladder condition, and you had to go to the bathroom every single time. Sure you can ask for assistance but staff at NAIA terminal 1, also Philippine Airlines staff, are not approachable. Discrimination among their co-Filipinos are apparent. Staff were very friendly and considerate with foreigners. Since I was at the airport very early, I had to have water and food. Which is reasonable I think. Apparently, for Philippine Airlines, it wasn't. Since my family and I are at the gate, we were thinking, it was okay to bring in food. We also asked a staff who assisted a person in a wheelchair if it was okay to bring food ""inside the gate"" and we were told it was ""okay"". My boyfriend and I got my family food, coffee, and water but when we got back to the gate screening area we were told that drinks/liquid are not allowed. This made me furious! It's not as if drinks are at the airport airport are cheap. Employees also are implying that we toss what we just bought! Very ridiculous. Signs should have been a must. Anyway, as a work around, we went to the area where we can eat and drink (outside the ""gate""). As my boyfriend and I are finishing the food/drinks, Philippine Airlines staff were pressuring us to go to the screening area even though they see that we are still eating and trying to eat as fast as we can, threatening that if we don't cooperate, they won't let us board the plane. Staff are very rude, instead of guiding passengers about the rules and regulation of the place, they make the customers lives awful! It's 2023 and things need to change. It's very sad to see that the country's biggest airline treats it's customer this way.",philippine-airlines,no,1.0,manila_to_san_francisco,2023-06-29,june_2023,Trip Verified,Mendeley/Skytrax Airline Review Data.xlsx,"Manually checked from strict 390-candidate extraction from the 64,740-row Skytrax airline review dataset.",31,priority_review_likely_violent_aggressive,"direct threat/threatening language; harassment, humiliation, racism, or discrimination language; staff/passenger conflict with aggression/abuse context",,"""they make the customers lives awful""",family_leisure,economy_class
REAL-VA-032,yes,violent_aggressive,high,"reported physical confrontation or violence-related act; staff/passenger aggressive, abusive, harassing, humiliating, racist, or discriminatory conduct",assistant_manual_check_completed,12,3,harassment_discrimination; physical_violence; staff_passenger_conflict,"We asked the fight attendant if can we sit together, he said that the plane will be imbalanced. Seriously this is the reason he had to give me and humiliated me front of everyone. You need to start training your staff for better experience for the customer.",jetstar-airways,no,1.0,christchurch_to_auckland,2021-12-20,december_2021,Trip Verified,Mendeley/Skytrax Airline Review Data.xlsx,"Manually checked from strict 390-candidate extraction from the 64,740-row Skytrax airline review dataset.",32,priority_review_likely_violent_aggressive,"harassment, humiliation, racism, or discrimination language; physical violence or assault/fight language; staff/passenger conflict with aggression/abuse context",,"""need to start training your staff""",couple_leisure,economy_class
REAL-VA-033,yes,violent_aggressive,high,"explicit threat in airline/security/staff context; staff/passenger aggressive, abusive, harassing, humiliating, racist, or discriminatory conduct",assistant_manual_check_completed,12,3,direct_threat; harassment_discrimination; staff_passenger_conflict,"KLM operated the first leg of the flight, but the 2nd leg was Delta. Despite being on a Delta flight in the correct seat (confirmed by Delta flight attendant, Delta customer service, Delta boarding pass, and emailed itinerary) the KLM agent came onto the Delta plane and berated me and threatened me to get out of my assigned seat. This created a big humiliating spectacle! I paid for the seat that Delta assigned me and confirmed and the KLM gate agent had no right to treat me the way she did or to remove me from my seat.",klm-royal-dutch-airlines,no,1.0,copenhagen_to_salt_lake_city_via_amsterdam,2023-11-28,november_2023,Trip Verified,Mendeley/Skytrax Airline Review Data.xlsx,"Manually checked from strict 390-candidate extraction from the 64,740-row Skytrax airline review dataset.",33,priority_review_likely_violent_aggressive,"direct threat/threatening language; harassment, humiliation, racism, or discrimination language; staff/passenger conflict with aggression/abuse context",,“KLM agents were extremely rude”,couple_leisure,premium_economy
REAL-VA-034,yes,violent_aggressive,medium-high,"staff/passenger aggressive, abusive, harassing, humiliating, racist, or discriminatory conduct",assistant_manual_check_completed,12,3,aggressive_abusive; physical_violence; staff_passenger_conflict,"First pre-landing PA: “My colleague and I had a very long week with British Airways, so we are dimming the lights as we don’t want you to see our faces. If you are afraid of the dark - just look at the passenger next to you”. Although clearly not the purser’s intent, it sounded like a mocking and very careless of people with aero / darkness phobias who may have a panic attack after such a joke. Very inconsiderate and damages BA’s brand as a safe, accessible and a trusted airline. Second PA after landing was: “if you’d like to make a complaint, go call EasyJet”. I felt genuinely insulted by this “joke”. BA charged an abusive fee. In the end, I literally had to beg the rude and dismissive ground staff in Madrid not to check my roller bag at gate because I recently had surgery and needed to hold onto it to walk. Instant noodles which I purchased onboard were barely edible. All cabin crew except from one disappeared at the galley where they were loudly chatting and laughing and looked at me as a nuisance even when I just wanted to pass through them to visit the lavatory. And then the chief purser effectively announces that if anyone is unhappy they can go fly someone else. Wake up, BA! You are already worse than EasyJet and Ryanair in terms of value for money!! I note that only ones who found the purser’s jokes funny were the other cabin crew who made a few vulgar laughs, while passengers remained dead silent. I can understand airlines scaling back services to cut costs. I will never understand how you can allow your staff to openly mock and insult your passengers. I am a BA Silver member and have been a loyal BA customer for years. A disgrace.",british-airways,no,1.0,madrid_to_london_heathrow,2024-04-25,april_2024,Trip Verified,Mendeley/Skytrax Airline Review Data.xlsx,"Manually checked from strict 390-candidate extraction from the 64,740-row Skytrax airline review dataset.",34,priority_review_likely_violent_aggressive,aggressive or abusive language; physical violence or assault/fight language; staff/passenger conflict with aggression/abuse context,,"""mock and insult your passengers""",business,economy_class
REAL-VA-035,yes,violent_aggressive,high,"reported physical confrontation or violence-related act; police/security conflict, intervention, detention, removal, or threat context; staff/passenger aggressive, abusive, harassing, humiliating, racist, or discriminatory conduct",assistant_manual_check_completed,12,3,aggressive_abusive; physical_violence; police_security_conflict,"To my surprise the Business Class lounge for 1st and Club customers at the airport was a pleasant shared lounge and the British Airways flight was the only one leaving at this hour. It was very nice - considerably better than the dive at Antigua. It was light and airy, very comfortable seats and some decent snacks and a well equipped bar. We enjoyed our stay there. It was some trek to the plane. As I entered the front forward door and made my way to seat 1A a lady FA almost grabbed me and snatched at my boarding pass - ""we have to see it,"" she said sharply, ""its a security process."" I was startled at the aggressive tone as if I was trying to sneak on the plane. Very strange as I had passed three boarding pass checks anyway. Pre flight drinks was the usual lukewarm champagne. Plane left on time to the minute. There were five empty seats in 1st. I found my miserable looking, ever thinning pillow (they get smaller with every flight to save money) and went looking to sneakily find another. Can you believe this! Five empty seats. Four empty overhead bins. One remaining pillow in the fifth bin! (Which I grabbed). Even with two - on lie flat I had hardly any head support. My wife asked for a 2nd pillow. ""Sorry madam we have none to spare."" Dinner started with Quinoa Salad and smoked trout. It was alright. Cream of broccoli soup likewise alright. Balsamic honey glazed chicken for mains was a disaster. Dried out. Unedible. FAs made up my bed. It was hard as rock and very uncomfortable. I slept not for one minute. Nor did my wife. Nor did the lady in the adjacent seat. I flew the A380 in 1st, last spring to Singapore and slept for 5 hours - but it was far more softer to sleep on. I can only surmise the seat, about five years old - was worn out. (The side areas were also very grubby). We both embarked totally shattered. The plane generally was very tired. Worn carpets that really should be replaced. The usual cheap amenities bag rounded off the usual poor experience with BA 1st Class. The IFE was very dated. One wonders if the BA board every think of flying with an Asian or Middle Eastern carrier to discover what true 1st Class should look like. FAs - apart from the rude one - were great. The landing at LGW was by a highly skilled pilot - and in 35 years of travel the softest touchdown I can recall.",british-airways,no,3.0,uvf_to_lgw,2016-12-16,december_2016,,Mendeley/Skytrax Airline Review Data.xlsx,"Manually checked from strict 390-candidate extraction from the 64,740-row Skytrax airline review dataset.",35,priority_review_likely_violent_aggressive,aggressive or abusive language; physical violence or assault/fight language; police/security conflict or intervention context,,"""It was hard as rock and very uncomfortable""",couple_leisure,first_class
REAL-VA-036,yes,violent_aggressive,high,"explicit threat in airline/security/staff context; staff/passenger aggressive, abusive, harassing, humiliating, racist, or discriminatory conduct",assistant_manual_check_completed,12,3,direct_threat; harassment_discrimination; staff_passenger_conflict,"It was pretty humiliating, and the staff were incredibly rude. When I complained about it, the customer service lady threatened to cancel my return ticket and actually dismissed me with a 'dusting off her hands' motion. They have completely ignored my request for a refund (it left me £233 out of pocket and with a ruined trip. It took all day just to get home).",air-france,no,1.0,birmingham_to_paris_via_budapest,2022-09-23,april_2022,Not Verified,Mendeley/Skytrax Airline Review Data.xlsx,"Manually checked from strict 390-candidate extraction from the 64,740-row Skytrax airline review dataset.",36,priority_review_likely_violent_aggressive,"direct threat/threatening language; harassment, humiliation, racism, or discrimination language; staff/passenger conflict with aggression/abuse context",,"""the staff were incredibly rude""",solo_leisure,economy_class
REAL-VA-037,yes,violent_aggressive,high,explicit threat in airline/security/staff context,assistant_manual_check_completed,12,3,direct_threat; aggressive_abusive; police_security_conflict,"What an atrocious check-in experience traveling to the US. Stay away unless you're on a visa waiver, visa, permanent resident or US citizen. The check-in supervisors have zero idea how to deal with anything else and are a combination of poorly trained, arrogant, aggressive and power tripping. Two supervisors were involved and they were both the same. They don't know that other forms of US travel authority exist (a US Advance Parole combo card in this case). They had no idea how to type the Advance Parole combo card into their computer, so just wildly guessed, with one attempt before giving up. The computer then said I wasn't cleared to fly, because they'd typed in garbage data, which they insisted was what was going to happen ""because we don't have the authority to override the system"". Instead of just saying ""I'm not sure how to process this card, let me call someone who can help me"" their *first* opening approach is to say ""we have to offload you because you don't have a visa or permanent resident card and that's what our systems require"". No attempt to solve the problem and understand. Utter aggressive refusal to let me explain what an Advance Parole card is and that I am indeed allowed to fly to the US, you just have to call someone who knows what this card is. Literally I was trying to show them my phone and get them to read a paragraph from a US government website explaining what an Advance Parole combo card was and that it grants travel authority. They refused to read it - ""I don't care what that says because we have to do what the computer says and it says to offload you"". No matter that the computer only said that because they didn't know how to type this card in! Finally they call US immigration, after about 20 minutes of telling me they are going to offload me and aggression. They keep calling the combo card an ""Employment Authorization Document"". It has that in big print along the top, and the Advance Parole part in little print along the bottom. I keep trying to explain that it's a 2-in-1 combo card and to read the sentence on the bottom when talking to US immigration. ""We know what to say"". US Immigration answers, they refuse to read the bottom of the card, calling it an Employment Authorization Document and looking at me smugly. After many minutes on the phone the person on the other end finally asks them what is on the bottom of the card and they read it out with a grimace. About 30 minutes in after countless threats of offloading and one threat of calling airport police ""because we don't like you"" I am cleared to fly. They don't say a word to me, refuse to look at me. Just pass my passport to a check-in counter worker and say ""he's cleared to fly"". The in-flight experience was great, a near new Boeing 787. It was all destroyed by those power tripping poorly trained check-in supervisors who shouldn't be anywhere near a customer facing role.",air-canada,no,1.0,brisbane_to_san_francisco_via_vancouver,2017-11-08,november_2017,Verified Review,Mendeley/Skytrax Airline Review Data.xlsx,"Manually checked from strict 390-candidate extraction from the 64,740-row Skytrax airline review dataset.",37,priority_review_likely_violent_aggressive,direct threat/threatening language; aggressive or abusive language; police/security conflict or intervention context,,"""poorly trained check-in supervisors""",solo_leisure,economy_class
REAL-VA-038,yes,violent_aggressive,high,"explicit threat in airline/security/staff context; staff/passenger aggressive, abusive, harassing, humiliating, racist, or discriminatory conduct",assistant_manual_check_completed,12,3,direct_threat; harassment_discrimination; staff_passenger_conflict,"Exit row seats must be upgraded in advance on the website at a cost of $180 per person per one-way flight. First of all, this is racial discrimination. On the return flight from Alaska to Seattle, for some reason, the boarding pass for the flight from Seattle to Narita was not issued in Alaska Anchorage, and I was instructed by the ground staff to collect it in Seattle. When I asked the staff at the counter in Seattle, they had arbitrarily changed my pre-upgraded exit row seat to a regular economy class seat, and I would have been forced to sit in economy if I hadn’t pointed it out. When I complained, a woman who seemed to be a manager threatened to deny me boarding if I made a fuss. I’ve never seen such a terrible airline. Delta is much better than this.",hawaiian-airlines,no,1.0,tokyo_to_anchorage,2025-08-06,june_2025,Trip Verified,Mendeley/Skytrax Airline Review Data.xlsx,"Manually checked from strict 390-candidate extraction from the 64,740-row Skytrax airline review dataset.",38,priority_review_likely_violent_aggressive,"direct threat/threatening language; harassment, humiliation, racism, or discrimination language; staff/passenger conflict with aggression/abuse context",,“never seen such a terrible airline”,couple_leisure,premium_economy
REAL-VA-039,yes,violent_aggressive,high,"explicit threat in airline/security/staff context; staff/passenger aggressive, abusive, harassing, humiliating, racist, or discriminatory conduct",assistant_manual_check_completed,12,3,direct_threat; aggressive_abusive; staff_passenger_conflict,"The Gate Attendant, was rude, disrespectful & threatening in her interactions with me. She came immediately up to me while I was waiting for the flight, at gate 17 and told me my personal item was to big & I was going to have to check it. I explained I’ve flown with it on many flights & had no issues with any other American Airlines flights & in fact I had just flew in with it on March 5th on my way into Fresno. She was extremely rude, showed me the poster of what was considered an Appropriate size. Now, true mine did not meet it, so I grudgingly agreed to check it. During this aggressive conversation on her part, I told her she was being overly rude & I did not appreciate it, there was a way to go about this & she was handling this poorly. This incited her more, unfortunately. I returned to my seat but thought “I’m going to take a pic of my bag in front of the gate, door number 17, so If there is a problem with it getting lost I will have an idea of where it originated from. I personally have never checked a bag at the gate. I turned in my seat & snapped a picture. She was in the picture, because she was standing by the gate door. This action, then caused an additional, horrible reaction from this Gate Attendant. She came up to me at my seat & said she saw me take a picture of her & it was illegal to take a picture of any airlines employee, therefore I must delete it in front of her or she would call security. She said this in a loud voice. I explained why I took the picture regarding my luggage, however she did not care & told me in front of my colleagues & other passengers that I was lying. Her language & actions became more aggressive & threatening in being insistent in having me delete this picture. I told her I was unaware of the Airport or American Airlines policy on this & asked where it was posted, she then pointed across the airport at another American desk, & in hindsight I wish I would of had the time to go over where she pointed, but she knew I did not, I realize this now. She said If I did not delete the picture, she would call airport security on me. I then, became truly puzzled & started to become worried, I asked her why she was escalating this situation? This made her madder if possible & asked me in a loud voice “ Do you want to get on this plane” I said what... what are you talking about? She said “If you want to get on this plan you will have TO delete that picture” I replied I really don’t think I have to do that but, ok I will, this is getting out of control I perceived and the person who is suppose to de-escalate a situation was in fact making it worse. I told her I deleted it as she asked me too & then she called me a liar. She said I had to go through my phone & go into my deleted pictures section & show her on my phone they were deleted! I then asked her name, she gave no reply. Her Badge had been turned around. I asked her again & she said “I don’t have to tell you” I asked to speak to her supervisor & she stated she was the only one in charge. The police came, were wonderful & helpful but they had seen similar incidents with this airline. I did board plan but had to delete the 1 picture I took & had to show her & then she made me go into my recovery of phone & delete it in front of her!",american-airlines,no,1.0,fresno_to_phoenix_via_st._louis,2020-03-12,march_2020,Trip Verified,Mendeley/Skytrax Airline Review Data.xlsx,"Manually checked from strict 390-candidate extraction from the 64,740-row Skytrax airline review dataset.",39,priority_review_likely_violent_aggressive,direct threat/threatening language; aggressive or abusive language; staff/passenger conflict with aggression/abuse context,,"""rude, disrespectful & threatening""",business,economy_class
REAL-VA-040,yes,violent_aggressive,high,reported physical confrontation or violence-related act; yelling/screaming/shouting in staff/passenger conflict,assistant_manual_check_completed,12,3,aggressive_abusive; physical_violence; staff_passenger_conflict,"We had bought separate tickets on 2 consecutive days, but mine ended up being economy and my husband + baby, premium economy. Both for basically the same price for the round-trip flights ($1348.83 for economy vs $1366.16 for premium economy). When we boarded, the economy class was packed, not a seat open. However, the premium economy was practically empty, only 5 other passengers. The seat next to my husband (baby was a lap infant) was open, because the woman assigned to it quickly changed to a different seat (nodbody wants to sit next to a baby, right?). So as the seat became open, I went and sat there, and immediately the flight attendant went to get a supervisor to scold me. The two woman ganged up on me and yelled at me, accusing me of having kicked out the other lady from her seat. I thought, what are these lies? They very meanly told me to go sit at my regular seat, 20 rows back. I obeyed, but after reaching 10000 ft of altitude I communicated my situtation to another flight attendant, to see if they could understand that I am a mother who has been separated from her baby and husband. They were very mean. They again yelled at me saying that you have to pay for that class, $500 or $800 (two people told me 2 different things). How ironic that the prices we paid for these two different classes were the same! Also, I bet that, had I been their ""friend"" or sister, the treatment would have been different. So then my husband called the manager, and very politely conveyed our situation and asked why couldn't I be with them, if there were tons of open seats available. He first said “I hear that you’ve had an encounter with all my staff”. Ok, first off, “an encounter?” Asking questions is “an encounter”?! Second, aren't the staff there to help customers? Doesn’t American Airlines always say that they are there to serve you and make your flight great? Then he said that it was the regulation, but yet, he was willing to break the regulations by letting me take my baby with me to my seat, even though he was *not* the lap infant associated with my ticket. Oh, so we break one rule, the one about swapping seats and tickets for the child, but not the rule about moving ""up"" on a seating class (barely, still economy)? While this was happening, the seat belt sign was off, so I had left my seat to go see my family. The meal time also began. The two flight attendants who had previously yelled at me in a 2-against-1 scenario, now attacked me again. ""Go back to your seat!"" ""You can't be here!"". I was just visiting my family, and all of my stuff was in our shared carry-on which my husband had! They boxed me in between two carts, they made me cry. Other passengers saw all of this and invited me to come over to their seat, so that the carts could move (since the flight attendants weren't being cooperative). People who I had never seen before in my life were very sympathetic. Some later approached me and said ""they were really out to get you"". It was a clear situation of abuse of power by American Airlines, and a lack of heart towards families with young children.",american-airlines,no,1.0,new_york_jfk_to_barcelona,2019-12-15,december_2019,Trip Verified,Mendeley/Skytrax Airline Review Data.xlsx,"Manually checked from strict 390-candidate extraction from the 64,740-row Skytrax airline review dataset.",40,priority_review_likely_violent_aggressive,aggressive or abusive language; physical violence or assault/fight language; staff/passenger conflict with aggression/abuse context,,"""a lack of heart towards families with young children""",family_leisure,economy_class
REAL-VA-041,yes,violent_aggressive,high,"reported physical confrontation or violence-related act; police/security conflict, intervention, detention, removal, or threat context; staff/passenger aggressive, abusive, harassing, humiliating, racist, or discriminatory conduct",assistant_manual_check_completed,12,3,aggressive_abusive; physical_violence; police_security_conflict,"After eating our meal, my wife and I fell asleep at our designated gate. When she woke, we checked and no notifications had come to the Delta app, her text messages or normal email address. I happened to look at the gate designation and then check the board for an update and noticed the gates had been changed. Since we were in Concourse B and the new gate was in A, we ran to the train made it to the gate with only 7 minutes to departure time to find the attendant on the phone laughing and obviously not on a work-related call. As she hung up, she said I've got to go deal with some rude customers. When we asked about boarding, she said they were done and offered no support for our next steps. My very frustrated wife was visibly upset and having been called rude called the attendant a name. In the ensuing incident, my wife made a gesture across the counter to see the attendant's name badge and asked for her name 3 times with no reply. At the customer service desk, we were flagged and looked at as hostile passengers from then on. We spoke with 3 different people before finding out Atlanta policemen had been called to arrest my wife for assault. Our trip to drop our son off in DC for a leadership conference has been ruined due to this company and it's horrendous customer service environment. The worst part in my mind was instead of offering help to weary, paying customers this entire staff proceeded to have my wife arrested and jailed rather than helping us find a solution for our travel dilemmas and obvious frustrations.",delta-air-lines,no,1.0,northwest_arkansas_to_baltimore,2025-06-22,june_2025,Trip Verified,Mendeley/Skytrax Airline Review Data.xlsx,"Manually checked from strict 390-candidate extraction from the 64,740-row Skytrax airline review dataset.",41,priority_review_likely_violent_aggressive,aggressive or abusive language; physical violence or assault/fight language; police/security conflict or intervention context,,"""horrendous customer service""",family_leisure,economy_class
REAL-VA-042,yes,violent_aggressive,high,"explicit threat in airline/security/staff context; staff/passenger aggressive, abusive, harassing, humiliating, racist, or discriminatory conduct; yelling/screaming/shouting in staff/passenger conflict",assistant_manual_check_completed,12,3,direct_threat; aggressive_abusive; staff_passenger_conflict,My hands were full but U had boarding pass out but not opened I was not in front of scanner. I told her my hands were full she said open them up now because I have the power to ruin your trip and ground you! My wife walked up and she said to her I am in control and can easily ruin your trip if you upset me in any way. My wife and I were shocked. Upon approaching agent scanning boarding pass she asked what that agent was saying we told her she shook her head and said you should report her! The agent who was harassing us and threatening shouted across room saying I want that mans name! We we’re actually terrified of this aggressive women. Will never fly Jetblue out of FLL again this woman women was harassing and threatening everyone saying she is going to ruin their vacation and groin them. I did not get her name because we were trying to stay fr away from her. Very scary women! Hopefully she didn’t ground any passengers she is really using the power card for her own personal hatred for passengers,jetblue-airways,no,1.0,ft_lauderdale_to_provinciales,2021-06-26,june_2021,Trip Verified,Mendeley/Skytrax Airline Review Data.xlsx,"Manually checked from strict 390-candidate extraction from the 64,740-row Skytrax airline review dataset.",42,priority_review_likely_violent_aggressive,direct threat/threatening language; aggressive or abusive language; staff/passenger conflict with aggression/abuse context,,"""terrified of this aggressive women""",couple_leisure,economy_class
REAL-VA-043,yes,violent_aggressive,high,"explicit threat in airline/security/staff context; staff/passenger aggressive, abusive, harassing, humiliating, racist, or discriminatory conduct",assistant_manual_check_completed,12,3,direct_threat; harassment_discrimination; staff_passenger_conflict,"She brought all her current paperwork completed by her doctor and vet proving her dog was a service dog. They allowed her to bring her dog on the plane as a service dog from Fort Lauderdale to White Plains and ensured her she would not have any issues on her return flight back home. When she got to the airport for her return flight the Supervisor (Anna Mane) would not accept any of her paperwork and told her she can pay $125 for her dog & buy a $50 kennel or she will have to get additional paperwork completed by her doctor and reschedule her trip back home (this was a Sunday night so no way to resolve the paperwork issue at the time). My mom is a senior citizen that has a serious medical condition that is triggered when she is under high level of anxiety or stress and it could cause her to go into the hospital. Her dog does not only help prevent a medical issue, but also lets her know when one is coming so she can take her medicine. I tried to talk to the Supervisor and she apologized for the confusion their airline may have caused, but was not willing to work with us in any way. I explained we had two weeks before my mom's return flight so if they would have told us in Florida to get another form filled out by her doctor we would have without any problem. Why would the paperwork be acceptable one way, but rejected on the return flight two week later? When I told the Supervisor she is putting my mom through unnecessary stress that could cause my mom to have a medical issue, she threaten to not let me my travel without a full medical review just to be even more nasty. My mom paid the extra money so she would not miss her flight, but the Supervisor had a flight attendance harass her on the plane to ensure she kept her service dog in the kennel. My mom has travel on jetblue plenty of times before with her service dog and never had any issues. The flight attendant actually told her and the people sitting around her that my mom was trying to pass her dog as a service dog, but he wasn't. Her dog is a service dog and just because there was a misunderstanding that does not give them the airline staff the right to harass and embarrass her when she did provide significant proof that she does have a medical condition that requires her to have her dog with her at all times. Her dog has never been put in a kennel so he was also impacted by how unprofessional the staff at JetBlue treated him and his owner. I can understand the potential risk if my mom's service dog was a pit bull, but my mom's service dog is 5 lbs and has a history with the airline traveling with her as a service dog. We contacted the corporate office to put in a complaint on how she was treated and to get the opportunity to provide the doctor's paperwork they wanted so she could get reimbursed for what she was forced to pay and they rejected her request and did not even give her the opportunity to prove that her dog is a service dog. The person sitting next to my mom on the airplane is also putting in a formal complaint on how badly my mom was treated. I have always had a good experience with JetBlue, but after how badly my mom was treated and they had no concern for her health, I can not travel with them again. The corporate office was not willing to even try to make the situation right by allowing her to prove she has a service dog to get her money back.",jetblue-airways,no,3.0,westchester_to_fort_lauderdale,2019-03-06,march_2019,Trip Verified,Mendeley/Skytrax Airline Review Data.xlsx,"Manually checked from strict 390-candidate extraction from the 64,740-row Skytrax airline review dataset.",43,priority_review_likely_violent_aggressive,"direct threat/threatening language; harassment, humiliation, racism, or discrimination language; staff/passenger conflict with aggression/abuse context",,"""her dog was a service dog""",solo_leisure,economy_class
REAL-VA-044,yes,violent_aggressive,high,"explicit threat in airline/security/staff context; staff/passenger aggressive, abusive, harassing, humiliating, racist, or discriminatory conduct",assistant_manual_check_completed,12,3,direct_threat; aggressive_abusive; staff_passenger_conflict,"In general, my trips goes nearly 100% smoothly. In my plan , usually flight time is an ideal time to work on the presentation or lecture I am going to present in destination. I hardly remember I have faced very few difficulties in the past 30 years but those were mostly due to a brief chaos in organizing the flight but never ever intimidation or bullying. Today I had an experience that was shocking. During the boarding at 10:30 am April 28 in gate 80 of YUL Montréal airport when it reached to my turn, a boarding agent slightly rudely told me “ you must check in your carry on (this has happened at past for small airplane and even large airplane will full capacity, was fully understandable). I told the guy with smile ”oh no please can I just put under my seat? .look It is perfectly fit “ while I was waiting a kind of friendly explanation. I noted he in very firm and serious attitude and rudely told me “no you must check in“ I said still with smile begging “it is not fair I need to work on my lecture please. Then he turn totally different attitude and told me “either you check in or I will put you out of flight”. I was completely shocked. I told seriously , how come ? Ok well if I have no choice put the tag but there is no need for demonstration of power and I took the bag to board . while I was entering he said “actually I will not allow you to board. I was honestly scared I said ok sorry and continued. He said stop even if you get in we will take you out. Put the bag in check in place and took the seat. Later when a female staff of boarding team came on board “I told her with smile see ma’am there are many empty places in overhead “ ironically the portion on my over head was empty. To my surprise I realized she had came after me she said : you shouldn’t have talked to him like that and I am going to ask you get off the plane. I said “ I am sorry I did not mean to be rude to him “ she said no you need to get off. I said you can tell him to come I personally apologize but she said he can not come and she took a photo of my seat number and left.  I can understand if a person pose aggressive behaviour, or threaten others to be treated this way but a harmless passenger that indicates a different story about the culture in your company about treating a customer. Interestingly, they lost a security belt on my bag but I did not care as my trip was ruined.",united-airlines,no,1.0,montreal_to_myrtle_beach_via_newark,2024-04-28,april_2024,Trip Verified,Mendeley/Skytrax Airline Review Data.xlsx,"Manually checked from strict 390-candidate extraction from the 64,740-row Skytrax airline review dataset.",44,priority_review_likely_violent_aggressive,direct threat/threatening language; aggressive or abusive language; staff/passenger conflict with aggression/abuse context,,"""must check in your carry on""",business,economy_class
REAL-VA-045,yes,violent_aggressive,high,"explicit threat in airline/security/staff context; staff/passenger aggressive, abusive, harassing, humiliating, racist, or discriminatory conduct",assistant_manual_check_completed,12,3,direct_threat; aggressive_abusive; staff_passenger_conflict,"Well today reached an all time high. I am a premier 1K, have flown over 3 Million miles collectively, and I support United even with bad food, low quality service and today United is above the law, let me explain; the electrical outlet on the USB ports where not working and I needed to get my conventional charger from the overhead, about ten minutes to find it in my bag. The passenger from the aisle across jumps up and complains to me about the overhead bin being open, and then complains to the flight attendant. The flight attendant comes over to me in a aggressive manner and dresses me down then proceeds to tell me ""it will get a lot worse for me"" with a threat tone. Really flight attendant, get all your facts in order before you threaten a loyal customer on United, and for United, please address the open complaint I filed. You cannot threaten people without understanding all sides of the situation, maybe some classes on passenger rights is in order.",united-airlines,no,2.0,san_francisco_to_shanghai,2019-09-26,september_2019,Trip Verified,Mendeley/Skytrax Airline Review Data.xlsx,"Manually checked from strict 390-candidate extraction from the 64,740-row Skytrax airline review dataset.",45,priority_review_likely_violent_aggressive,direct threat/threatening language; aggressive or abusive language; staff/passenger conflict with aggression/abuse context,,"""You cannot threaten people""",business,economy_class
REAL-VA-046,yes,violent_aggressive,high,"explicit threat in airline/security/staff context; staff/passenger aggressive, abusive, harassing, humiliating, racist, or discriminatory conduct",assistant_manual_check_completed,12,3,direct_threat; harassment_discrimination; staff_passenger_conflict,"I'm a United Premier 1K traveler. Still all that good customer background did not prevent United from demoting me from Premium to Economy. Discriminated in favor of a more deserving passenger? Told to shut up and sit down when I complained for the undeserving demotion. Threatened when I asked the FA's name. I raised this issue all the way to United's CEO. I thought he means that customer care is important, no, he doesn't. He just cares to get my money. Customers are just a necessary inconvenience.",united-airlines,no,1.0,newark_to_tek_aviv_via_houston,2019-05-13,april_2019,Trip Verified,Mendeley/Skytrax Airline Review Data.xlsx,"Manually checked from strict 390-candidate extraction from the 64,740-row Skytrax airline review dataset.",46,priority_review_likely_violent_aggressive,"direct threat/threatening language; harassment, humiliation, racism, or discrimination language; staff/passenger conflict with aggression/abuse context",,"""demoting from Premium to Economy""",business,premium_economy
REAL-VA-047,yes,violent_aggressive,high,"reported physical confrontation or violence-related act; staff/passenger aggressive, abusive, harassing, humiliating, racist, or discriminatory conduct; yelling/screaming/shouting in staff/passenger conflict",assistant_manual_check_completed,12,3,harassment_discrimination; physical_violence; staff_passenger_conflict,"I had boarded the plane and was seated when a man said to the nearby flight attendant that someone was sitting in his seat. The attendant said to me, “I need to see your boarding pass”. Confused, I asked why. She said, “You’re in the wrong seat”, in a rude and urgent tone. I explained to her that I would need to look through my emails to find my original boarding pass. She was rushing me, told me she needed to board all other passengers, and that I needed to hurry up even though she just told me to do this. I showed her my pass from the first leg of the flight. This made her even more on edge and provoked since it was not the right pass. I then found the pass for the current flight and showed it to her. She condescendingly asking, “And this is for the flight now?”, as she refused to read the pass for herself. I said yes and continued to point to the seats me and my friend were assigned listed on the pass. Without reading the pass at all she pointed to my seat and said, “You’re in the wrong seat. You need to move, you’re in the wrong seat”. She was unfriendly, unrelenting, and very angry at me. A man sitting at the window spoke up and said that he was actually in the wrong seat and it was his fault. The passenger that originally asked for help from to the flight attendant, was at this point, visibly uncomfortable by how the flight attendant was harassing nearby passengers and said it didn’t matter where he sat he didn’t care anymore. I ultimately was in the right seat the entire time. However, I was the only passenger the attendant interrogated rudely and angrily. She did not apologize and looked extremely annoyed after this all occurred. Scared that I would be kicked off the plane if I spoke up, I left without receiving any apology from her what so ever. I felt nervous, uncomfortable, upset, and victimized. Later in the flight, another attendant walked up to my seat. She yelled at me to put my seat fully up, two times in a row. I was shocked because I had never put my seat down in the first place. I looked up at her and she said this to me again while telling me to press the button to put the seat up. I pressed the button and the seat didn’t move at all because it was always fully straight. I said to her, “It is fully up”. She said extremely shortly, “I am allowed to tell you to put it up. That is my job.” Then proceeded to glare at me. I said “that’s fine”. And she rolled her eyes at me. She did not treat any other passengers on board like this except for me. I felt treated unfairly and felt like I could not speak up or I’d be dragged off the plane. In both instances, I cooperated, did nothing wrong in the first place and was severely harassed by multiple flight attendants on board. This was my first time flying with United Airlines and I would never go back. What a terrible end to a great vacation.",united-airlines,no,1.0,newark_to_boston,2018-03-18,march_2018,Trip Verified,Mendeley/Skytrax Airline Review Data.xlsx,"Manually checked from strict 390-candidate extraction from the 64,740-row Skytrax airline review dataset.",47,priority_review_likely_violent_aggressive,"harassment, humiliation, racism, or discrimination language; physical violence or assault/fight language; staff/passenger conflict with aggression/abuse context",,"""terrible end to a great vacation""",couple_leisure,economy_class
REAL-VA-048,yes,violent_aggressive,high,"explicit threat in airline/security/staff context; police/security conflict, intervention, detention, removal, or threat context; staff/passenger aggressive, abusive, harassing, humiliating, racist, or discriminatory conduct",assistant_manual_check_completed,12,3,direct_threat; harassment_discrimination; police_security_conflict,"25 flight to New York for our 4 day break. At 09.10 we were told there was a technical problem. We sat on the plane for over 4 hours with only 2 crackers and half a glass of water served. Eventually we were told to leave the plane and ground staff would give us further instructions. The ground staff hadn't even been told we were leaving the plane. Eventually after collecting our luggage we were put on a bus to an awful hotel. We were collected by bus the following morning and taken back to the airport. A member of staff was handing out airline compensation forms, but when we asked if the plane was fixed, she snapped not to harass her as she had worked a double shift and was stressed. When we said we were stressed and just wanted to know if we would be travelling that day, she called over security who threatened if there was any problems, he controlled who got on the plane and who didn't. Disgraceful behaviour to everyone who were now delayed 24 hours. We eventually arrived in New York 26 hours late and in rush hour, so our 4 days was reduced to 2! United Airlines have since sent an email offering compensation but the 2nd page with all the information was missing so none the wiser but I'm guessing judging by previous reviews it will be a travel voucher. After emailing them they now seen unaware of our plight. Wouldn't recommend United Airlines to anyone.",united-airlines,no,2.0,manchester_to_new_york,2015-09-07,august_2015,,Mendeley/Skytrax Airline Review Data.xlsx,"Manually checked from strict 390-candidate extraction from the 64,740-row Skytrax airline review dataset.",48,priority_review_likely_violent_aggressive,"direct threat/threatening language; harassment, humiliation, racism, or discrimination language; police/security conflict or intervention context",,"""disgraceful behaviour to everyone""",family_leisure,economy_class
REAL-VA-049,yes,violent_aggressive,high,"explicit threat in airline/security/staff context; staff/passenger aggressive, abusive, harassing, humiliating, racist, or discriminatory conduct",assistant_manual_check_completed,12,3,direct_threat; harassment_discrimination; staff_passenger_conflict,"Boarding pass retrieval led to another confrontation at the gate. Emirates staff at the gate confiscated my boarding passes, threatened baggage offloading, and harassed me for carrying my laptop bag separately. Only after pledging to stow my laptop bag under my seat was I allowed to board just before departure. Upon reaching LA, I discovered a missing bag. It took days for Emirates to locate it. Emirates staff, without notice or gate codes, knocked at midnight, delivering my damaged bag. How they accessed it remains a mystery. The bag was torn, belongings damaged, and some items were missing. Despite three complaints, Emirates provided no response. Despite reaching out multiple times, Emirates offered no explanations, leaving me frustrated and dissatisfied with their customer service.",emirates,no,1.0,delhi_to_dubai,2024-02-02,september_2023,Trip Verified,Mendeley/Skytrax Airline Review Data.xlsx,"Manually checked from strict 390-candidate extraction from the 64,740-row Skytrax airline review dataset.",49,priority_review_likely_violent_aggressive,"direct threat/threatening language; harassment, humiliation, racism, or discrimination language; staff/passenger conflict with aggression/abuse context",,"""Emirates experience was horrific""",solo_leisure,economy_class
REAL-VA-050,yes,violent_aggressive,high,"explicit threat in airline/security/staff context; staff/passenger aggressive, abusive, harassing, humiliating, racist, or discriminatory conduct",assistant_manual_check_completed,12,3,direct_threat; aggressive_abusive; staff_passenger_conflict,"Avoid this airline at all cost. I was at Frankfurt airport trying to catch my flight to Singapore. At the gate, the ground staff were threatening to pull me off the flight if I don't comply with their 7-kg cabin luggage limit. I am totally fine with this as it has been enforced by many airlines. However, I have never come across such rude and hostile ground staff who have nothing to say but threats. They tried to play police and treat their customers like criminals. Customer service is simply non-existent. They rushed me to clear my bag or they were going to take me off the flight. Their hostile words were uncalled for and they kept telling me the gate was going to close, as if they were so hard-up on my money since every extra kg is 39 euro. I didn't want to argue with them as I know it was not the resolution. In the end, I paid over 100 euro as I wouldn't want to speak any further with them, and just wanted to get home. It was the worst experience I ever had with an airlines. Emirates, you just lost another favourable customer.",emirates,no,1.0,frankfurt_to_singapore_via_dubai,2019-10-16,october_2019,Trip Verified,Mendeley/Skytrax Airline Review Data.xlsx,"Manually checked from strict 390-candidate extraction from the 64,740-row Skytrax airline review dataset.",50,priority_review_likely_violent_aggressive,direct threat/threatening language; aggressive or abusive language; staff/passenger conflict with aggression/abuse context,,"""Customer service is simply non-existent""",business,economy_class
REAL-VA-051,yes,violent_aggressive,high,"explicit threat in airline/security/staff context; staff/passenger aggressive, abusive, harassing, humiliating, racist, or discriminatory conduct; yelling/screaming/shouting in staff/passenger conflict",assistant_manual_check_completed,12,3,direct_threat; harassment_discrimination; staff_passenger_conflict,"There was a member of cabin crew looking at us, but he did not offer to help, so I asked him to help me find a space, as the economy class passengers were streaming through the business class cabin and I was finding it hard to move around. He seemed very unwilling, but looked in a locker further away, so I mentioned that he could rearrange some backpacks on the locker above my seat or the one next to it to make some room. He told me not to tell him what to do and to shut up and wait, so I told him he was being rude, to which he responded by shouting at me in front of the entire Business Class cabin and moving menacingly towards me until he came face to face with me in a threatening manner, shouting at me. I was so taken aback and shocked, I told him not to raise his voice at me, that it was unnecessary and frankly wrong. He then called me the rude one and said he would have me taken off the flight if I didn't shut up. At this point my partner intervened and told him he had no right to talk to me in such a threatening manner, as I'd done nothing wrong, as in fact he was the one with the anger issue. The cabin crew member then shouted at my partner too, so I had to try and calm the situation down and asked the crew member to identify himself, as he wasn't wearing a name badge. He refused to answer, so I asked to speak to the senior cabin crew member, to which he replied that it was him! I therefore asked for his name and he refused to give it to me again. As space was found for my bag above my seat, I asked him to help me lift my bag into it: he refused and told me I have two hands and to do it myself! I pointed out that my visibly bandaged right hand was broken (I have a medical report to prove this too) and that it was an unkind and discriminatory thing to say to a passenger, to which he just laughed and stared at me with a sarcastic look. I then asked another crew member for help me, but he would not help me either saying he wasn't allowed to touch passenger's bags, even though I then saw him help several other passengers with their bags and jackets. Finally, my partner put my bag in the locker, and I sat down completely shocked and frightened by what had just happened. He told me that the crew member in question was indeed the senior member and that he should have been wearing a badge. You can imagine what a terrible flight it was: the senior crew member would strut down the aisle helping other passengers and bantering with them, whilst shooting me horrible, threatening looks: I was too scared to even eat my dinner, in case it'd been tampered with, as there was no trolley service whatsoever. We were only offered red wine, the food was awful and there was no trolley service and nobody asked if we wanted to drink or eat something more. The seats were old as well and the film selection very poor. When we disembarked, the senior member was at the door and refused to say goodbye; just awful. We are frequent travellers and have never come across such dreadful behaviour in our lives. We shall never fly with Royal Jordanian again.",royal-jordanian-airlines,no,1.0,bangkok_to_amman,2023-05-19,may_2023,Trip Verified,Mendeley/Skytrax Airline Review Data.xlsx,"Manually checked from strict 390-candidate extraction from the 64,740-row Skytrax airline review dataset.",51,priority_review_likely_violent_aggressive,"direct threat/threatening language; harassment, humiliation, racism, or discrimination language; staff/passenger conflict with aggression/abuse context",,"""never come across such dreadful behaviour""",business,business_class
REAL-VA-052,yes,violent_aggressive,high,"explicit threat in airline/security/staff context; staff/passenger aggressive, abusive, harassing, humiliating, racist, or discriminatory conduct; yelling/screaming/shouting in staff/passenger conflict",assistant_manual_check_completed,12,3,direct_threat; aggressive_abusive; staff_passenger_conflict,"Cabin looks a bit tired. However on the return flight a passenger ahead of us constantly abused other passengers sitting in front of and behind him, shouting, swearing, threatening etc. The cabin crew did nothing about this and pretended it wasn't happening. They also continued to serve him alcohol. 20 minutes out of Heathrow (after an almost 8 hour flight) one man finally made a formal complaint to the crew - who then suddenly took an interest. They called security and had him escorted off the plane. However, I cannot believe they let this go on for the entire flight.",oman-air,no,5.0,lhr_to_mct,2016-02-25,february_2016,,Mendeley/Skytrax Airline Review Data.xlsx,"Manually checked from strict 390-candidate extraction from the 64,740-row Skytrax airline review dataset.",52,priority_review_likely_violent_aggressive,direct threat/threatening language; aggressive or abusive language; staff/passenger conflict with aggression/abuse context,,"""crew did nothing about this""",couple_leisure,economy_class
REAL-VA-053,yes,violent_aggressive,high,"explicit threat in airline/security/staff context; police/security conflict, intervention, detention, removal, or threat context; staff/passenger aggressive, abusive, harassing, humiliating, racist, or discriminatory conduct",assistant_manual_check_completed,12,3,direct_threat; aggressive_abusive; staff_passenger_conflict,"m. towards Tel Aviv, arriving at 5 p.m. a little late on flight LY320 with the ELAL company and I must say that this was an absolutely deplorable experience. The flight attendants seemed to be on the verge of depression: very nonchalant and extremely rude. The plane was extremely small, with absolutely no room to stretch your legs. Traveling with a baby was a nightmare. There was no empathy or understanding from the flight attendants to allow us to let our child sleep. I had to sacrifice myself and stand the entire flight, and by the end our little one was sleeping soundly in both seats. My wife also had to get up to let him sleep. Despite this, the staff made us wake up our child in the middle of sleep, supposedly to put on the seat belt, even though we were not yet in the landing phase of a certain TAL. This ended with staff intimidating me, asking for my passport and becoming very threatening, without even letting me speak. (""I'm going to call the police"") The plane itself was without a TV and very small. The service was disastrous: they weren't even able to serve me tea properly, giving me an already used tea bag. A horror, a real horror. I totally deplore this Negligence. ELAL has lost all quality of service. It is strongly advised to avoid paying too much for a non-charter flight, as you can find much cheaper and much more comfortable flights. The staff of this company have no love of the job and seem to do it by huffing and puffing non-stop. This message about the deplorable theft of the El Al company absolutely does not reflect what I have experienced before. My love for Israel will never be questioned. I don't want to create confusion, but I want to say that this flight was a disaster. It is imperative that the company takes matters into its own hands.  FR: Avis sur le vol LY320 - Compagnie ELAL J'ai voyagé ce jour le vol du 27 mai départ de Charles de Gaulle à 11h10 vers Tel Aviv arrivé 17h avec un peu de retard sur le vol LY320 avec la compagnie ELAL et je dois dire que ce fut une expérience absolument déplorable. Le personnel de bord semblait être au bord de la dépression : très nonchalant et extrêmement impoli. L'avion était extrêmement petit, avec absolument aucune place pour étendre les jambes. Voyager avec un bébé était un cauchemar. Il n'y avait aucune empathie ni compréhension de la part du personnel de bord pour nous permettre de laisser notre enfant dormir. J'ai dû me sacrifier et rester debout tout le vol, et à la fin, notre petit dormait profondément sur les deux sièges. Ma femme a également dû se lever pour le laisser dormir. Malgré cela, le personnel nous a imposé de réveiller notre enfant en plein sommeil soi-disant pour mettre la ceinture, alors que nous n'étions même pas encore en phase d'atterrissage une certaine TAL. Cela a fini par une intimidation de la part du personnel, me demandant mon passeport et devenant très menacant , sans même me laisser m'exprimer. (« Je vais appeler la police ») L'avion lui-même était sans télé et très petit. Le service était désastreux : ils n'ont même pas été capables de me servir un thé correctement, me donnant un sachet de thé déjà usagé. Une horreur, une véritable horreur. Je déplore totalement cette Negligeance . ELAL a perdu toute qualité de service. Il est vivement conseillé d'éviter de payer trop cher pour un vol non charter, car vous pouvez trouver des vols bien moins onéreux et beaucoup plus confortables. Le personnel de cette compagnie n'a pas l'amour du métier et semble le faire en soufflant et soupirant non-stop. Ce message sur le vol déplorable de la compagnie El Al ne reflète absolument pas ce que j’ai connu auparavant. Mon amour pour Israël ne sera jamais mis en question. Je ne souhaite pas créer d’amalgame, mais je tiens à dire que ce vol a été une catastrophe. Il est impératif que la compagnie reprenne les choses en main.",el-al-israel-airlines,no,1.0,paris_to_tel_aviv,2024-05-28,may_2024,Not Verified,Mendeley/Skytrax Airline Review Data.xlsx,"Manually checked from strict 390-candidate extraction from the 64,740-row Skytrax airline review dataset.",53,priority_review_likely_violent_aggressive,direct threat/threatening language; aggressive or abusive language; staff/passenger conflict with aggression/abuse context,,"""The service was disastrous""",family_leisure,economy_class
REAL-VA-054,yes,violent_aggressive,high,"police/security conflict, intervention, detention, removal, or threat context; staff/passenger aggressive, abusive, harassing, humiliating, racist, or discriminatory conduct",assistant_manual_check_completed,11,3,aggressive_abusive; police_security_conflict; staff_passenger_conflict,"Crew were polite and very helpful, best food was on the outward journey - not too bad on the return though, plenty of drink if you needed it. Only set back was long queues at Beijing going thru security checks - one open for passport check and about 300+ people waiting to be checked was slow, then long wait next to another passport control, then aggressive staff at security. Air China brilliant in response to e-mail being disabled and asked for assistance at Beijing onward to Heathrow flight, due to such a short time between flights and I would not have made the flight with the long waits at passport/security. Even then just had 20 minutes wait before boarding aircraft, and lucky I had assistance.",air-china,yes,10.0,lhr_to_mnl_via_pek,2016-03-26,february_2016,Verified Review,Mendeley/Skytrax Airline Review Data.xlsx,"Manually checked from strict 390-candidate extraction from the 64,740-row Skytrax airline review dataset.",54,priority_review_likely_violent_aggressive,aggressive or abusive language; police/security conflict or intervention context; staff/passenger conflict with aggression/abuse context,routine_security_check,"""polite and very helpful""",solo_leisure,economy_class
REAL-VA-055,yes,violent_aggressive,high,"explicit threat in airline/security/staff context; police/security conflict, intervention, detention, removal, or threat context; staff/passenger aggressive, abusive, harassing, humiliating, racist, or discriminatory conduct; yelling/screaming/shouting in staff/passenger conflict",assistant_manual_check_completed,11,3,direct_threat; aggressive_abusive; harassment_discrimination,"Brussels Airlines treats people like cattle: all people boarding a Brussels airlines flight in Lomé are pre-checked in and directed towards a crowded room, hours in advance, without access to restrooms and refreshments. To get out of this room, one has to pass again the whole security process, taking off the cloths and passing through line ups and a humiliating procedure. In addition, there is no more boarding by groups, instead everybody boards the plane together as a crowd. Brussels Airlines lacks the most basic hygiene on board: the plane was dirty beyond anything I have seen before, garbage and bread crumbles on the floor everywhere, pee on the seats (picture attached) and the table dirty and sticky. When my wife asked for a disinfectant wipe, the crew lady didn’t even answer her. It took 15 minutes and asking twice to get almost throwed one at her, with an aggressive attitude. Brussels Airlines flight attendants are lacking the most basic professionalism and customer service skills, are abusive, random, bully and discriminatory towards the passengers: a culture of impunity seems to dominate Brussels Airlines crews, proved by the lack of any surveys after flights and by the difficulty of finding how to send a formal complaint. In addition, they refuse to show their badge with their name or give you any indicator that may identify them to the airline management. During this flight, I was seated in Economy Premium section, which was three mostly empty. As a result, multiple passengers from the economy section came to seat there and the crew just closed their eyes to this self-reclassification. Since my wife was sick, after diner she came to sit with me for a couple of hours, until I was awakened by two female flight attendants, one dressed in black and the other one in red, yelling at my wife to return to her seat. The comments and the tone of the voice were completely hysterical. I tried to explain that she is sick, and she is just siting there such as multiple other people around without a premium economy ticket did. I asked them to identify themselves and if a doctor was on board. They continued yelling and ignored my requests. She showed them her skin rash on her hands, probably prompted by the lack of hygiene on board. The two lady flight attendants became more aggressive, threatening her that they would bring her back to her seat by force. I asked how about the other people around that had also economy tickets and are seating in the premium section and I got a “none of your business” answer. Again, unlike the other 4 persons in the same situation as her, she just sat 3 hours in economy premium out of the 9 of the whole flight and did not enjoy food or any other privilege of premium economy. She just wanted to be comforted by me while being sick. What impacted me the most was the outrageous behavior of the two female flight attendants, the hate and discrimination they displayed towards my wife (the other 4 persons that sneaked in from the economy class were white male passengers), as well as the self-assurance that nothing can happen to them, no disciplinary action can be taken against them, whatever they do or say on board of the aircraft. Finally, ironically, just 10 minutes later, on the seat vacated by my wife came to seat another passenger from the economy class and he was allowed.",brussels-airlines,no,1.0,lome_to_brussels,2024-04-30,april_2024,Trip Verified,Mendeley/Skytrax Airline Review Data.xlsx,"Manually checked from strict 390-candidate extraction from the 64,740-row Skytrax airline review dataset.",55,priority_review_likely_violent_aggressive,"direct threat/threatening language; aggressive or abusive language; harassment, humiliation, racism, or discrimination language",,“lacks the most basic hygiene on board”,business,premium_economy
REAL-VA-056,yes,violent_aggressive,high,"police/security conflict, intervention, detention, removal, or threat context; staff/passenger aggressive, abusive, harassing, humiliating, racist, or discriminatory conduct; yelling/screaming/shouting in staff/passenger conflict",assistant_manual_check_completed,11,3,aggressive_abusive; police_security_conflict; staff_passenger_conflict,"My flight was set to leave Saturday evening and was canceled at last minute due to “bad weather” even though it was sunny and nice out. Not to mention, I could see online that TONS of other flights, including those that departed after mine was scheduled to take off, were landing at DCA just fine. The clerk herself admitted that it did not make sense. The experience, however, only got worse… Everyone on my flight waited for hours at customer service for a resolution only to be told that we couldn’t get on another flight until Tuesday. The airline refused to offer a hotel discount, airline credit, or refund to anyone. Even though we were now stuck in Nashville for three days. When I found out I could be put on standby at 6 am the next morning, I asked and they wouldn’t even allow me to have a lounge pass so I could wait at the airport. I was then told the flight the next morning was overbooked by 10 people and standby was essentially pointless for me. While waiting in line at customer service, there was a gentleman in front of me who was traveling with his wife and baby. Again, the airline refused to offer him a discount for a hotel, a refund or credit. The man (who was a black man —coincidence? I’ll let you decide.) never once raised his voice or got aggressive. He simply pleaded for the airline to do something to help him and his family. Instead the attendant got angry at him and yelled at him that he had two options “book a different airline or take the Tuesday flight. Do you want us to risk your life flying in bad weather?!” Very unprofessional. The man in front of me then frustratingly walked away and the airline called the police on him to have him arrested. Unbelievable. The flight attendant said he had been working since 4 am and was too tired for this. Thankfully, my mother was able to speak to the police and calm down the situation so that they understood the customer did nothing wrong. When it was my turn to speak with an agent, I was met with inconsiderate agents who kept saying they just wanted to walk away or tell everyone to go away because this was frustrating for them too. I agree, it was a stressful situation for everyone involved. However, it is unprofessional and extremely inconsiderate to say that to passengers who are now having to book an extra 3 night stay over the weekend in Nashville where the minimum is a couple hundred a night for a room. American Airlines is a billion dollar corporation. They could have compensated for customer troubles at least a little bit. I am absolutely appalled by the experience and customer service.",american-airlines,no,2.0,washington_to_nashville,2022-03-13,march_2022,Not Verified,Mendeley/Skytrax Airline Review Data.xlsx,"Manually checked from strict 390-candidate extraction from the 64,740-row Skytrax airline review dataset.",56,priority_review_likely_violent_aggressive,aggressive or abusive language; police/security conflict or intervention context; staff/passenger conflict with aggression/abuse context,,"""appalled by the experience""",solo_leisure,economy_class
REAL-VA-057,yes,violent_aggressive,high,"police/security conflict, intervention, detention, removal, or threat context; staff/passenger aggressive, abusive, harassing, humiliating, racist, or discriminatory conduct",assistant_manual_check_completed,11,3,aggressive_abusive; police_security_conflict; staff_passenger_conflict,"He was on his phone trying to sort something, the agent on hers, for 10 minutes - nothing resolved. I later saw this pax in Y on board so don’t know if he was only in the line due to OW status. At last, an agent in the Y class line said to her colleague “Will I take him?” – meaning me – and her colleague replied “Up to you.” I was being checked in and asked which lounge I used at CDG. “Dunno” she said. She asked another agent - “I’ve no idea."" It was so rude / bad I just laughed. I think they thought I couldn’t speak French. When I got to the AA lounge (I'd checked before which one to use) the agent said “This is not where you’re supposed to be.” When I challenged this it was only resolved when a colleague came over to him and explained OW Sapphire rules to him. A sign saying RJ pax could use the lounge was on the desk in front of him. Flight to AMM was OK-ish, but no proactive service from the crew. Meal was served and cleared away as soon as they could manage it – twice, not-finished drinks taken from my table – the crew disappeared behind curtain for the rest of flight. The food was mediocre, the in-flight entertainment limited and uninspiring. The AMM lounge a dump. Poor food, nasty toilets, birds flying inside, no one to let you in shower room. Cannot imagine its state if toilets anything to go by. Security staff at AMM incredibly rude and aggressive. “Where you go?” barked, is really not good enough. Flight to BKK full. Most pax in business class appeared to be Royal Jordanian staff, behaving as though on a company outing. As we taxied two were standing in the aisles, using their phones, the woman beside me (no ideas who she was, young and pretty, very popular, both captains came out to chat to her) went into the cockpit for take-off and landing and I did not feel the FAs had proper control of the cabin. Breakfast consisted of 3 types of pastry with a bread roll on the side. No nuts with the welcome drink, no bottle of water, surely the minimum in business class. It was available if you asked for it, but you had to ask. The bar area onboard was used for a flight attendant to store her suitcase. Flights back were more of the same. The flight from BKK only better as only 9 pax in business class. In the middle of the night I pressed the bell to ask for some sparkling water. It took the flight attendant 5 minutes to come and offer to “help”. It’s not as if she was busy. I got what I asked for to the letter, a glass with water in it. No ice, no lemon, no offer of anything to go with it. Someone needs to tell Royal Jordanian that training their staff to snarl “Enjoy” at English speaking passengers whilst slamming a glass on to the tray and high-tailing it back behind the curtain before any more awkward questions can be asked does not make a premium passenger feel valued. The volume on the passenger announcements on the A321 to CDG was so loud that when the pilot made an announcement mid-flight the dozing man in front of me almost leapt out of his skin. I’ve learned my lesson. I thought as a One World airline it would be roughly on a par with other carriers in the alliance, if not necessarily as good. The ticket cost about £200 less then Qatar Airways and it allowed me to try a new aircraft type for me (the Boeing 787). However I cannot recommend the airline at all. I would sooner not fly than use them again. My main feeling is one of having been cheated out of my money.",royal-jordanian-airlines,no,3.0,cdg_to_bkk_via_amm,2016-12-02,november_2016,Verified Review,Mendeley/Skytrax Airline Review Data.xlsx,"Manually checked from strict 390-candidate extraction from the 64,740-row Skytrax airline review dataset.",57,priority_review_likely_violent_aggressive,aggressive or abusive language; police/security conflict or intervention context; staff/passenger conflict with aggression/abuse context,,"""I cannot recommend the airline""",business,business_class
REAL-VA-058,yes,violent_aggressive,medium-high,"staff/passenger aggressive, abusive, harassing, humiliating, racist, or discriminatory conduct",assistant_manual_check_completed,10,3,aggressive_abusive; harassment_discrimination; staff_passenger_conflict,"The only thing I can add is that I am shocked that the Department of Transport in the U.S. and the FAA continue to allow Lufthansa to operate with impunity. I have flown Lufthansa for decades, (because I primarily fly on United, and being the Star Alliance partner, inevitably I would be on Lufthansa in the European portion). This month was the first time I traveled outside of the U.S. since the pandemic. I had heard that Lufthansa has completely fallen off the cliff in terms of service, reliability and even general operational adequacy, but I thought, a short 2 hr flight RT between Frankfurt and Madrid, how bad can that get? Their seats booking system is broken, and while we had paid for premium seats over and over again (and promised previous overcharged payments would be refunded, I don't expect to see that refund), we essentially had no premium seat assignments up to the day of departure. Their ground crew was rude and hostile, (e.g. just did not answer my questions, rolled their eyes and smirked with agents next to them, etc.), and the flight crew basically was not present throughout the flight. No service whatsoever on the flight (no snacks, no drinks, I didn't know this is a discount budget airline?). Mobile boarding pass could not be issued at time of check in, I had to line up at airport, at which point, the agent harassed me by insisting on weighing my carryon (they did not insist on doing that for my husband who is White), and said my carryon was 1 kg over, so I had to check it. At least, my luggage did not get lost. I was horrified by the experience. I sent many letters of complaints to the company, I do not expect anyone to respond or compensate.",lufthansa,no,1.0,frankfurt_to_madrid,2022-11-20,november_2022,Trip Verified,Mendeley/Skytrax Airline Review Data.xlsx,"Manually checked from strict 390-candidate extraction from the 64,740-row Skytrax airline review dataset.",58,priority_review_likely_violent_aggressive,"aggressive or abusive language; harassment, humiliation, racism, or discrimination language; staff/passenger conflict with aggression/abuse context",,"""I was horrified by the experience""",couple_leisure,economy_class
REAL-VA-059,yes,violent_aggressive,medium-high,"staff/passenger aggressive, abusive, harassing, humiliating, racist, or discriminatory conduct; yelling/screaming/shouting in staff/passenger conflict",assistant_manual_check_completed,10,3,aggressive_abusive; harassment_discrimination; staff_passenger_conflict,"Upon discovering that my luggage was damaged, I approached the baggage service counter to file a claim. Instead of assisting me, the staff misled me by claiming that claims could only be filed through customer support. They forced me to leave the baggage service area and insisted my bags were not damaged. To make matters worse, a staff member who identified herself as a supervisor used derogatory language and laughed at me. When I contacted customer support the following day, I was informed that claims could be filed at the airport and that the staff should have assisted me if I was unable to use the QR code. Acting on this information, I returned to the airport on July 25, only to face the same unprofessional staff. They not only refused to assist me again but also yelled at me, humiliated me further with derogatory remarks, and denied me the ability to file a claim. Following this incident, I emailed the manager to express my concerns. He assured me that my complaint would be escalated to HR and upper management. However, I have yet to receive a response or see any indication of an investigation into the abusive behavior and refusal of service. This lack of accountability has further eroded my trust in American Airlines. This experience has highlighted the severe inadequacies in American Airlines’ customer service and staff behavior. I would not recommend this airline to anyone. The treatment I endured reflects poorly on their commitment to professionalism, respect, and customer care. I urge potential customers to consider other airlines and avoid American Airlines.",american-airlines,no,1.0,philadelphia_to_portland,2024-12-16,july_2024,Trip Verified,Mendeley/Skytrax Airline Review Data.xlsx,"Manually checked from strict 390-candidate extraction from the 64,740-row Skytrax airline review dataset.",59,priority_review_likely_violent_aggressive,"aggressive or abusive language; harassment, humiliation, racism, or discrimination language; staff/passenger conflict with aggression/abuse context",,"""appalling experience with baggage service""",business,business_class
REAL-VA-060,yes,violent_aggressive,medium-high,"staff/passenger aggressive, abusive, harassing, humiliating, racist, or discriminatory conduct",assistant_manual_check_completed,10,3,aggressive_abusive; harassment_discrimination; staff_passenger_conflict,"Due to a delay, we were rebooked by Delta onto American Airlines Flight AA 80 from Dallas to London and then to Amsterdam. Upon arriving at the American Airlines desk at Gate D24, we presented our I-571 Refugee Travel Documents and the paperwork provided by Delta. However, the American Airlines personnel was unfamiliar with our travel documents. Despite explaining that Delta had no issues with our documents, she called her manager who dismissed our documents without even looking at the official Netherlands government website that confirmed we did not need a visa. She sent us back to Delta, causing significant stress and inconvenience. Delta personnel reassured us that our documents were valid and sent us back to American Airlines. We then found a helpful lady who assisted us, printed our boarding passes, and walked us to Gate D27. Despite this, a group of American Airlines staff, although willing to help, were intimidated by the manager, who had previously refused us. Eventually, after a stressful and humiliating ordeal, we were allowed to board the flight. Throughout our journey, we faced no issues with our travel documents in London or Amsterdam, confirming that our documents were indeed valid. It is deeply concerning that a major airline like American Airlines employs personnel who either lack the necessary knowledge or exhibit such blatant disregard for their responsibilities.",american-airlines,no,1.0,dallas_to_london,2024-07-29,july_2024,Trip Verified,Mendeley/Skytrax Airline Review Data.xlsx,"Manually checked from strict 390-candidate extraction from the 64,740-row Skytrax airline review dataset.",60,priority_review_likely_violent_aggressive,"aggressive or abusive language; harassment, humiliation, racism, or discrimination language; staff/passenger conflict with aggression/abuse context",,"""lack the necessary knowledge""",family_leisure,economy_class
REAL-VA-061,yes,violent_aggressive,medium-high,"staff/passenger aggressive, abusive, harassing, humiliating, racist, or discriminatory conduct",assistant_manual_check_completed,10,3,aggressive_abusive; harassment_discrimination; staff_passenger_conflict,She told several people (we are traveling from Hot PHX to very cold Milwaukee). She told these people that the jacket in their hand was their 3rd item and they would have to choose one to check. They all explained to her they would put their jacket on. She made them step out of line and put the jacket on before she would allow them to board delaying boarding and the flight. She made at least half the folks self-scan their tickets and many had trouble with this and this further delayed the flight.  Her final abuse and harassment of customers she made several who had high quality masks take their masks off and wear the loose fitting cheap rice-paper thin American Mask as she claimed their mask did not meet their standards. OF course American Airlines Management does nothing to stop staff like this from abusing their customers and when you call in to let them know you are on hold for hours and then they argue with you instead of doing anything to change this abusive behavior. American Airlines and many of their flights have become horrific experiences for passengers due to the outright abuse by staff toward customers. They are not worthy of our hard earned dollars until they address this in a real manner. Use up your miles but don’t give them your cash.,american-airlines,no,1.0,phoenix_to_milwaukee,2021-11-23,november_2021,Trip Verified,Mendeley/Skytrax Airline Review Data.xlsx,"Manually checked from strict 390-candidate extraction from the 64,740-row Skytrax airline review dataset.",61,priority_review_likely_violent_aggressive,"aggressive or abusive language; harassment, humiliation, racism, or discrimination language; staff/passenger conflict with aggression/abuse context",,"""horrific experiences for passengers""",solo_leisure,first_class
REAL-VA-062,yes,violent_aggressive,high,"police/security conflict, intervention, detention, removal, or threat context; staff/passenger aggressive, abusive, harassing, humiliating, racist, or discriminatory conduct; yelling/screaming/shouting in staff/passenger conflict",assistant_manual_check_completed,10,3,aggressive_abusive; harassment_discrimination; police_security_conflict,"I just encountered the absolute worst check-in and security I have ever experienced. We were at the American Airlines terminal at LAX. They insisted we checked in using machines, none of which worked for us.  When we went to a desk the lady behind the encounter was rude and accused us of using the machines incorrectly.  We were given seats not next to each other for our 13.5 hour flight. When we asked if we could sit next to each other the woman told us it didn't matter we'd just have to ask people to swap with us or we would have to pay a minimum of $150 per person to change seats to be together.  We went to complain and got sent to the priority check in desk. When we explained the situation, the person behind this desk said aggressively that the seats must all be sold out except the extra leg room seats. When I said the other person hadn't said these seats were extra leg room, just that we had to pay to sit together, she told me I must have heard her wrong or misunderstood her. The priority desk person then threw our passports and boarding passes on the counter and said aggressively ""you're all set"", when I asked ""what do you mean"" she rose her voice and said ""I put you guys together!"" and gave a shooing motion towards us with her hand. No apologies, no explanations. We the continued to the American Airlines security area, put our things in boxes and queued up to go through. A security person, again aggressively shouted at people saying ""you have to stay with your boxes"", so my boyfriend and I stayed in the queue to go through next to our boxes about a foot away. The same person then came very close to my face and said ""Miss is that your box?"" To which I responded ""yes"". He then said condescendingly ""who's pushing your box down the line?"" I didn't understand the question because in every other airport you put your box in the row and staff make sure it goes through the machine for you. So I looked at him confused at which point he aggressively pointed at the box and me and shouted ""who's pushing your box down the line?"" At which point I felt really intimidated and said ""I am?"" Then he said ""exactly. Then get over there."" I felt humiliated.  So I got on the queue and walked in to the body scanner when called, stood on the yellow feet on the floor then the next security person again with horrible attitude said ""did you got through pre-security?"" I looked back saw there was nothing else behind me but the area I had just been shouted at in and said ""yes."" He then said sarcastically ""you look like you're wearing sandals"". Clearly I was. So I said ""yes"". He then said in an accusatory, rude voice ""you were supposed to take them off and put them through the x-ray scanner"" and gave me a shooing motion so I returned to the x-ray scanner, put my shoes in a box and got back in the queue. Just to clarify there were no signs or messages saying you needed to push your boxes or take off your sandals. The whole experience left me feeling awful. There are plenty of far better, cheap airline carriers out there.",american-airlines,no,1.0,los_angeles_to_shanghai_pvg,2017-08-11,august_2017,Verified Review,Mendeley/Skytrax Airline Review Data.xlsx,"Manually checked from strict 390-candidate extraction from the 64,740-row Skytrax airline review dataset.",62,priority_review_likely_violent_aggressive,"aggressive or abusive language; harassment, humiliation, racism, or discrimination language; police/security conflict or intervention context",,"""absolute worst check-in""",couple_leisure,economy_class
REAL-VA-063,yes,violent_aggressive,medium-high,"staff/passenger aggressive, abusive, harassing, humiliating, racist, or discriminatory conduct",assistant_manual_check_completed,10,3,aggressive_abusive; harassment_discrimination; staff_passenger_conflict,"My husband suggested that he was in the wrong seat. The man immediately became verbally abusive to my husband and; I and I was scared because we were traveling with my daughter and a pet. The stewardesses instead of coming to our aid, we complaining that we were holding up people boarding. One flight attendant from the back of the plane came to our aid and said I should accompany her to the back of the plane while the situation was resolved. Meanwhile the man continued to harass my husband and daughter. Once people were seated, a flight attendant came to the area and tried to get the man to show his boarding pass. He continued to refuse this request. Eventually he showed his boarding pass but refused to move. I was told I would have to sit across the aisle. He continue to harass my husband during the flight. He threw trash in the aisle in my direction. He made cell phone calls during the flight. Nothing was done or said to him. He placed empty drink cups in the aisle saying he hoped the attendants tripped on them. At the end of the flight, he refused to stand up to let my husband & daughter out of their seats. We complained at the airport but were left as unimportant and not necessary to deal with. Nothing was done to ensure our connecting flight would be more pleasant. I will never reserve again with Delta. On our way to a different terminal I was instructed by a Delta pilot to put my pet back in her carrier. I was trying to give her some water. I did as he requested, but he continued to get in my face to tell me he was ""doing me a favor"" and I should be appreciative. After my experience on the plane, the last thing I wanted was a Delta employee telling me how ""helpful"" they were.",delta-air-lines,no,1.0,dca_to_atl,2015-12-26,december_2015,,Mendeley/Skytrax Airline Review Data.xlsx,"Manually checked from strict 390-candidate extraction from the 64,740-row Skytrax airline review dataset.",63,priority_review_likely_violent_aggressive,"aggressive or abusive language; harassment, humiliation, racism, or discrimination language; staff/passenger conflict with aggression/abuse context",,"""never again with Delta""",family_leisure,premium_economy
REAL-VA-064,yes,violent_aggressive,high,explicit threat in airline/security/staff context; reported physical confrontation or violence-related act,assistant_manual_check_completed,10,2,direct_threat; physical_violence,"I am a frequent international flier. This summer, my family of 8, including my kids, who are 9 and 6 years old, decided to visit Busan. I bought 8 tickets from Tway Airlines. Our departing flight from Gimpo airport was at 6.50 am on June 24, 2024. After we arrived at the airport, we were trying to self-check in but we got confused and we decided to go straight to one of your Tway customer representative agents, (we arrived early and there was no line).  Me and my sister, who speaks Korean, approached your representative, and gave her our passports. She looked very annoyed and unfriendly. It didn’t bother us at first. Then she rudely told us to do self-check in because she doesn't issue boarding passes. I was trying to explain to her, with the help of my sister, that  I got confused with the options at the self-check machine. In my response, she impolitely asked me my last name and a departure time. Then she almost  threw our passports and rudely told us that our flight was booked to Jejudo, not to Busan. I went back to the self-check-in kiosk and printed our boarding passes. I ended up returning to the same girl (not by my choice). Again, she was irritable with a lot of attitude, and with great reluctance started to check everyone's passports. Then she angrily stated that me and my two kids can’t go to Busan because  I didn’t write our middle names on our tickets. We never use our middle names when we buy international tickets. We often visit Korea  and coming to Seoul from the USA was never a problem.   I mentioned this to her. Instead of assisting us, she raised her voice, frowned her face  and yelled “NO!  You can’t go! You must buy new tickets!” She threw me our passports and sent us away. I was so shocked to believe that this could happen in Korea.  How disrespectful, how aggressively we were treated!? I didn’t know what to do because she didn’t want to help us, so I ended up going upstairs for a security check. They didn’t let me go in, but they politely explained that I had to return back, and a Tway agent would fix it for us. Again, I took my kids downstairs, and another Tway representative was able to help us. She kindly wrote our middle names and put stamps on our boarding passes. I wanted to talk to a manager to inform of rude behavior, but at that time, nobody was available. On July 28,2024, we had a return flight. At Gimhae Airport one of the Tway agents wrote our middle names and put stamps on boarding passes  with no questions asked. We landed at Gimpo at  9:40 am.  We got off the airport bus, and I saw the same staff member again. I told her that I would take a picture of her ID card, and then I went downstairs to claim my luggage. She followed me downstairs, aggressively approached me, and  shoved her cellphone right in my face. It was written on the screen in English “I told you several times..!” I literally could not believe what  was happening. I thought she was going to fight with me.  I was threatened. I was so shocked with this attitude. Never in my life have I experienced this kind of treatment before. This was my first and the last flight with tway!",tway-air,no,1.0,seoul_to_busan,2024-06-30,june_2024,Trip Verified,Mendeley/Skytrax Airline Review Data.xlsx,"Manually checked from strict 390-candidate extraction from the 64,740-row Skytrax airline review dataset.",64,priority_review_likely_violent_aggressive,direct threat/threatening language; physical violence or assault/fight language,routine_security_check,“so shocked with this attitude”,family_leisure,economy_class
REAL-VA-065,yes,violent_aggressive,high,explicit threat in airline/security/staff context,assistant_manual_check_completed,10,2,direct_threat; physical_violence,"On the Cairns to Singapore leg I was seated next to an obese person who intruded as much as 15cm into my seat. I had booked and paid for an exit row because of my height. I am 192cm, 90kg fit and healthy 71yo. I continually asked him to keep to his own seat but it was impossible for him. If he leaned forward his stomach forced his legs into my seat squab. He threatened to punch me. I reported the threat to the attendants and they spoke to him. I was offered a middle standard seat which I had to refuse because of my height. He could have easily been moved to the business section which was occupied by only one staff member passenger. I wrote to them asking for a FOC on only the CNS-SIN sector next time I fly to Eastern Indonesia but they offered a free exit seat CNS-SIN-CNS. Lots of corporate double talk and insincere apologies. If you buy a car and it has no motor you can ask for and get a replacement. I purchased a seat and only got 66% of it and I want a replacement.",silkair,yes,3.0,cairns_to_surabaya_via_singapore,2017-05-12,february_2017,Verified Review,Mendeley/Skytrax Airline Review Data.xlsx,"Manually checked from strict 390-candidate extraction from the 64,740-row Skytrax airline review dataset.",65,priority_review_likely_violent_aggressive,direct threat/threatening language; physical violence or assault/fight language,,"""Lots of corporate double talk""",solo_leisure,economy_class
REAL-VA-066,yes,violent_aggressive,high,explicit threat in airline/security/staff context; reported physical confrontation or violence-related act,assistant_manual_check_completed,10,2,direct_threat; physical_violence,"And they were so rude, replacing my seat 5 hours later and saying if you don t take it, you have to fly next day. So I had to accept it even though I had business meeting that evening. They offered refund saying I won t be able to book another airline cause they are all booked. They said it is due to windy condition but there was no sign of wind. Soon I found ticket 1 hour earlier so booked on my phone and asking for refund .. they said they can not refund but give me credit cause it is the weather that got them canceled flight. Even though they offered me refund before, so I had to fight to get refund saying they keep changing their words however they like to. They were not sorry or did not compensate for 5 hour delay. They were rather threatening throughout the procedure. Most unkind customer service at service desk. I hated whole flying experience. Will never fly with them again if I can. And refund has not come through yet ... I will wait and see",virgin-australia,no,1.0,sydney_to_gold_coast,2022-11-15,november_2022,Trip Verified,Mendeley/Skytrax Airline Review Data.xlsx,"Manually checked from strict 390-candidate extraction from the 64,740-row Skytrax airline review dataset.",66,priority_review_likely_violent_aggressive,direct threat/threatening language; physical violence or assault/fight language,,"""hated whole flying experience""",solo_leisure,economy_class
REAL-VA-067,yes,violent_aggressive,high,explicit threat in airline/security/staff context,assistant_manual_check_completed,10,2,direct_threat; physical_violence,While checking in for my flight I opted for the option to check a bag in. This cost $25. I decided to carry on my bags instead so I just proceeded to the flight. I was assured by the lady who checks in bags that I’d be able to call after my trip and get my refund. I was not able to do this when I called in. They said that according to their systems I had apparently checked in a bag. This was incorrect. They then attempted to hand me off to their baggage handling service line to get more baggage history. Shouldn’t getting their things together correctly be their job? The flight itself was horrible. I checked in a day early to ensure me and my fiancé had seats together and when the actual flight came they tried to switch my seat without asking me or even telling me that my seat had changed. They had even threatened to kick me off the flight. What for? Their mistake? Worst airline I have ever flown with.,delta-air-lines,no,1.0,dallas_to_los_angeles,2018-10-24,october_2018,Trip Verified,Mendeley/Skytrax Airline Review Data.xlsx,"Manually checked from strict 390-candidate extraction from the 64,740-row Skytrax airline review dataset.",67,priority_review_likely_violent_aggressive,direct threat/threatening language; physical violence or assault/fight language,,"""Worst airline I have ever flown""",couple_leisure,economy_class
REAL-VA-068,yes,violent_aggressive,high,explicit threat in airline/security/staff context,assistant_manual_check_completed,10,2,direct_threat; physical_violence,"My last one trip before that was almost a year ago and I was my emotional support dog and they even let me open his bag down on my feet. And I never could let be him in my lap. They was really rude. After that I was just travel with AA. Today again I have the same problem, they are really crazy rude. Anytime your mask slides down, someone threatening to kick you off the plane. And honest was not the polite way, me and everybody who was in the plane was really upset how they was treat was. That is crazy.",jetblue-airways,no,3.0,boston_to_las_vegas,2021-07-02,july_2021,Trip Verified,Mendeley/Skytrax Airline Review Data.xlsx,"Manually checked from strict 390-candidate extraction from the 64,740-row Skytrax airline review dataset.",68,priority_review_likely_violent_aggressive,direct threat/threatening language; physical violence or assault/fight language,,"""they are really crazy rude""",solo_leisure,economy_class
REAL-VA-069,yes,violent_aggressive,high,explicit threat in airline/security/staff context,assistant_manual_check_completed,10,2,direct_threat; physical_violence,Once I sat in my seat the attendant sternly approached me and said ok sir this is your last warning you need to wear your mask and then threatened to kick me off the plane. This was news to me. First time anyone said a thing to me. And my mask was on. Then They had the audacity to announce my seat specifically over the loud speaker and belittled me. What the heck? They must have the wrong person. I feel shell shocked.,jetblue-airways,no,1.0,new_york_to_las_vegas,2021-06-08,june_2021,Trip Verified,Mendeley/Skytrax Airline Review Data.xlsx,"Manually checked from strict 390-candidate extraction from the 64,740-row Skytrax airline review dataset.",69,priority_review_likely_violent_aggressive,direct threat/threatening language; physical violence or assault/fight language,,"""wore my mask the entire time""",family_leisure,economy_class
REAL-VA-070,yes,violent_aggressive,high,explicit threat in airline/security/staff context; yelling/screaming/shouting in staff/passenger conflict,assistant_manual_check_completed,10,2,direct_threat; physical_violence,"It all started at checkin. I wanted to register my suitcase but the system didn’t let me. So I asked for help but employees talking together, not looking at you or going to help other people. Tried to get help they said no more customer service. Tried again to talk to the workers (which are on the phone or talking together) so every time you talk to someone you feel like you are not welcome … then they said to fill out a form on my phone but my phone froze and I couldn’t do anything. I asked and they said no phone working you don’t get in we’re sorry we can’t help. Basically if you have no phone on you it’s impossible to check in your luggage. 1h30 h later I could enter and checkin my luggage (luckily I was 4 hours early)! While walking I realize I have no seat number assigned and I used a travel agent. So I go to my gate and ask for help. The guy cannot help me he says he’s boarding another flight. So I’m asking when can I come back I asked 3 times he always answered the same thing boarding another flight, so I ask where can I get help ? He said nowhere I’m sorry United has cancelled all customer service. While everyone is finally boarding my flight the girl asks for everyone who’s travel ready to come and my ticked said travel ready. So I went and she starts yelling and tell me to go away so I try to talk to her but she just gets crazy. Everyone trying to talk to her she doesn’t answer their question and starts to power trip and yell at everyone. While she was yelling at old people I asked her if she could be polite and talk to people properly, she flipped. So I sat down and let every single person get in the plane. Once I was the only one left both of them were not even looking at me. I asked to please have a seat. She reprinted my boarding pass (was very painful experience) and give me a seat that already has someone in. So I tell her this seat isn’t working there is someone in it already. She goes in the plane upgrades the person on my seat and while I filmed her she flipped even more. So I get to my seat the pilot starts to tell me what’s your problem do you have any problem? So I said no and try to explain the situation and said ok, you’re off I’m kicking you out. A man in front of me trying to defend me got threatened to be expelled from the plane so everyone sat down and they just decided to kick me out of the plane. I am completely traumatized by this airline and the people working there.",united-airlines,no,1.0,newark_to_montréal,2022-03-02,march_2022,Trip Verified,Mendeley/Skytrax Airline Review Data.xlsx,"Manually checked from strict 390-candidate extraction from the 64,740-row Skytrax airline review dataset.",70,priority_review_likely_violent_aggressive,direct threat/threatening language; physical violence or assault/fight language,,"""worst traumatizing travel experience""",business,economy_class
REAL-VA-071,yes,violent_aggressive,high,"explicit threat in airline/security/staff context; police/security conflict, intervention, detention, removal, or threat context",assistant_manual_check_completed,10,2,direct_threat; physical_violence,"The New York to Chicago flight was nice trip and bumpy so service was suspended for safety reasons. Chicago to Vancouver a nasty air crew looking to upset customers. We sat in the third row or first of premium economy. We were ordered shortly after take off not to congregate or line up for toilets in the rear. Since we were up front making it to the toilet without anyone getting in front of you was impossible. Due to this fact I did not drink on aircraft as at 65 it can be painful to wait. We were offered no food as promised for our two hungry boys. They did get a third of a can of Sprite as this was their second long flight they asked for another drink of Sprite. They were refused. My wife asked for water instead politely. I asked for the purser to request an additional sprite as United advertises complimentary beverages. He did deliver. I thanked him profusely but now I was unbeknownst to me a marked man. I sat quietly until I was in dire need of a toilet. There were eight people in first class all sitting comfortably so I quickly used the front toilet. You would think I had threatened the aircraft. When I exited I was berated and demeaned by that same purser and ordered back to my seat. Where else I would go at 36,000 feet in the air was a mystery to me. I complied without incident. I did tell him quietly before landing he was a rude man for embarrassing me for using a toilet. On arrival the pilot came bounding out of the cockpit and had requested security at the gate. A toilet offense had apparently endangered the aircraft in some ridiculous fashion. He proceeded to lie about me talking to staff which had not happened. I was accused of blocking the aisle which had not happened. The security personnel dismissed the incident and we all went home. United is not passenger friendly and rather than attack or correct complaints they attack the complainer.",united-airlines,no,1.0,lga_to_yvr_via_ord,2017-01-01,december_2016,Verified Review,Mendeley/Skytrax Airline Review Data.xlsx,"Manually checked from strict 390-candidate extraction from the 64,740-row Skytrax airline review dataset.",71,priority_review_likely_violent_aggressive,direct threat/threatening language; physical violence or assault/fight language,,"""a nasty air crew""",family_leisure,premium_economy
REAL-VA-072,yes,violent_aggressive,high,explicit threat in airline/security/staff context; reported physical confrontation or violence-related act,assistant_manual_check_completed,10,2,direct_threat; physical_violence,"Once we got there our second flight was canceled after waiting 2 hours for the delayed flight. The customer service line was extremely long. After about an hour in line I finally reached a customer service agent to help me get my flight changed. By that time there were no available seats on any flights that day, but I had been trying to change my flight while in line and I got a confirmation for a 9pm flight. When I stated that to the rep, she said they had double booked the seat that I was assigned to, but that she will get my on the flight since the other person had not checked in yet. She printed my ticket and handed it to me. After that I asked if there would be any compensation as we were supposed to be home by 12pm and now we had to wait until 9pm for potentially another delayed or canceled flight and this has already been hard on my family. The rep provided no help whatsoever and explained not-so-nicely that because this was not Alaska’s fault, they are not responsible for providing compensation. This made me wonder, what would be considered “their fault”, or is this some fine print that they can get out of any compensation. By this time it had stopped snowing for a couple hours and everything was melted. I couldn’t understand why all other flight carriers were taking off and landing just fine, yet Alaska had to cancel our flight completely. I understood the delay in the de-icing. I asked why it is our fault that Alaska doesn’t have this figured out. Even on the Alaska’s website it stated that they had flights prepared for the upcoming weather and that they had it all figured out. The rep started to get frustrated with me and started getting snarky. She stated that “if we give you compensation, we had to give everyone in this line compensation”. To which I replied “you should”. She continued to ramble about this weather is causing delays and I told her to look outside and I said “what weather?” Again in hadn’t been snowing and I was irritated that this was the excuse when everything was melted and it wasn’t snowing. She yelled at me and stated “Give me back your tickets”. So she was threatening to take my tickets away for the only available flight out for the rest of the day?! I was appalled! I stated “no” you cannot take my tickets. She started getting irate and stated she has been working here for 15 years and that she is working overtime and she shouldn’t even be here, that she should be home. I couldn’t believe she was escalating things as a customer service rep of 15 years, when she should be helping me out. I stated I should be home by now too! I really felt like I was calm throughout the whole conversation and yet she continued to escalate the conversation. At the end of the interaction I stated that “You will be losing a customer, not that you care”. And she said extremely snarky “No, I don’t think we will”. I said “Excuse me, you don’t think you will what?” She reiterated, “I don’t think we will be losing a customer”. What type of rude customer service representative did I just encounter? Is it my problem that she is overworked? I felt attacked and vulnerable as she tried to take away my only way of getting my family home. I asked for her name and she would not provide me her last name. As I was leaving she yelled that she would be “notating my account”, again threatening me as much as she could.",alaska-airlines,no,1.0,seattle_to_kalispell,2022-12-05,november_2022,Not Verified,Mendeley/Skytrax Airline Review Data.xlsx,"Manually checked from strict 390-candidate extraction from the 64,740-row Skytrax airline review dataset.",72,priority_review_likely_violent_aggressive,direct threat/threatening language; physical violence or assault/fight language,,"""rude customer service representative""",family_leisure,economy_class
REAL-VA-073,yes,violent_aggressive,high,explicit threat in airline/security/staff context,assistant_manual_check_completed,9,2,direct_threat; staff_passenger_conflict,Definitely the worst airline I've flown in the past 10 years. I took 4 flights in the last 7 days and all of them were delayed by 4-6 hours. I wasted multiple hotel reservations. I was verbally threatened by an intoxicated man on board and the staff could do absolutely nothing to assist or resolve the issue. My first and my last with this failing airline. Will make sure to spread the word.,spicejet,no,1.0,bangkok_to_mumbai_via_delhi,2019-05-19,may_2019,Trip Verified,Mendeley/Skytrax Airline Review Data.xlsx,"Manually checked from strict 390-candidate extraction from the 64,740-row Skytrax airline review dataset.",73,review_before_keep,direct threat/threatening language; staff/passenger conflict with aggression/abuse context,,"""staff could do absolutely nothing""",business,economy_class
REAL-VA-074,yes,violent_aggressive,high,explicit threat in airline/security/staff context,assistant_manual_check_completed,9,2,direct_threat; staff_passenger_conflict,"One of these flights was a flight from Delhi to Goa. Shortly over a week before we were due to fly, SpiceJet notified us that the flight was cancelled due to a runway closure. Frustrating of course, but apparently out of their control, so we were initially understanding. What was in SpiceJet’s control however was the customer service experience that followed. To summarise what has been a truly horrendous experience spanning 3 months. SpiceJet could offer no alternative flight that day, so I we had to book an alternative flight at 3 x the price. Due to the cancelled flight being the 2nd leg of a connecting flight SpiceJet calculated the refund of the cancelled leg on an unfair ‘km by km basis’ rather than the price paid for each leg, leaving us out of pocket due to the 2nd leg being much more expensive. SpiceJet erroneously refunded only 1 passenger of the 2 on the cancelled leg, leaving us an additional 7000 INR out of pocket. After querying this we were told the refunded amount was correct and that this was the end of the matter. It took 7 phone calls spanning 3-4 hours, over a period of 5 weeks to receive the refund for the 2nd passenger. Each of these phone calls was to a different agent and involved explaining the situation from the beginning each time and battling the front line denials and scripted replies in order to actually discuss the issue. We were assured on each of these phone calls that the refund had already been processed (it hadn’t) or that it would be processed (it wasn’t). Only after threatening a credit card chargeback and refusing to end a call to a manager before the refund was manually actioned was the owed money refunded to us, more than a month later. From the UK we spent over £50 on phone calls to India to get our own money refunded. In total due to a combination of administrative failures on SpiceJet’s behalf, we are out of pocket approximately 22,000 INR (£250 GBP). After escalating a formal complaint to the top of their complaint channels we received no apology or acknowledgement of failure and were offered a 2,000 INR SpiceJet travel voucher which we refused. All in all, this has single-handedly been the worst customer service experience I have ever encountered with any company, anywhere in the world. SpiceJet may get you from A to B, but if you have to engage with their customer service departments via phone or email for any issues, prepare for a time consuming, fruitless and ultimately incredibly stressful experience. For your own sanity, I highly recommend you avoid this company at all costs.",spicejet,no,1.0,jaisalmer_to_goa_via_delhi,2018-01-31,november_2017,Trip Verified,Mendeley/Skytrax Airline Review Data.xlsx,"Manually checked from strict 390-candidate extraction from the 64,740-row Skytrax airline review dataset.",74,review_before_keep,direct threat/threatening language; staff/passenger conflict with aggression/abuse context,,"""recommend you avoid this company""",couple_leisure,economy_class
REAL-VA-075,yes,violent_aggressive,high,explicit threat in airline/security/staff context,assistant_manual_check_completed,9,2,direct_threat; staff_passenger_conflict,"5 hours prior to departure. The check in counter had 5 lanes open, and about 15 groups ahead of us. We did the online check in, and used the kiosk to print our bag tags. Did this save us any time? No.  We had to wait in the check in line for over an hour waiting on other passengers to adjust their bags to avoid paying extra baggage fees - if it was one group I would understand, but it was every single one of them, and the gate agents did nothing about this. Instead they played on facebook. When it is finally our turn the gate agent says we did the bag tags wrong and re does them the same way I did. He sends the first 2 bags to be loaded and continues to the next 2 bags. On the second 2 bags he puts a transfer ticket on them without telling us that he forgot to on the first 2 bags. We noticed it but he didn't think we did. After going thru security, we talked about it and came to the conclusion that we needed to talk to someone. We couldn't afford for these bags to be delayed so we asked the security agent who we should talk to. He directs us to go back thru security and talk to the supervisor. We asked 2 people for a manager, they refused to get a manager and offered to help themselves. When we expressed our concern they offered to check our bags and they went to the sorting area and came back stating that our bags have already been sealed and cannot be checked. We then went to a security manager to express our concern and we were able to finally talk to the desk manage. He told us he could pull the bags to check, but I'd he did, they will probably not make the flight.  We arrive to Manila and departed the plane and took a bus to terminal 3. We noticed that many passengers were not getting off the plane so we asked a stewardess if this bus was for transfers and she said yes, so we proceeded. We arrived on the bus in terminal 3 at the baggage claim and needed to be at terminal 4. Confused and short on time to catch our connecting flight we found the transfer desk after having to ask for directions. The agent at the counter didn't look up from her phone until we started filming and threatening to put the video on social media. Only then did she show us where the transfer bus was. We get to another agent at the bus transfer depot and he informed us that the bus had just departed and it would be at least 30 minutes till the next one, and by then we would miss our boarding cut off. He first tells us that we need to exit the terminal and take a cab. We asked if there is another option, because we really don't have time to go back thru security. He informed us that Cebu Pacific has a private shuttle they can call and that I need to go back to the transfer desk to make the request. I get back and the agent we spoke to before agreed to call this transfer. After about 15 minutes the shuttle arrived . We were then told that the shuttle does not have permission to take us thru the airport to get us to the other terminal, and we would have to exit the airport and drive around. We arrive at terminal 4 and still have to go thru security. We arrived 5 minutes before our scheduled departure time. when we arrived at terminal 4 we found out that our plane was delayed by 30 minutes, so the stress.",cebu-pacific,no,1.0,panglao_to_caticlan_via_manila,2023-12-11,december_2023,Trip Verified,Mendeley/Skytrax Airline Review Data.xlsx,"Manually checked from strict 390-candidate extraction from the 64,740-row Skytrax airline review dataset.",75,review_before_keep,direct threat/threatening language; staff/passenger conflict with aggression/abuse context,,"""wait in the check in line for over an hour""",couple_leisure,economy_class
REAL-VA-076,yes,violent_aggressive,high,explicit threat in airline/security/staff context,assistant_manual_check_completed,9,2,direct_threat; staff_passenger_conflict,"The 14-hour flight from Los Angeles to Manila was extremely uncomfortable due to the absence of remote controls on our seats, which meant we couldn't even watch any movies or programs during the flight. Despite their acknowledgment of the defect, the compensation offered by the airline of only 5,000 bonus miles each was not enough to make up for the inconvenience caused during our honeymoon trip. Unfortunately, the issues didn't end there. We experienced serious deficiencies in service by the check-in counter personnel, gate agents, flight attendants, their teamwork, and the in-flight facilities. It was an unpleasant, frustrating, and even traumatic experience for us. The check-in personnel at LAX Los Angeles Airport were not professional and their hysterical attitude made us feel unwelcome. We were even forced to purchase tickets without regard to the date because the boarding time was near, and her words were threatening. Furthermore, the baggage manager demanded an excessive baggage fee for my 5'5"" surfboard that we were already permitted to check-in during our previous flight from the US to Hong Kong. To make matters worse, my surfboard was broken upon arrival in Hong Kong. Additionally, the remote control for our seats was broken, and we weren't even informed until after we asked for their email address and emailed them. The flight attendants even stepped on my feet when preparing food, which was both painful and unprofessional. The experience traumatized us, and it was very disappointing to not have received a response from the customer service center for almost a month. It was a nightmare from start to finish and made our honeymoon extremely unpleasant. As a paying customer who bought a business class ticket, I expected better service from the airline. However, the poor quality of service and lack of accountability left me feeling angry and frustrated.",philippine-airlines,no,1.0,los_angeles_to_manila,2023-05-08,march_2023,Trip Verified,Mendeley/Skytrax Airline Review Data.xlsx,"Manually checked from strict 390-candidate extraction from the 64,740-row Skytrax airline review dataset.",76,review_before_keep,direct threat/threatening language; staff/passenger conflict with aggression/abuse context,,"""left me feeling angry and frustrated""",couple_leisure,business_class
REAL-VA-077,yes,violent_aggressive,high,reported physical confrontation or violence-related act,assistant_manual_check_completed,9,2,physical_violence; staff_passenger_conflict,the flight was rescheduled twice and I have to fight with the airport ground staff to be returned to my original flight since I was travelling with friends. The food was okay and the service of staff were great but the selection of food and beverages must be improved.,garuda-indonesia,no,5.0,medan_kuala_namu_to_jakarta,2018-07-26,july_2018,Trip Verified,Mendeley/Skytrax Airline Review Data.xlsx,"Manually checked from strict 390-candidate extraction from the 64,740-row Skytrax airline review dataset.",77,review_before_keep,physical violence or assault/fight language; staff/passenger conflict with aggression/abuse context,,"""service of staff were great""",solo_leisure,economy_class
REAL-VA-078,yes,violent_aggressive,high,"reported physical confrontation or violence-related act; police/security conflict, intervention, detention, removal, or threat context",assistant_manual_check_completed,9,2,physical_violence; police_security_conflict,"This has to be the worst airline in the world! After herding us (pensioners) into a huddle at Sydney airport they left us like that for 6 hours and then tell us the plane is technical and go get a hotel and come back tomorrow (after 2 weeks they gave us AUD200 each). when we did they had cancelled us out of all our flights to Portugal and we had to get Flight Center to re-book us, they hadn't even booked us on the new flight. The staff couldn't give a monkeys about its pax and treated us like animals and were so arrogant. The queue even had a fight as people were so tense and the police were called.",air-china,no,1.0,sydney_to_beijing,2020-01-13,december_2019,Trip Verified,Mendeley/Skytrax Airline Review Data.xlsx,"Manually checked from strict 390-candidate extraction from the 64,740-row Skytrax airline review dataset.",78,review_before_keep,physical violence or assault/fight language; police/security conflict or intervention context,,"""has to be the worst airline""",couple_leisure,economy_class
REAL-VA-079,yes,violent_aggressive,high,"explicit threat in airline/security/staff context; police/security conflict, intervention, detention, removal, or threat context",assistant_manual_check_completed,9,2,direct_threat; police_security_conflict,"I have never been compelled to write a review for anything. Ever. That was until I experienced the absolute most horrendous customer service from Air China.  I was travelling with a group of 7. I had booked a round trip from Edmonton to Hong Kong. This booking was done via Flight Hub which would include an Air Canada flight from Edmonton to Vancouver and an Air China flight to HK. Upon arrival at the airport in Edmonton Air Canada alerted me that my middle name was missing from the flight info and were happy to add it. Air Canada updated both my boarding passes. When I got to Vancouver I went to the Air China check in counter to receive my boarding pass and I waited 2 hours until they told me I wouldn't be allowed on the flight because of my missing middle name. This information came was communicated to me 10 minutes before gate closing. This gave me absolutely no time to contact Air Canada or Flight Hub for help. Air China were unwilling to add my middle name despite showing my passport and other government issued IDs. I had to cancel and rebook my entire round trip because they wouldn't add my middle name on the return flight either. One of my friends stayed behind and took the flight with me. On the return flight my friend was rejected from the flight for ""breaking the sequence"". Upon enquiry Air China confirmed that his seat was still reserved for him but he would have to pay an $1200 USD to get it back. Air China was incredibly unhelpful and threatened to call security when was asked why he was rejected from the flight even though they themselves confirmed the seat was reserved for him.",air-china,no,1.0,vancouver_to_hong_kong_via_beijing,2018-06-08,june_2018,Not Verified,Mendeley/Skytrax Airline Review Data.xlsx,"Manually checked from strict 390-candidate extraction from the 64,740-row Skytrax airline review dataset.",79,review_before_keep,direct threat/threatening language; police/security conflict or intervention context,,"""horrendous customer service""",family_leisure,economy_class
REAL-VA-080,yes,violent_aggressive,high,reported physical confrontation or violence-related act,assistant_manual_check_completed,9,2,physical_violence; staff_passenger_conflict,"The flight takes off on time but the cabin crew is not very kind and even won't smile during the fight. The aircraft is new, only 5 months and it's A321 , could carry more passengers than A320. The seat is comfortable.",air-china,yes,6.0,guangzhou_to_chengdu,2018-02-18,march_2017,Trip Verified,Mendeley/Skytrax Airline Review Data.xlsx,"Manually checked from strict 390-candidate extraction from the 64,740-row Skytrax airline review dataset.",80,review_before_keep,physical violence or assault/fight language; staff/passenger conflict with aggression/abuse context,,"""cabin crew is not very kind""",family_leisure,economy_class
REAL-VA-081,yes,violent_aggressive,high,reported physical confrontation or violence-related act,assistant_manual_check_completed,9,2,physical_violence; staff_passenger_conflict,"So disappointed for Silkair, as it's slogan ""Joy to fly"", but I do not agree to that. This is mainly because the cabin crew are not nice, it doesn't deserve as a best regional airline. Penang is one of the most important route for Silkair, however, the ground service only open 2 hours before the fight, the staff open the counter 10mins later and the staff work slowly, I am Silver elite for Singapore Airline and already web check in, but the staff use more than 10 mins to handle my luggage and give me the passport. For the food, only provide a sandwich. I take AirAsia from SIN to Penang, the experience is much better even it's low cost airline.",silkair,no,2.0,penang_to_singapore,2018-05-06,april_2018,Trip Verified,Mendeley/Skytrax Airline Review Data.xlsx,"Manually checked from strict 390-candidate extraction from the 64,740-row Skytrax airline review dataset.",81,review_before_keep,physical violence or assault/fight language; staff/passenger conflict with aggression/abuse context,,"""the staff work slowly""",solo_leisure,economy_class
REAL-VA-082,yes,violent_aggressive,high,explicit threat in airline/security/staff context; yelling/screaming/shouting in staff/passenger conflict,assistant_manual_check_completed,9,2,direct_threat; staff_passenger_conflict,"We almost missed our flight because the lady at the counter messed everything up even though I had checked in online. After that I couldn't get a boarding pass because the lady wasted too much time and the system said it was closed! The lady just said we had to buy tickets for the next flight! Ridiculous! Luckily we did the check in online and the staff at the airport helped us. The cabin crew were not helpful at all and gave really bad service. Had to call 2 to 3 times just to ask for a cup of water! When we were exiting the aircraft I had my cellphone in my hand and I did not even look at it, a crew member shouted at me and told me to put my phone down! I said I wasn't even using it, he threatened that I would be fined if I still had it in my hand! Jetstar NZ just ruined my trip. Never flying with this ridiculous company again.",jetstar-airways,no,1.0,auckland_to_queenstown,2019-05-01,march_2019,Trip Verified,Mendeley/Skytrax Airline Review Data.xlsx,"Manually checked from strict 390-candidate extraction from the 64,740-row Skytrax airline review dataset.",82,review_before_keep,direct threat/threatening language; staff/passenger conflict with aggression/abuse context,,"""ruined my trip""",couple_leisure,economy_class
REAL-VA-083,yes,violent_aggressive,high,reported physical confrontation or violence-related act,assistant_manual_check_completed,9,2,physical_violence; staff_passenger_conflict,"Flew Brisbane to Queenstown return. Customer service is non existent. Enroute to Queenstown the by the time the fight crew got to my partner and myself with food options there were no vegetarian meals so we missed out unless we wanted to pay for extra food. Reroute back to Brisbane we managed to get an ok meal. The flight crew continued to miss us when doing the rounds for water on both flights and when we finally asked for a glass of just plan water, we were informed that we should have asked when offered and it is not available, instead we were directed to purchase a sugary soft drink instead. Flights weren't terribly cheap or comparative either.",virgin-australia,no,1.0,queenstown_to_brisbane,2019-09-14,september_2019,Trip Verified,Mendeley/Skytrax Airline Review Data.xlsx,"Manually checked from strict 390-candidate extraction from the 64,740-row Skytrax airline review dataset.",83,review_before_keep,physical violence or assault/fight language; staff/passenger conflict with aggression/abuse context,,"""Customer service is non existent""",business,premium_economy
REAL-VA-084,yes,violent_aggressive,high,reported physical confrontation or violence-related act,assistant_manual_check_completed,9,2,physical_violence; staff_passenger_conflict,"It’s the worst fight ever, delay 3 hours and no one from Virgin crew to give any explanation. Virgin stuff are rude and they have no manners with people The funny part is : on board they ask you to relax .",virgin-australia,no,1.0,gold_coast_to_sydney,2019-01-05,january_2019,Trip Verified,Mendeley/Skytrax Airline Review Data.xlsx,"Manually checked from strict 390-candidate extraction from the 64,740-row Skytrax airline review dataset.",84,review_before_keep,physical violence or assault/fight language; staff/passenger conflict with aggression/abuse context,,"""the worst fight ever""",family_leisure,economy_class
REAL-VA-085,yes,violent_aggressive,high,reported physical confrontation or violence-related act,assistant_manual_check_completed,9,2,physical_violence; staff_passenger_conflict,"The first leg from Bangkok was very good indeed. The ground crew was nice and helpful. The cabin crew, particular a young Thai male crew, was very nice friendly and helpful throughout the fight. The food was quite tasty and the crew gave us excellent service. The second leg from Haneda to Bangkok was also very good. The ground staff were very nice and helpful due to my wife knee problem after surgery. The cabin crew both Japanese and Thai were very friendly and helpful and provided us excellent service. The food was not as good as the first leg flight though. Overall we were more than happy for ANA excellent staff and service.",ana-all-nippon-airways,yes,10.0,bangkok_to_tokyo,2025-05-30,may_2025,Trip Verified,Mendeley/Skytrax Airline Review Data.xlsx,"Manually checked from strict 390-candidate extraction from the 64,740-row Skytrax airline review dataset.",85,review_before_keep,physical violence or assault/fight language; staff/passenger conflict with aggression/abuse context,,"""excellent staff and service""",couple_leisure,economy_class
REAL-VA-086,yes,violent_aggressive,high,reported physical confrontation or violence-related act,assistant_manual_check_completed,9,2,physical_violence; staff_passenger_conflict,"Fight deperture 20 mins delay. Ground staff not helpful in Mexico City airport. It's a 14:30 hours flight but didn't have wifi, but have many movie and games. Cabin crew are best I think in the world. Excellent behaviour, polite. Al time they come and ask need anything. Really great in flight service. I did not order any food before my flight departure and they served me chicken and rice. Business class seat fully lying bed 180 degree. Flight arrive 15 mins before of scheduled arrive time.",ana-all-nippon-airways,yes,8.0,mexico_city_to_tokyo_narita,2017-05-14,april_2017,Verified Review,Mendeley/Skytrax Airline Review Data.xlsx,"Manually checked from strict 390-candidate extraction from the 64,740-row Skytrax airline review dataset.",86,review_before_keep,physical violence or assault/fight language; staff/passenger conflict with aggression/abuse context,,"""crew best I think in the world""",solo_leisure,business_class
REAL-VA-087,yes,violent_aggressive,high,explicit threat in airline/security/staff context,assistant_manual_check_completed,9,2,direct_threat; staff_passenger_conflict,"Terrible service customer service is a borderline comedy act with no real acceptance of the poor experience on the customer's end. What to expect from Vistara: delayed baggage (by 3 hours) on arrival and then a staff member threatening to remove you from the airline for having a piece of slightly overweight baggage without any form of assistance or actually providing a solution. Then on top of that the pure ridicule of the customer service we've had to deal with after is what you get from Vistara. I implore you after reading this review to please use another service and be better off, it may cost more but for your own sanity, health and wellbeing choose another airline.",vistara,no,1.0,delhi_to_london,2023-09-04,august_2023,Trip Verified,Mendeley/Skytrax Airline Review Data.xlsx,"Manually checked from strict 390-candidate extraction from the 64,740-row Skytrax airline review dataset.",87,review_before_keep,direct threat/threatening language; staff/passenger conflict with aggression/abuse context,,"""Terrible service customer service""",family_leisure,economy_class
REAL-VA-088,yes,violent_aggressive,high,explicit threat in airline/security/staff context,assistant_manual_check_completed,9,2,direct_threat; staff_passenger_conflict,They wanted me to find a dust bin and put in the extra weight items which were sweets removed from my suitcase. They did not offer any support and the manager threatened me that she will not issue boarding pass if I don't do it.,airasia,no,2.0,visakhapatnam_to_bangalore,2023-05-27,may_2023,Not Verified,Mendeley/Skytrax Airline Review Data.xlsx,"Manually checked from strict 390-candidate extraction from the 64,740-row Skytrax airline review dataset.",88,review_before_keep,direct threat/threatening language; staff/passenger conflict with aggression/abuse context,,"""Very terrible experience""",family_leisure,economy_class
REAL-VA-089,yes,violent_aggressive,high,reported physical confrontation or violence-related act,assistant_manual_check_completed,9,2,physical_violence; staff_passenger_conflict,The Captain kept updating us the fight path announcement. The seat was cramped at seat 22F. The food is hot but portion was too small. They offer do wifi connection onboard this aircraft (chargeable). For the related experience we will not fly AK again.,airasia,no,7.0,kul_to_han,2015-11-19,november_2015,,Mendeley/Skytrax Airline Review Data.xlsx,"Manually checked from strict 390-candidate extraction from the 64,740-row Skytrax airline review dataset.",89,review_before_keep,physical violence or assault/fight language; staff/passenger conflict with aggression/abuse context,,"""seat was cramped""",family_leisure,economy_class
REAL-VA-090,yes,violent_aggressive,high,reported physical confrontation or violence-related act,assistant_manual_check_completed,9,2,physical_violence; staff_passenger_conflict,The aircraft is Boeing 737 which is new and could provide 12 first class seats. However  the cabin crew were too busy to provide a good service during the fight. The foodsin flight are too salty and the coffee is not hot enough.,china-eastern-airlines,no,7.0,guangzhou_to_kunming,2018-02-17,may_2017,Trip Verified,Mendeley/Skytrax Airline Review Data.xlsx,"Manually checked from strict 390-candidate extraction from the 64,740-row Skytrax airline review dataset.",90,review_before_keep,physical violence or assault/fight language; staff/passenger conflict with aggression/abuse context,,"""chose because of it's low fare""",solo_leisure,first_class
REAL-VA-091,yes,violent_aggressive,high,reported physical confrontation or violence-related act,assistant_manual_check_completed,9,2,physical_violence; staff_passenger_conflict,"The food was good, there are 2 choices between Korean local food which I belive called ""bibimbap"" or standard chicken and rice. 2 hours after take off, the air conditioning stopped working and cabin temperature got higher. It became so hot that a lot of passengers were using paper as fans to cool themselves. I called the flight attendant who said she would lower the temperature but nothing changed. The in-fight entertainment system still used an old 4 inch screen with remote (not a touchscreen display) with very limited choices of movies. Overall I still recommend Asiana.",asiana-airlines,yes,3.0,icn_to_cgk,2016-07-13,july_2016,Verified Review,Mendeley/Skytrax Airline Review Data.xlsx,"Manually checked from strict 390-candidate extraction from the 64,740-row Skytrax airline review dataset.",91,review_before_keep,physical violence or assault/fight language; staff/passenger conflict with aggression/abuse context,,"""air conditioning stopped working""",solo_leisure,economy_class
REAL-VA-092,yes,violent_aggressive,high,explicit threat in airline/security/staff context,assistant_manual_check_completed,9,2,direct_threat; staff_passenger_conflict,"Worst experience especially with ground staff with adamant nature. Cabin baggage were getting weighed at boarding point just few minutes before boarding. Even though more than half flight was empty, passengers were forced to pay 1 kg or 2 kg extra luggage. Whoever resisted were threatened by ground staff to off board. There is no control measures taken at Boarding pass issuing point by airlines as I was having enough scope to transfer my luggage in to check in baggage & passengers are literally black mailed at last moment i.e. few minutes before boarding time, where there's no scope left for passenger to decide.",air-india-express,no,1.0,dubai_to_pune,2018-10-15,september_2018,Not Verified,Mendeley/Skytrax Airline Review Data.xlsx,"Manually checked from strict 390-candidate extraction from the 64,740-row Skytrax airline review dataset.",92,review_before_keep,direct threat/threatening language; staff/passenger conflict with aggression/abuse context,,"""staff with adamant nature""",family_leisure,economy_class
REAL-VA-093,yes,violent_aggressive,high,reported physical confrontation or violence-related act,assistant_manual_check_completed,9,2,physical_violence; staff_passenger_conflict,"We booked tickets at 3 times the normal price due to black dates of travel which offered us very little flexibility. Old worn aircraft, non functional entertainment screens, rude ground staff, seat recline not working, no time management. There was not even one leg of journey where the flight was not delayed by 3 hours. Last leg from Hyd- Del- LHR was the nail in coffin. For Hyd to Del leg, passengers were asked to board after 2 hours delay and then asked to sit in Aircraft further for 1.30 hours. The ground staff and flight supervisor told repeatedly to connecting 27 passengers (to London Heathrow) that connecting flight from Delhi AI 165 is waiting to accommodate them. To our shock, the flight had departed 50 mins before we landed. The whole ground staff is rude. Eventually after so much fight for a place to reach final destination, we boarded AI 161 after 13 hours of actual departure (of AI 165) from New Delhi and have just arrived in LHR. We faced 16 hours delay on a 11.5 hours travel.",air-india,no,1.0,hyderabad_to_london_via_delhi,2024-01-02,december_2023,Trip Verified,Mendeley/Skytrax Airline Review Data.xlsx,"Manually checked from strict 390-candidate extraction from the 64,740-row Skytrax airline review dataset.",93,review_before_keep,physical violence or assault/fight language; staff/passenger conflict with aggression/abuse context,,"""Avoid like a Plague""",family_leisure,economy_class
REAL-VA-094,yes,violent_aggressive,high,reported physical confrontation or violence-related act,assistant_manual_check_completed,9,2,physical_violence; staff_passenger_conflict,"I haven't been adventurous enough to try them out international as I've heard my share of horror stories. I'm going to base my review on the 2 Pune-Delhi flights I've taken in this period. Booking: AI fares were similar or cheaper than the corresponding fares on no frills airlines. AI is full service. Which means 25 kgs of check-in luggage and meals served on-board. A huge win right away. Online booking was easy and not complicated compared to some top notch international airlines sites. Rating: 10/10 Check In: The check-in counter for AI literally had no queues while the rest of the airlines had long ones. That did make me somewhat nervous the first time. As it turns out eventually, the flights both times were completely full so I have no idea how they managed to avoid queues at check-in. Maybe fewer flights? Nevertheless, the check-in agent was quick, efficient, polite, addressed me properly by name and directed me to my gate. I was out and about in no time - both times. No complaints. Rating: 10/10 Boarding: Boarding commenced 10 mins later than scheduled. On both the flights I took. However the boarding process was quick and smooth and the lot of us were on board in no time. Rating: 8/10 Crew: On both occasions, the cabin stewards / stewardesses were polite, efficient and thoroughly professional. Albeit the first flight, they weren't overly keen to smile. On the second flight, they were in the finest spirits they could possibly be and literally went overboard to please. A very very warm welcome and top notch crew experience. 10/10 The craft: This was an older A320. Not the Neo version. Strangely, there was a defunct screen on the back of the seat in front of me and I had (non working) screen controls. None of the others did. I guess, they reused some seats from other aircraft. The seat pitch was pretty comparable to other domestic carriers. At 5ft7, I had decent enough knee room. But the seat width - that was definitely a bonus. Wider than economy seats in not just other domestic flights, but much wider than the seats in many international long hauls on the newer A350s and B787s. That made a huge impact and I did not have to fight it out with my co-passenger for rights over the arm rest. Of course, the cabin did look a bit dated with some scuff marks on the plastics. But it was all clean and the colour scheme was uplifting. Rating: 7/10 Meals: Dinner was served. Chicken korma with rice and some veggies. Some yoghurt and a brownie cake. Was decent fare. Served with steel cutlery. Thank you AI! International carriers make note, it's criminal to serve food with plastic cutlery. Why do you do it? The cutlery looked a big light and flimsy and I did a stress test, it was actually quite rigid and strong. Well done. Service was quick and as efficient as how I was getting used to by now. 8/10 Punctuality: Both times on AI, the flight took off ahead of schedule and reached New Delhi 30-35 mins ahead of schedule! I repeat - 30-35 mins ahead of schedule. On a flight that had a flying time of about 2 hrs!! This is serious WOW. Super impressed. 10/10! Extras: Throughout the trip, I kept getting emails and SMSs from AI with status updates on departure gates and other bits and bobs of info. I even got alerts for when my bags were loaded onto the aircraft. Who does that?! Whopping 10/10 Overall: An overwhelmingly surprised 10/10.",air-india,yes,10.0,pune_to_delhi,2023-06-28,june_2023,Trip Verified,Mendeley/Skytrax Airline Review Data.xlsx,"Manually checked from strict 390-candidate extraction from the 64,740-row Skytrax airline review dataset.",94,review_before_keep,physical violence or assault/fight language; staff/passenger conflict with aggression/abuse context,,"""top notch crew experience""",business,economy_class
REAL-VA-095,yes,violent_aggressive,high,reported physical confrontation or violence-related act,assistant_manual_check_completed,9,2,physical_violence; staff_passenger_conflict,Ground crew as well fight staff are rude. Inefficient communication via e-system (Apps/site/SMS/email) as well as inform of announcement on Gates. Extremely bad inflight entertainment and poor hygiene in general. Overall be ready for a very stressful travel if you choose this Airline.,air-india,no,1.0,delhi_to_mumbai_via_sydney,2022-04-30,april_2022,Trip Verified,Mendeley/Skytrax Airline Review Data.xlsx,"Manually checked from strict 390-candidate extraction from the 64,740-row Skytrax airline review dataset.",95,review_before_keep,physical violence or assault/fight language; staff/passenger conflict with aggression/abuse context,,"""be ready for a very stressful travel if you choose this Airline""",solo_leisure,economy_class
REAL-VA-096,yes,violent_aggressive,high,reported physical confrontation or violence-related act,assistant_manual_check_completed,9,2,physical_violence; staff_passenger_conflict,Flight from Shanghai was very smooth super empty Dreamliner left on time very comfortable. The Delhi to Kochi flight was very delayed but otherwise fine. The DEL-PVG leg was a disaster. We took off on time and made very good time there was a storm over Shanghai so we circled twice before landing at an airport about two hours away. Totally understandable these things happen. But we were then held on the tarmac for more than 4 hours with no water and with two of the bathrooms out of order. We got very little information and crew did not push for our release. I understand the Chinese ground staff just didn't come but Air India has to fight for its passengers rights - more than 4 hours with no food or water! We could not use the bathroom! The plane was beginning to smell. This was so poorly handled and has really put me off Air India.,air-india,no,5.0,,2015-03-20,,,Mendeley/Skytrax Airline Review Data.xlsx,"Manually checked from strict 390-candidate extraction from the 64,740-row Skytrax airline review dataset.",96,review_before_keep,physical violence or assault/fight language; staff/passenger conflict with aggression/abuse context,,Air India customer review,,economy_class
REAL-VA-097,yes,violent_aggressive,high,reported physical confrontation or violence-related act,assistant_manual_check_completed,9,2,physical_violence; staff_passenger_conflict,"Absolutely the worst experience we have had on an airplane. We never saw the fight crew except when they served hot meals and a drink before the meal on a 14 hour flight. This was the only contact we had with the crew. We actually saw the crew sleeping during the flight instead of serving the customers. The crew never came around and offered drinks or snacks however drinks and peanuts and sandwiches were at the service stations and we basically served ourselves. Never have we seen or experienced such a thing. The entertainment was pretty good however many of us in our group had consoles that didn't work and remotes were not functioning either. The bathrooms ran out of paper and the cleanliness got worse as the flight continued. After 14 hours you can imagine the results of a lack of hand towels and toilet paper in an airplane. Basically there was no such thing as cleanliness. Let's talk about the seats. Where we sat was like a rock! The bottom was hard and the back you could actually feel the frame. Numbness was a way of life for 14 hours. Eventually we got creative and figured a way to make our seats ""comfortable"". Some used their pillows from home for their back others used the pillow and/or the blanket from the airline for cushioning. Basically these seats were the worst!",air-india,no,,,2015-03-09,,,Mendeley/Skytrax Airline Review Data.xlsx,"Manually checked from strict 390-candidate extraction from the 64,740-row Skytrax airline review dataset.",97,review_before_keep,physical violence or assault/fight language; staff/passenger conflict with aggression/abuse context,,Air India customer review,,economy_class
REAL-VA-098,yes,violent_aggressive,high,reported physical confrontation or violence-related act,assistant_manual_check_completed,9,2,physical_violence; staff_passenger_conflict,"The service of China Southern Airline deserve a praise. The economy seat has enough spacs for my legs and comfortable position for my head and neck. Even though the flight hours is as long as 15 hours, I could find the staff during the fight and they to ask if I need any services.  However, I would suggest the airline improve their food and beverage to meet the need of customers in a very dry environment.",china-southern-airlines,yes,9.0,guangzhou_to_new_york,2017-10-06,october_2017,Verified Review,Mendeley/Skytrax Airline Review Data.xlsx,"Manually checked from strict 390-candidate extraction from the 64,740-row Skytrax airline review dataset.",98,review_before_keep,physical violence or assault/fight language; staff/passenger conflict with aggression/abuse context,,"""suggest the airline improve their food""",solo_leisure,economy_class
REAL-VA-099,yes,violent_aggressive,high,reported physical confrontation or violence-related act,assistant_manual_check_completed,9,2,physical_violence; staff_passenger_conflict,"It was a pleasant fight with nice refreshments. Very helpful flight crew gave good service with a smile. The seat was comfortable and the lavatory was clean. All in all a great flying experience, and I would definitely fly with China Southern again.",china-southern-airlines,yes,9.0,lax_to_can,2016-01-08,december_2015,,Mendeley/Skytrax Airline Review Data.xlsx,"Manually checked from strict 390-candidate extraction from the 64,740-row Skytrax airline review dataset.",99,review_before_keep,physical violence or assault/fight language; staff/passenger conflict with aggression/abuse context,,"""service with a smile""",business,business_class
REAL-VA-100,yes,violent_aggressive,high,reported physical confrontation or violence-related act,assistant_manual_check_completed,9,2,physical_violence; staff_passenger_conflict,"Crew members provided an excellent service. Pilots kept us informed during the fight especially because in Taipei the weather conditions were quite bad. The aircraft cabin was clean and comfortable, food was delicious, tasty and different options were available. Duty free products are many, cheap and nice: great opportunities for shopping. Seat is very comfortable, clean with lots of space for the legs. The flight was on time, inflight entertainment is very good, varied and interesting.",thai-airways,yes,10.0,bangkok_to_taipei,2018-03-06,november_2017,Trip Verified,Mendeley/Skytrax Airline Review Data.xlsx,"Manually checked from strict 390-candidate extraction from the 64,740-row Skytrax airline review dataset.",100,review_before_keep,physical violence or assault/fight language; staff/passenger conflict with aggression/abuse context,,"""cabin was clean and comfortable""",solo_leisure,economy_class
REAL-VA-101,yes,violent_aggressive,high,explicit threat in airline/security/staff context,assistant_manual_check_completed,9,2,direct_threat; staff_passenger_conflict,"Online check-in was not available in 2024. The counter staff was not accommodating and made me run in a circle and did not assist in any way, they were rude, blunt even the manager. She was very demanding and raised her voice. I felt threatened as a passenger would not recommend flying. It’s not a first class or four-star airline.",malaysia-airlines,no,1.0,manila_to_kuala_lumpur,2024-02-06,february_2024,Trip Verified,Mendeley/Skytrax Airline Review Data.xlsx,"Manually checked from strict 390-candidate extraction from the 64,740-row Skytrax airline review dataset.",101,review_before_keep,direct threat/threatening language; staff/passenger conflict with aggression/abuse context,,“Worst customer service on check in”,solo_leisure,economy_class
REAL-VA-102,yes,violent_aggressive,high,reported physical confrontation or violence-related act,assistant_manual_check_completed,9,2,physical_violence; staff_passenger_conflict,"A terrible food and bad service. We travelled with 2 kids and the first trip just had very bad food. But the way back was worse than any airline experiences I have. On the way to Hanoi. The food was bad but we think maybe because of our taste is different. So i decided to buy some food on the way back. First some how they put my 6 years old kid seat alone far away from us so it leading to no meal for her! The flight attendant said ""child meal is nothing, she will give us other meal!"" Next 15 mins she came back and said because of the wrong seating (we did not know that she have to seat in other seat so we seated together.) So they fixed it. But yes the child meal is horrible, chocolate, sweet drink, and kind of chicken with mashed potatoes. My kid did not eat any of that just a drink. We kindly asked for a coffee, fight attendant said the airplane is go though a turbulence so they cant service the hot drink! Ok fine we understand. About 45 mins before landing. We asking again (Tthe turbulence is finished) the flight attendant said! "" what for? We almost landing"" then walk off! We won't travel with Malaysia Airlines again!",malaysia-airlines,no,2.0,melbourne_to_hanoi_via_kuala_lumpur,2019-03-24,march_2019,Trip Verified,Mendeley/Skytrax Airline Review Data.xlsx,"Manually checked from strict 390-candidate extraction from the 64,740-row Skytrax airline review dataset.",102,review_before_keep,physical violence or assault/fight language; staff/passenger conflict with aggression/abuse context,,"""had very bad food""",family_leisure,economy_class
REAL-VA-103,yes,violent_aggressive,high,reported physical confrontation or violence-related act,assistant_manual_check_completed,9,2,physical_violence; staff_passenger_conflict,"The service was very good in all flights. Cabin crew are very friendly, attentive and efficient. During the long-haul fight, cabin crew keep the passenger hydrated by serving beverages. KUL-AMS on Boeing 777-200, legroom was very large, seat was comfortable yet old, but IFE display very poor (content are rich). CAN-KUL A330-300 legroom was ok, IFE very good, seats new and comfortable. The food were also great, I would recommend the Nasi Lemak. Check-in was efficient. Great to see that the cabin was quite full in all lags.",malaysia-airlines,yes,9.0,can_to_ams_via_kul,2015-06-30,june_2015,,Mendeley/Skytrax Airline Review Data.xlsx,"Manually checked from strict 390-candidate extraction from the 64,740-row Skytrax airline review dataset.",103,review_before_keep,physical violence or assault/fight language; staff/passenger conflict with aggression/abuse context,,Malaysia Airlines customer review,business,economy_class
REAL-VA-104,yes,violent_aggressive,high,"explicit threat in airline/security/staff context; police/security conflict, intervention, detention, removal, or threat context",assistant_manual_check_completed,9,2,direct_threat; police_security_conflict,"Refused to sell ticket for lap infant after they sold me ticket. Wouldn't refund transfer, nothing. Extremely rude, hung up on me, lied to me. Said I had to buy from Delta even though it was a Korean Air flight. Delta tried to help but couldn't. Lost out on my money for flight from Anchorage to Mongolia and back. Tried to fly and solve things in person. Alaska Airlines let me fly with my baby but Korean air refused to even talk to me. Threatened to call security. They also closed the gate early and turned people away. I suspect that it was overbooked but they refused to say. Claimed our connecting flight was too late and blamed Alaskan Air.",korean-air,no,1.0,seattle_to_seoul,2018-11-23,november_2018,Trip Verified,Mendeley/Skytrax Airline Review Data.xlsx,"Manually checked from strict 390-candidate extraction from the 64,740-row Skytrax airline review dataset.",104,review_before_keep,direct threat/threatening language; police/security conflict or intervention context,,"""refused to even talk to me""",family_leisure,economy_class
REAL-VA-105,yes,violent_aggressive,high,explicit threat in airline/security/staff context,assistant_manual_check_completed,9,2,direct_threat; staff_passenger_conflict,"The airline didn’t let me carry my hand luggage in the cabin because the plane was full. I politely explained that I needed to run after landing because I needed to catch a bus to my next destination and time was short, so checking the bag in was not an option. The staff was rude and unsympathetic and didn’t do anything to accommodate me. They threatened to leave me on the ground and forced me to check the bag in. As a result, I lost precious time waiting for my bag to appear in the carousel in Malaga (a very slow airport for baggage handling) and missed my bus. Absolutely unacceptable.",brussels-airlines,no,2.0,brussels_to_malaga,2017-09-29,september_2017,Verified Review,Mendeley/Skytrax Airline Review Data.xlsx,"Manually checked from strict 390-candidate extraction from the 64,740-row Skytrax airline review dataset.",105,review_before_keep,direct threat/threatening language; staff/passenger conflict with aggression/abuse context,,"""rude and unsympathetic""",solo_leisure,economy_class
REAL-VA-106,yes,violent_aggressive,high,reported physical confrontation or violence-related act,assistant_manual_check_completed,9,2,physical_violence; staff_passenger_conflict,"My flight from BRU to WAW departed with about 15 minutes delay due to the late arrival of our E195 aircraft. The boarding was fast, the aircraft was in a good condition with comfortable seats and cabin crew was friendl. They offered sandwiches, beverages and snacks for payment, however prices are reasonable.  They accept payments with MC, Visa, AMEX, etc. and also PLN, EUR, USD and CAD in cash. Later  was given tea, coffee, water free with a chocolate bar. We arrived on time.  I had 1:20h to make my connection from WAW to WRO. Later it turned out that our flight to WRO will be delayed. Finally we took off about 25min later than scheduled and arrived at WRO with 15min delay. Our aircraft was a Dash Q400 (as usually on LOT's domestic routes) which is OK on short-haul flights. The crew seemed to be tired and wasn't kind. Most of the fight time they spent in the galley chatting.  All together it wasn't a bad experience but also there's nothing I particularly liked or disliked. Although, I wouldn't have minded arriving at WRO earlier than midnight.",lot-polish-airlines,yes,8.0,brussels_to_wroclaw_via_warsaw,2017-03-03,february_2017,Verified Review,Mendeley/Skytrax Airline Review Data.xlsx,"Manually checked from strict 390-candidate extraction from the 64,740-row Skytrax airline review dataset.",106,review_before_keep,physical violence or assault/fight language; staff/passenger conflict with aggression/abuse context,,"""wasn't a bad experience""",solo_leisure,economy_class
REAL-VA-107,yes,violent_aggressive,high,reported physical confrontation or violence-related act,assistant_manual_check_completed,9,2,physical_violence; staff_passenger_conflict,"Before landing in Belgrade, we asked the flight attendant if we can make it to our fight. She assured us that our BEG-IST flight (JU 422) would wait for us. As soon as we landed we ran to the gate. but the flight to IST has already left. it didn't wait for us. We went to the transfer desk, the staff was unfriendly and put us on another air serbia (shared with bulgaria air) flight leaving early next day. We were given a hotel voucher. They told us to wait there for an officer who would come and take us to find our luggage and get transport to the hotel - the person didn't come. We had to wait standing, because there were no seats. This airline is not serious about making connection flights.I strongly recommend people not to do connection flights with this airline! (the photo of the transfer desk area is attached. there are no seats)",air-serbia,no,1.0,barcelona_to_istanbul_via_belgrade,2025-06-28,june_2025,Trip Verified,Mendeley/Skytrax Airline Review Data.xlsx,"Manually checked from strict 390-candidate extraction from the 64,740-row Skytrax airline review dataset.",107,review_before_keep,physical violence or assault/fight language; staff/passenger conflict with aggression/abuse context,,"""the staff was unfriendly""",couple_leisure,economy_class
REAL-VA-108,yes,violent_aggressive,high,reported physical confrontation or violence-related act,assistant_manual_check_completed,9,2,physical_violence; staff_passenger_conflict,"I was treated very rudely and told my mask did not meet their requirements (strange thing that flew 4 days earlier with the same airline to get to Tirana and nobody told me anything about the mask) and to stand aside and not board my flight. The supervisor was rude and was looking for every excuse to fight, no matter how nice you were. Thanks to someone who gave me a surgical mask I made it to the airplane to find out that the staff of the airline were wearing the same mask I had been not allowed to get in the fight in the first place. If you can don’t fly with them, the amount of money you spend and the service you get are not worth it.",austrian-airlines,no,1.0,tirana_to_washington_dc_via_vienna,2021-07-26,july_2021,Trip Verified,Mendeley/Skytrax Airline Review Data.xlsx,"Manually checked from strict 390-candidate extraction from the 64,740-row Skytrax airline review dataset.",108,review_before_keep,physical violence or assault/fight language; staff/passenger conflict with aggression/abuse context,,"""If you can don’t fly with them""",solo_leisure,premium_economy
REAL-VA-109,yes,violent_aggressive,high,explicit threat in airline/security/staff context,assistant_manual_check_completed,9,2,direct_threat; staff_passenger_conflict,"I was flying with my wife and daughter (3y old) on transit flight via Vienna. Departure was late (22:00). During the boarding I was told that my family wearing masks not high quality and we can not board. We need to wear FFP2 masks. Somehow I missed the information that we should get special masks. Late I have checked the website of the airline, and it was very difficult to find the information about masks - on mobile version of austrian airlines website (booking pages, language Russian). Anyway, in my mind, the mask should not be the problem as I was sure that I can purchase it easily. But in the shop such masks were out of stock and the airline were not selling it also. Thanks to the people who shared the masks with us. But the story not about masks, but the staff of Austrian Airlines, which was rude to us. The manager of the flight on any my words or question just shut me up and threatens to take me of the flight. It was almost impossible to understand what is wrong and how we can fix the situation. Even when we managed to get the masks (very thanks to kind people) the staff was still threatening to me, when I was explaining that the passengers' lives could be easier if they just sold these masks. But the response was: ""give me your passport if you what to have any discussion you will miss your flight"". I just had to bow and shut up. I assure you that I was not rude and spoke without any personal insults. During boarding, my wife was brought to tears (she stood aside) and the flight attendants very nicely handed her a napkin. I fly quite a lot and have faced many situations, so I'm okay with some airline mistakes. Flying is hard these days, and the work of airline personnel has also become harder, but we are still human beings, not cattle driven for loading. It is obvious to me that my situation could be resolved very simply and without the rudeness of the staff, but the airline manager simply was a little human, who had power over people. This is also called the ""concierge"" syndrome. I don’t think this is the policy of the airline, nevertheless, be careful when choosing your flights.",austrian-airlines,no,3.0,moscow_to_sofia_via_vienna,2021-06-22,june_2021,Trip Verified,Mendeley/Skytrax Airline Review Data.xlsx,"Manually checked from strict 390-candidate extraction from the 64,740-row Skytrax airline review dataset.",109,review_before_keep,direct threat/threatening language; staff/passenger conflict with aggression/abuse context,,"""Very rude staff""",family_leisure,economy_class
REAL-VA-110,yes,violent_aggressive,high,reported physical confrontation or violence-related act,assistant_manual_check_completed,9,2,physical_violence; staff_passenger_conflict,"Only problem was my food. I discovered that I was getting Gluten free food instead of my diet/lite meals. Staff tried to switch food but no extra was available on fight home. They did change my pasta on the flight to Vienna. Please consider a meal category with fruit, vegs, dairy, meat, no sweets, no tomato sauces that don't sit well with late dinners on long bumpy flights! I love the Austrian coffee. I don't enjoy the new crackers with seasoning, Want my fish back!",austrian-airlines,yes,9.0,vienna_to_toronto,2015-11-03,november_2015,,Mendeley/Skytrax Airline Review Data.xlsx,"Manually checked from strict 390-candidate extraction from the 64,740-row Skytrax airline review dataset.",110,review_before_keep,physical violence or assault/fight language; staff/passenger conflict with aggression/abuse context,,"""only problem was my food""",couple_leisure,economy_class
REAL-VA-111,yes,violent_aggressive,high,reported physical confrontation or violence-related act,assistant_manual_check_completed,9,2,physical_violence; staff_passenger_conflict,"My kid's passport expires this Fall and we had there-back tickets that would have been used long before. The manager who apparently doesn't even work for them - just contracted - made a suggestion to leave our child at the airport and for the rest of us to go on! Upon about an hour long discussion, she told me not to worry, just call Icelandair tomorrow and get my tickets changed for another date.  I called that evening and their call center closed at like 8 pm CDT. I called the next day, and was told I am out of luck, thank you for your donation basically. Again, I also bought return tickets for end of August and was told those are forfeited also. Altogether it's about 4K. Ok, I am a single parent with two children and this is a lot of money for anyone! I felt lied to by that supervisor at MSP who told me I'd be rebooked and her exact words ""you won't have to fight with them"". Well, it's been exactly the opposite. I keep calling, I am hung up on, I am put down, talked down to, and plain disrespected. What an awful call center! They make any budget airline or hotel chain look like luxury service. I have been flying over the Atlantic for the past 20+ years pretty regularly and this is the absolute worst. I was lied to and got fake promises, just to get rid of me. They don't sell out every flight, why not allow us to go on a different one if they have seats anyway?! I also was told, by the call center that I should have called them before the flight. Well, they closed 30 min after the plane departed and you have to wait on hold at least an hour to get thru. I was also hung up on that night when I tried. Altogether, what a joke. I thought higher of Iceland prior to this.",icelandair,no,1.0,minneapolis_to_helsinki_via_keflavik,2022-07-15,july_2022,Trip Verified,Mendeley/Skytrax Airline Review Data.xlsx,"Manually checked from strict 390-candidate extraction from the 64,740-row Skytrax airline review dataset.",111,review_before_keep,physical violence or assault/fight language; staff/passenger conflict with aggression/abuse context,,"""talked down to and plain disrespected""",family_leisure,economy_class
REAL-VA-112,yes,violent_aggressive,high,reported physical confrontation or violence-related act; yelling/screaming/shouting in staff/passenger conflict,assistant_manual_check_completed,9,2,physical_violence; staff_passenger_conflict,"2:30 AM flight leaving Alghero arriving in Madrid at 4:30. The inbound fight from Madrid had taken off at midnight so the crew were already exhausted. There was still no excuse for their behaviour. No welcoming or good byes to any passengers, no service and literally yelling at three older couples who had forgotten to put their mask on before entering the flight instead of politely informing them. The flight was the only one leaving Alghero at night. Forget the shops that were obviously closed, there was not even a possibility to buy water at the airport prior to the flight (vending machines empty.) This flight needs to be moved earlier or by all means later but the airport and cabin crew of Air Europa could not handle it on this occasion.",air-europa,no,3.0,alghero__to_madrid,2022-08-08,august_2022,Trip Verified,Mendeley/Skytrax Airline Review Data.xlsx,"Manually checked from strict 390-candidate extraction from the 64,740-row Skytrax airline review dataset.",112,review_before_keep,physical violence or assault/fight language; staff/passenger conflict with aggression/abuse context,,"""no excuse for their behaviour""",couple_leisure,economy_class
REAL-VA-113,yes,violent_aggressive,high,reported physical confrontation or violence-related act,assistant_manual_check_completed,9,2,physical_violence; staff_passenger_conflict,"Unfortunately, Swiss has outsourced this route to airBaltic. If I had a choice I would never fly this airline again. The flight BEG-ZRH is never less than 1h late, usually more. Once they couldn't land in BEG for some invented reason and took us to Zagreb instead (it's less than 400 km away). After landing in Zagreb, they somehow ""decided"" that the best course of action was to take us back to Zurich and let us all call the call centre tomorrow and figure out how to get back to Belgrade. Passengers had to fight the crew and especially the rude pilot to be let off the plane in Zagreb and to be able to find their own way to Belgrade (again, less than 400 km away, so there are options like rent a car which are completely viable). Switzerland and Croatia are both within Schengen so there are no immigration issues, it was just the flight deck not wanting to deal with stuff and wanting to take the easy way out. The only positive things I can say is that the crew is usually nice and friendly and that the planes on this route are brand new A220 which are pretty comfortable and nice. But that's not enough. The airline to avoid at all costs!",airbaltic,no,1.0,belgrade_to_zurich,2023-08-31,august_2023,Trip Verified,Mendeley/Skytrax Airline Review Data.xlsx,"Manually checked from strict 390-candidate extraction from the 64,740-row Skytrax airline review dataset.",114,review_before_keep,physical violence or assault/fight language; staff/passenger conflict with aggression/abuse context,,"""The airline to avoid""",solo_leisure,business_class
REAL-VA-114,yes,violent_aggressive,high,reported physical confrontation or violence-related act,assistant_manual_check_completed,9,2,physical_violence; staff_passenger_conflict,"My only issue with that flight was the pillows they gave us were dirty and when my 7 year old dropped some juice and I asked a cabin crew member walking past for some serviettes she told me to go to the bathroom to get some to clean it up. Those issues weren’t pleasant but certainly not a major problem. I was booked on the BA0057 at 21:15 on 31 December 2024 to return to Johannesburg. The flight was delayed to the 1 January 2025 at 12:00pm. I had a connecting flight to Durban and do not live in Johannesburg. Landing in Johannesburg with 3 children at 1 am was not an option for me. BA changed my flight to 2nd January 2025 at 18:25. I requested a sooner date so I could get home sooner. I was given 1 January 2025 at 21:15. I accepted this as this is the original time I opted for and would he most convenient for me as I was doing a connection in Johannesburg to Durban. Unfortunately this flight was delayed till 2nd January at 17:00. I was extremely upset by this as I was absolutely exhausted and had 3 children who were absolutely exhausted. I also suffer from eczema and hay fever and did not have my creams and medication. This caused my eczema to flare up so badly, even my lips were cracked and burning. My allergies were so severe that my eyes were sticking together and I couldn’t stop sneezing. My daughter also has eczema and has had a flare up. The staff had no sympathy or empathy for a mother traveling alone and her children. I was just told that they know it’s an inconvenience and a lady even snapped at me that they trying their best. My children are 4, 7 and 11 and we were all booked on separate seats. Is that even legal let alone ethical? They were refusing to help me and saying they can’t do anything. I approached 3 people, and the third person finally put us together. So they could clearly help me??? My flight from Johannesburg to Durban was originally booked on South African Airways and I paid a lot for this ticket as South African Airways is not a low cost airline. I was given a cheap low cost Airline, CemAir, which I had never even heard of, to replace my SAA flight. I suffer from flight anxiety and this is why I never book low cost airlines with tiny flights. My anxiety went through the roof on the flight! Besides all of this, I am also left with a huge credit card bill as I used up all my pounds on the 1st! I know BA is obliged to compensate me for the inconvenience under EU law but besides the compensation BA staff really needs to show more empathy for their passengers, like me, who had two hours long flight delays two days in a row and was alone with 3 children. I expect my full compensation for all of us as this has been by far the worst experience I have had traveling. All their staff kept saying is “that’s why you will get compensation.” I am now waiting to see if I get compensated as I was promised by all of their ground staff! Legally they have to under EU law, so let’s see if they put up a fight or do what is ethical and legal.",british-airways,no,1.0,london_to_johannesburg,2025-01-03,january_2025,Trip Verified,Mendeley/Skytrax Airline Review Data.xlsx,"Manually checked from strict 390-candidate extraction from the 64,740-row Skytrax airline review dataset.",115,review_before_keep,physical violence or assault/fight language; staff/passenger conflict with aggression/abuse context,,“staff had no sympathy or empathy”,family_leisure,economy_class
REAL-VA-115,yes,violent_aggressive,high,reported physical confrontation or violence-related act,assistant_manual_check_completed,9,2,physical_violence; staff_passenger_conflict,"Which ever way they sell the seat on a 777 it is a 2-4-2 layout. The cabin feels and is very cramped. The food in business class is economy quality just served in a china dish! However, the price of course is at premier levels. The only positive of the whole fight and return were the cabin crew who were fantastic. I felt genuinely sorry for them having to try and flog such a poor product. Would I fly BA business again? only if their were no other options and I had no choice.",british-airways,no,2.0,gatwick_to_st_lucia,2023-12-27,december_2023,Trip Verified,Mendeley/Skytrax Airline Review Data.xlsx,"Manually checked from strict 390-candidate extraction from the 64,740-row Skytrax airline review dataset.",116,review_before_keep,physical violence or assault/fight language; staff/passenger conflict with aggression/abuse context,,"""Very Poor Business class product""",business,business_class
REAL-VA-116,yes,violent_aggressive,high,reported physical confrontation or violence-related act,assistant_manual_check_completed,9,2,physical_violence; staff_passenger_conflict,"MAN-LHR I am not tall so the Club Europe seating is fine for me on a short flight. Addressed by name - adequate breakfast of bacon roll, fruit and yoghurt. Concorde Room not crowded and no wait for showers. LHR-PHL on aged 747 but still my favorite - cabin/washrooms in very good shape though. I have no problem with the BA F layout unlike so many posters here. Excellent flight - experienced crew and though full cabin, all very smooth and professional. Beautifully prepared and presented lamb shank, good wines as always - nice to see a good British bubbly included. Only downside was deplaning in PHL where F passengers had to fight their way off through the J scrum - could have been controlled by crew, but was not.",british-airways,yes,9.0,manchester_to_philadelphia_via_london,2018-10-22,october_2018,Trip Verified,Mendeley/Skytrax Airline Review Data.xlsx,"Manually checked from strict 390-candidate extraction from the 64,740-row Skytrax airline review dataset.",117,review_before_keep,physical violence or assault/fight language; staff/passenger conflict with aggression/abuse context,,"""very smooth and professional""",solo_leisure,first_class
REAL-VA-117,yes,violent_aggressive,high,reported physical confrontation or violence-related act,assistant_manual_check_completed,9,2,physical_violence; staff_passenger_conflict,"Awful experience. Flight delayed due to operational reasons but this is forgiven as these things happen and BA handling in Salzburg did apologise for the delay. Once boarded with a full flight there were 4 crew members, 2 to serve Club with about 8 passengers and 2 to serve about 120 or more economy passengers. Usual fight for bag space. I was desperate for some water and asked the crew can I buy some water as they dragged the trolley to the front of the cabin. I am in seat 23C right at the back. I am told no, I have to wait for the trolley. I wait and wait and as we fasten our seat belts on descent to Gatwick the trolley gets to seat row 20. The 2 members of crew are still struggling to take card payments, and tell row 20 that the service is now closed, and pass the trolley back to the behind galley. All this as the CSD stands chatting in the Club galley with the other crew member. 1/4 of cabin not given the chance to even buy a glass of water in a 2 hour dinner time flight. No smiles from crew as busy doing math on what they are selling. Not even a flight map to help pass time. Terrible airline. A national disgrace, worse than any budget carrier with high prices and terrible customer service.  I am only rating this as 2/10 as they got me from A to B safely.",british-airways,no,2.0,salzburg_to_gatwick,2017-08-20,august_2017,Verified Review,Mendeley/Skytrax Airline Review Data.xlsx,"Manually checked from strict 390-candidate extraction from the 64,740-row Skytrax airline review dataset.",118,review_before_keep,physical violence or assault/fight language; staff/passenger conflict with aggression/abuse context,,"""A national disgrace""",solo_leisure,economy_class
REAL-VA-118,yes,violent_aggressive,high,reported physical confrontation or violence-related act,assistant_manual_check_completed,9,2,physical_violence; staff_passenger_conflict,"I'd flown out first class and had a business class return. I do understand why some fare structures mean that flights are not changeable, but BA were absolutely no help at all. They flatly refused to change the flight so I had to buy a ticket in the only available class - World Traveller Plus. Which cost $3,300 - one way. The first class fight to was OK - nice cabin crew and good food, but grubby cabin and clear cost cutting - no snacks, water etc in the galley like there used to be. Absolutely no help on the return trip - despite requests before the flight - because I was walking with a stick. I'd requested an aisle seat, had to ask again at check in as they had given me a seat in the middle which would have really annoyed other passengers as I tried to get across them to go to the loo etc with my stick. Really poor value at $3,300 and rubbish seats, uncomfortable and tv screens that aren't great. The food was awful - clear that costs are being cut massively. Maybe their plan is to offer such rubbish food that when they introduce food you have to buy in long haul we all feel grateful! It's a pity really. It's obviously BAs call if they want to be a no-frills airline, but I'd rather they were honest with us so that we can choose amongst the many other no frills airlines. But they keep trying to say that BA is a leading brand with strong values when clearly they've decided to cut costs wherever they can but still charge high prices. Might make them profitable to be a follower in the short term but I suspect people will vote with there feet and fly with someone else.",british-airways,no,2.0,san_diego_to_london,2017-04-12,march_2017,Verified Review,Mendeley/Skytrax Airline Review Data.xlsx,"Manually checked from strict 390-candidate extraction from the 64,740-row Skytrax airline review dataset.",119,review_before_keep,physical violence or assault/fight language; staff/passenger conflict with aggression/abuse context,,"""want to be a no-frills airline""",business,premium_economy
REAL-VA-119,yes,violent_aggressive,high,explicit threat in airline/security/staff context,assistant_manual_check_completed,9,2,direct_threat; staff_passenger_conflict,"Aircraft on remote stand at Gatwick North Terminal requiring a shuttle transfer and  boarding via steps without cover - not bad this early am as just overcast but dark and chilly waiting to board. Aircraft in poor state of preparation with stains on back of seat leather and generally dirty. Pushback delayed due to late arrival of passengers who missed shuttle. 40 minute delay in departing due to aircraft movements volume that lead to two female passengers having argument that lead to CSD threatening to return aircraft to stand with one passenger being moved. Well dealt with by cabin staff. Very noisy group of males on golf holiday in seats to rear of row 21 who consumed alcohol the entire journey becoming very loud using foul language - spoken to by other passengers and told to desist. The food just gets worse each trip I fly with them - muesli high in sugars and cheese croissant tasting worse than cardboard - is this really the best they can do? Finally to round off flight, a very hard landing to conclude one of the worst short haul flights I have ever taken with BA . Cabin staff great but product is poor.",british-airways,no,2.0,lgw_to_agp,2016-09-22,september_2016,Verified Review,Mendeley/Skytrax Airline Review Data.xlsx,"Manually checked from strict 390-candidate extraction from the 64,740-row Skytrax airline review dataset.",120,review_before_keep,direct threat/threatening language; staff/passenger conflict with aggression/abuse context,,"""food just gets worse each trip""",family_leisure,economy_class
REAL-VA-120,yes,violent_aggressive,high,reported physical confrontation or violence-related act,assistant_manual_check_completed,9,2,physical_violence; staff_passenger_conflict,"Or rather, it was a spontaneous cancellation of my actual flight which I had with KLM - one day before departure. But this review is about Finnair, that other story will be told another day. So I got put on the Finnair route from Berlin Tegel via Helsinki Vantaa to Kansai International at 2.30am in the morning, about 11 hours before departure. I woke up with this new flight on my phone and thought to myself ""Sure, why not? Finnair is supposed to be pretty nice"". The trip from Tegel to Helsinki was nice, but nothing spectacular. A typical intra-european flight on a better-than-budget airline. Okay legroom, drink and a snack on a 2-hour-flight - the typical treatment for Economy Class. In Helsinki, I had a 90-minute-layover which will become important again later in the story. At that time, everything was fine though. Nice airport and more than enough time for me to transfer to the intercontinental flight to Kansai International. The plane on the long haul fight appeared very modern and very clean. The crew was very courteous and left no wishes open (economy class wishes, that is). The legroom was one of the few things that left some room for improvement (more than for legs) - on a very similar-distance flight with Lufthansa it was designed more generously. The entertainment offer included several recent movies as well as a number of more classic ones - less than on other intercontinental flights with different carriers but quite enough for the 10 hours of the trip. I never quite got all the run-down jokes on airplane food - most of the times I had it it was pretty decent, even very tasty on several occasions (esp. when flying with Korean carriers). Finnair made me understand the humour behind it to a degree. Out of two meal choices, only one was left when I was served - the macaroni casserole. It was dry, unseasoned and rater disappointing. Maybe that's why the other meal option ran out so fast. Sitting in the back of the plane, I had no choice but to swallow what was left. In fairness, the other components of the meal and the breakfast meal were tasty! The flight itself was very smooth and when putting everything together, I had an experience on the plane that I am definitely keen on repeating. When leaving the plane at Kansai International, I thought for a moment that I am the lucky recipient of special VIP treatment. An information board with my name on it greeted me right after entering the airport building. Unfortunately, the only thing it said was ""Please refer to the baggage desk for further information"". This is where the 90-minute-layover from Helsinki comes back into the story. While 90 minutes is enough time for a human to transfer from one plane to the other, baggage sometimes is not as quick. This was the case, as the lady at the counter informed me. I was left without clothes, electronics and cosmetics on the first day of my trip. Also, I hadn't slept for about 22 hours. However, the bureaucratic process of sending my baggage straight to the hotel went smooth and fast and Japanese efficiency showed its beautiful face. One day later, my backpack was delivered to the hotel. The refunding process for the clothes and cosmetics that I bought as replacements went fast and without problems. To sum up, my experience with Finnair had mostly ups and a few downs. Looking back, I wouldn't hesitate to travel with them again. Recommend.",finnair,yes,7.0,berlin_to_kansai_via_helsinki,2017-10-15,september_2017,Verified Review,Mendeley/Skytrax Airline Review Data.xlsx,"Manually checked from strict 390-candidate extraction from the 64,740-row Skytrax airline review dataset.",121,review_before_keep,physical violence or assault/fight language; staff/passenger conflict with aggression/abuse context,,"""mostly ups, a few downs""",solo_leisure,economy_class
REAL-VA-121,yes,violent_aggressive,high,reported physical confrontation or violence-related act,assistant_manual_check_completed,9,2,physical_violence; staff_passenger_conflict,"I had a connecting flight, so I had already done the check-in for all my flights, and went straight to AA Admirals Club lounge at JFK. What a change to my previous visit in April. Free flowing Bollinger champagne, and very sumptuous food buffet. Missing some lighter options as salads thought. Boarding on time, and done by groups. My single seat, 4L, had lot's of wear and tear marks, and I had to clean armrests as they were visibly filthy.  Champagne, inferior to AA lounge, was offered as a welcome drink. Take off delayed by 20 minutes due to traffic. Complimentary WiFi stopped working after 10 minutes of use. Food (Wagyu Brisket) was correct, but food service missed smile and flair. Wine selection satisfactory, but wines served in a drinking glass. Very odd! Film & Movie selection ok, but small screen with poor resolution ruined the entertainment experience. Cabin was too warm, and combined with poor seat, had hardly any sleep. Arrival about 10 minutes delayed. Connecting flight to Rovaniemi on time. Cabin crew announced, flight will be completely full, so one had to almost fight for hand luggage space. At the end, I had about eight free seats around me. Very annoying, when cabin personnel is dishonest, and misleading passengers. Smooth flight, and arrival on time. Finnair stands for functionality, not for fancy or fantastic. Time has stopped still, and their A330 fleet is tired, used, and cabins dirty. Non smiling cabin crew in their black uniforms, would match better to a funeral than into an airplane.",finnair,no,2.0,new_york_to_rovaniemi_via_helsinki,2017-08-11,july_2017,Verified Review,Mendeley/Skytrax Airline Review Data.xlsx,"Manually checked from strict 390-candidate extraction from the 64,740-row Skytrax airline review dataset.",122,review_before_keep,physical violence or assault/fight language; staff/passenger conflict with aggression/abuse context,,"""fleet tired, used, and cabins dirty""",solo_leisure,business_class
REAL-VA-122,yes,violent_aggressive,high,"police/security conflict, intervention, detention, removal, or threat context",assistant_manual_check_completed,9,2,physical_violence; police_security_conflict,"During check in, we were told that we may not get on the flight. They reserve 15 people from every flight out of Florence that may or may not make it on. Our group of 15 was forced to wait by the check in counter (couldn’t go through security) for hours. The flight kept getting pushed back and back while the front desk agent basically just ignored us. Seemed annoyed when we asked for more info about whether we would make it or not. Finally after 3+ hours of waiting, my boyfriend and I were allowed on the flight (not every passenger was. People who weren’t were crying because in the time they made us wait, they missed out on all of their other options to make it to Munich that day). We check our bags, wait another half hour or so for a bus to take us to our plane where those people who boarded had been waiting for who knows how long. Then finally, when we land, we wait at the carousel for our luggage (which would be a carry on with any American airline). We wait for over an hour in Munich for bags going back and fourth to the Lufthansa help deal to try to get any info at all because Air Dolomiti will not speak with customers. After being told 3 times or so that our bags had made it and we were just waiting, we were finally told that our bags never left Florence. We filed a report with Lufthansa. And it has been two days now and I have yet to hear a word from Lufthansa or Air Dolomiti about our bags. And it wasn’t just two peoples bags. It was 15+. Everyone without a connection did not have their bags. They have no method of tracking bags, no reasonable access to customer service representatives. And from what I can tell, their employees care SO LITTLE, I wouldn’t be shocked if we never see our bags again. We leave Munich in a few days so fingers crossed that will not be the case. But I’m not holding my breath. Air Dolomiti could offer me a completely free flight and I still would not take it. They are that bad and disorganized as soon as the slightest issue arises.",air-dolomiti,no,1.0,florence_to_munich,2022-09-23,september_2022,Not Verified,Mendeley/Skytrax Airline Review Data.xlsx,"Manually checked from strict 390-candidate extraction from the 64,740-row Skytrax airline review dataset.",123,review_before_keep,physical violence or assault/fight language; police/security conflict or intervention context,routine_security_check,"""experience has been horrible""",couple_leisure,economy_class
REAL-VA-123,yes,violent_aggressive,high,reported physical confrontation or violence-related act,assistant_manual_check_completed,9,2,physical_violence; staff_passenger_conflict,"We informed the agents in Rome we had connections in Istanbul, and they didn’t do anything at all to find alternatives for us. Upon arrival in Istanbul, no announcement was made by the flight attendants to provide priority of deplaning to passengers with connections. At that point, my pregnant wife and 4yr old son ran across the airport from Gate F8 to B17 to find that the plane had already left. The ticket agent at the gate made no efforts to accommodate anything for us and directed us to the customer service desk across from gate A2 Upon arriving to the customer service desk, we had to speak to 3 different people to get something worked out for us: - First agent: Looked at our tickets and said: “You have to re-do the line, I only work on ticket sales - Second agent: Offered the next available departure to Dubai (next day, almost 24hrs after), when I asked that we really needed to get back to Dubai that night and to look for different options with other airlines, I suggested for example Via Doha, he told me “tell me another connection you want me to look for”. He proceeded to give me a boarding pass on the original Dubai flight send me to his colleague for “further help”.  Third Agent sends me to the Hotel Desk at that point, we realized that agent #2 had just booked me (not my wife or kid) on the next fight, so we had to go back to him to re do it. As instructed, we went to the immigration counter, where the immigration agent asked us for our Visas to enter Turkey. Had to go back again to the “Visa” counter – where I was charged $30 per passenger. I flagged one of the Turkish Airlines employees there, explained my situation and requested for the airline to pay for my visa, as it was not part of my original plan to stay in Turkey; he responded: “Why we will pay? This is the country law; you have to pay.” I was astonished with the lack of any common sense and cordiality that everyone exhibited. I end up paying for the visa, get to the hotel counter, and after 20 mins, we are handed a pass for an hotel, we are loaded into a bus and driven an hour and dropped at this hotel at 4am.",turkish-airlines,no,3.0,rome_to_dubai_via_istanbul,2022-07-22,july_2022,Trip Verified,Mendeley/Skytrax Airline Review Data.xlsx,"Manually checked from strict 390-candidate extraction from the 64,740-row Skytrax airline review dataset.",124,review_before_keep,physical violence or assault/fight language; staff/passenger conflict with aggression/abuse context,,"""lack of any common sense""",family_leisure,economy_class
REAL-VA-124,yes,violent_aggressive,high,reported physical confrontation or violence-related act,assistant_manual_check_completed,9,2,physical_violence; staff_passenger_conflict,"I paid $2180 for that ticket. The route was from Kansas City to NY (JFK) to Istanbul to Kathmandu. The coming back route was the same except it was Newark, New Jersey instead NY. The total travel time was between 35 to 40 hours each way. During the check-in, the agent was not able to accommodate my seating together with my parents for our flight from Istanbul to Kathmandu. This was my 1st disappointment as the flight was 11 hours long. My mother and I sat together and my dad sat separately. I was constantly walking around during the flight to make sure my dad was doing okay as I was concerned about his health. I am a petite size lady with a small body frame. For my size, the seat was very small and uncomfortable for long flights (8 and 11 hour flights).  The food served to me was horrible both ways. During my return flight, I had even bigger issue! As I was returning back alone from Kathmandu, Nepal to Kansas City, USA, I requested the travel agent that I would like to be seated in an aisle seat. To my surprise, I was asked to pay thousands of Nepalese rupees for an aisle seat. Keep in mind that I paid $2180 for this ticket. With the help from family I was assigned to an aisle seat at the check-in counter at Kathmandu. There is no snack served in between meals, even in 11 hours fight. I was walking around to find a flight attendant to get a bottle of water but not a single flight attendant was to be found.",turkish-airlines,no,1.0,new_york_to_kathmandu_via_istanbul,2022-07-12,july_2022,Trip Verified,Mendeley/Skytrax Airline Review Data.xlsx,"Manually checked from strict 390-candidate extraction from the 64,740-row Skytrax airline review dataset.",125,review_before_keep,physical violence or assault/fight language; staff/passenger conflict with aggression/abuse context,,"""not able to accommodate my seating together""",solo_leisure,economy_class
REAL-VA-125,yes,violent_aggressive,high,"police/security conflict, intervention, detention, removal, or threat context; yelling/screaming/shouting in staff/passenger conflict",assistant_manual_check_completed,9,2,physical_violence; police_security_conflict,"Although it was rescheduled and canceled a couple of times, I contacted them more than ten times to reschedule my ticket. (when I buy tickets from Turkish Airlines, I always have the same issue, they are so unorganized and we have to call several times to fix the issue). Never mind, forget about this. Finally, after talking with rude Turkish Airlines representatives, we fixed the date for the 7th of July, from Detroit to Tabriz. (It was three connective flights). On the 7th of July, we were so happy that everything was fine and finally we were leaving the country for our wedding. I and my husband went to the airport and noticed that the flight that Turkish Airlines gave us was fake and there isn't any flight with that number in the airport system! Everybody at the airport desperately looking for the flight and all the people at the counter and even the airport police were shocked when they checked our tickets. We arrived at 5.30pm at the airport, we called Turkish Airlines customer service from 6 pm to 2 am! You can't imagine what happens, we talked probably with 15 agents, and 4 of them hung up the call, others were yelling at us and were so rude that this is not our fault and we can't fix it. Let's make the story short, all of the representatives said that there isn't any flight on the 20th July from any city in America to Iran. Representatives said to pay $4000 each to give us business class for the next day or we refund your ticket! We spent $50,000 on our wedding, guests were invited and we planned everything, but all of our plans were ruined by their big mistake! I got an anxiety attack at the airport and the police gave me water and asked me to be calm and relax! I call my family in Iran to say to cancel the wedding and they were shocked too. My brother lives in Turkey and he urgently rushed to the Turkish Airlines office in Istanbul, he said you must use their established yelling system so that somebody helps you, otherwise, they don't help with talking and they don't even say sorry for their big mess. Although they said we don't have an available ticket by the 20th of July, my brother bought a ticket for the 11th of July (with the same yelling method that Turkish Airlines representatives taught us). This story should be such a shame to Turkish Airlines, and its rude, unprofessional agents. We sanction Turkish Airlines and even Tukey and we are going to continue to tell this to everybody, just to make them vigilant about which airline they travel with!",turkish-airlines,no,1.0,detroit_to_tabriz,2022-07-09,july_2022,Not Verified,Mendeley/Skytrax Airline Review Data.xlsx,"Manually checked from strict 390-candidate extraction from the 64,740-row Skytrax airline review dataset.",126,review_before_keep,physical violence or assault/fight language; police/security conflict or intervention context,,"""Turkish Airlines made our wedding a nightmare!""",couple_leisure,economy_class
REAL-VA-126,yes,violent_aggressive,high,"explicit threat in airline/security/staff context; police/security conflict, intervention, detention, removal, or threat context",assistant_manual_check_completed,9,2,direct_threat; police_security_conflict,"Travelling out of Canada our connection after reaching Istanbul got delayed by approximately 8 hours. No email, App update, phone call or correspondence for this delay whatsoever. How we came to know about this is the flight update screen at the airport which we thought was glitching as expected time was showing as expected but had another value of time in front of it which was odd so hence we inquired at customer service.  Customer service was the most demeaning, inhumane and stressful experience. We couldn't even make it to the desk before an airline rep pulled us out asked our flight number and without any info about what's going on? what are our options? asked a question to us ""Food? Yes? No?"" I replied just want to understand our flight situation as nothing is updated or conveyed to us. He replied No food? Ok passport? I gave him the passport thinking ok some resolution finally but he took it went behind the desks, vanished there in the back in the kiosk and came back after 15 min. Asked me again, Food? I said  what's up with flight?. So again we got back in the line up so we could talk to a human maybe. Reached a lady finally, nicely asked about what's going on with flight and what are the options, accommodations. Lady said the flight that was at 9 is now in the morning (it took me good long time to get this info) she said no hotel we don't accommodate. Anyways back and forth she got agitated and threatened to call police which Ironically I should be calling as I was being robbed. I stepped back because if this was customer service imagine how police would be. Went to another line again now this time a gentleman, pretty straight forward told me he doesn't deal with that side of the business but can help me give options and the options was a substitute flight that will go to a different city and we need to figure out on our own from there. Which of course we took as I wanted to be out of there ASAP. Every single person in that line up, regardless of my flight or a different destination was extremely frustrated, crying or with hopeless face. So it wasn't just us with our first world problems I guess. On the way back to Canada (from Lahore to Istanbul to Toronto).  Without any notification our morning flight got 8-9 hours delay, we came to know about is due to my previous incoming experience this time I kept checking online status of departures through airports website because as usual Turkish Airline website and app were still showing on time. The Turkish airline office in Lahore does not open at times that displays on their site and there is no local number, agent or helpline to update your ticket when they delayed and messed up all the connections. (and no no email or updated itinerary) Anyways so we reached with all our luggage at airport just in case you never know. They finally open at 5 am instead of 2 am which the site said. Somehow squeezed in and found a number to call. International number, not toll free and the call keeps dropping, my wife successfully got hold of someone and they said they don't have connection to Toronto until Sunday which was after 2 days so either we leave Lahore on the delayed flight and stay Istanbul.",turkish-airlines,no,1.0,montreal_to_lahore_via_istanbul,2022-02-16,february_2022,Trip Verified,Mendeley/Skytrax Airline Review Data.xlsx,"Manually checked from strict 390-candidate extraction from the 64,740-row Skytrax airline review dataset.",127,review_before_keep,direct threat/threatening language; police/security conflict or intervention context,,"""very stressful and awful experience""",couple_leisure,economy_class
REAL-VA-127,yes,violent_aggressive,high,explicit threat in airline/security/staff context,assistant_manual_check_completed,9,2,direct_threat; staff_passenger_conflict,"Initially when I was traveling out of Dulles, the gate agent told me to sit down and wait till boarding was completed; fair game since I was standby. Finally I got on the flight all the way to Dar es Salaam without any problem in the class that I listed for. On the return leg when I reached Istanbul and went to the transfer desk, I was told to go through security and go to the transfer desk on the other side (what is even more pathetic that Turkish Airlines staff level of English is appalling or they just have no interest in learning/speaking it). I went to the transfer desk by my gate and was given a confirmed seat in business class. When the time came for boarding, I was told to sit aside because business class was ""full"" and I said to the gate agent, ""why did you give me a boarding pass for a confirmed seat?"" and he got annoyed at me then I said ""since you want to downgrade me, I am demanding my money back"" to which his reply was ""you contact Turkish Airlines for that"" and throughout the entire period he continued to be rude and condescending even though he knew I was a crew member. At one point he even threatened to close the gate if I didn't decide what I wanted to do. Long story short, I got thrown out of business class into economy and got treated like dirt. Having a codeshare/Zed ticket doesn't give any gate agent or rep to be rude or condescending because I am still a customer at the end of the day. Turkish Airlines needs to change their behavior and lose their arrogance. First off they need to learn how to speak English proficiently in today's travel industry. The last thing any customer wants is to struggle to understand someone behind a desk who doesn't speak English. Secondly they need to learn how to treat customers because they have zero concept of customer service. A shiny new airport and new jets do not mean anything or hold no ground if customer service is non-existent.",turkish-airlines,no,1.0,dar_es_salaam_to_washington_via_istanbul,2020-02-15,february_2020,Trip Verified,Mendeley/Skytrax Airline Review Data.xlsx,"Manually checked from strict 390-candidate extraction from the 64,740-row Skytrax airline review dataset.",128,review_before_keep,direct threat/threatening language; staff/passenger conflict with aggression/abuse context,routine_security_check,"""zero concept of customer service""",solo_leisure,business_class
REAL-VA-128,yes,violent_aggressive,high,explicit threat in airline/security/staff context; yelling/screaming/shouting in staff/passenger conflict,assistant_manual_check_completed,9,2,direct_threat; staff_passenger_conflict,"The luggage was tags were printed fine all the way to Atyrau but the Turkish Airlines Supervisor asked the agent to check it only yo Istanbul. He was rude and obnoxious. He claimed that this was because I have two different ticket numbers which is very common anywhere else on earth. He said the same to someone else who was going to London but he received a phone call from superiors to make this passenger luggage go all the way to London. When I complained, he threatened to float my flight. He was shouting at everyone and when when his colleagues offered to intervene, he shut them down.  I fly on Turkish Airline from Cairo every 28 days and I never had this problem. But now never again. I had to get a 50 Euro Visa to and clear customs in Turkey and collect my luggage to check in again because this incompetent airline staff. Never again Turkish Airlines.",turkish-airlines,no,1.0,alexandria_to_atyrau_via_istanbul,2019-01-18,january_2019,Trip Verified,Mendeley/Skytrax Airline Review Data.xlsx,"Manually checked from strict 390-candidate extraction from the 64,740-row Skytrax airline review dataset.",129,review_before_keep,direct threat/threatening language; staff/passenger conflict with aggression/abuse context,,"""Never again Turkish Airlines""",solo_leisure,economy_class
REAL-VA-129,yes,violent_aggressive,high,reported physical confrontation or violence-related act,assistant_manual_check_completed,9,2,physical_violence; staff_passenger_conflict,"I can honestly say I have never encountered such rude, unhelpful, inattentive cabin crew and that was on all flights. Our plane had a technical fault and we had to land soon after take off on the first leg of our journey. There was a complete lack of information due to the announcement's being unintelligible. We had to ask for water as we sat on the tarmac for nearly three hours and no refreshment was forthcoming. We missed our connecting flight and found cabin crew and ground crew incredibly unhelpful. We were treated badly at the airport and had to fight to get our luggage for the 24hr delay. We needed our luggage for medical supplies. We were also charged $20 a person (11 of us) for Turkish visas even though we were only there for a night and due to no fault of our own. The Hotel was adequate for the night but again we found the staff rude and inefficient. When we eventually got to Male one of our parties suitcase was ripped and torn and my husbands luggage didn't arrive. This caused us a whole new set of problems again because of medical needs. The Male airport crew were amazing and so helpful they got our case to us the next day with the help of the Bandos hotel staff and they did it all with a smile.",turkish-airlines,no,1.0,bhx_to_mle_via_ist,2015-11-12,november_2015,,Mendeley/Skytrax Airline Review Data.xlsx,"Manually checked from strict 390-candidate extraction from the 64,740-row Skytrax airline review dataset.",130,review_before_keep,physical violence or assault/fight language; staff/passenger conflict with aggression/abuse context,,"""encountered such rude staff""",family_leisure,economy_class
REAL-VA-130,yes,violent_aggressive,high,reported physical confrontation or violence-related act; yelling/screaming/shouting in staff/passenger conflict,assistant_manual_check_completed,9,2,physical_violence; staff_passenger_conflict,"The timing suits us, and service had also been reasonably good. But the service had been going downhill for the last year. You don’t get a boarding bridge at Istanbul, the airport is so chaotic. On June 4, 2015 we were scheduled to fly from Boston. We had fully confirmed business class tickets. When we arrived at the airport, we saw an incredible scene. The passengers and check in crew were shouting at each other, very close to an all out fight. Apparently, the airline had overbooked the business class and was unable to provide seats to us all. It got very ugly and the Turkish Airlines supervisor was trying to persuade passengers to either fly economy class or fly the next day. Very ugly situation because so many people were involved. They offer discount online and overbook, hoping there will be some last minute cancellation. When there are no cancellations, people are asked to fly economy or fly next day. Apparently, these happen quite frequently in Boston. Anyway, to get to my experience, we did not get our seat. They offered us hotel and flew us the next day. Faced with no alternative, we had to accept their offer and we flew the next day. Turkish Airlines also promised token compensation of money back, and double mileage earned. If overselling is truly their business model, obviously we need to look for alternative airline.",turkish-airlines,no,4.0,bos_to_dac_via_ist,2015-10-06,september_2015,,Mendeley/Skytrax Airline Review Data.xlsx,"Manually checked from strict 390-candidate extraction from the 64,740-row Skytrax airline review dataset.",131,review_before_keep,physical violence or assault/fight language; staff/passenger conflict with aggression/abuse context,,"""look for alternative airline""",family_leisure,business_class
REAL-VA-131,yes,violent_aggressive,high,"reported physical confrontation or violence-related act; police/security conflict, intervention, detention, removal, or threat context; yelling/screaming/shouting in staff/passenger conflict",assistant_manual_check_completed,9,2,physical_violence; police_security_conflict,"A few miles from destination the pilot announced that we could not land to Catania due to Etna eruption and instead we would land in Malta. There are at the least 5 airports nearby Catania (Palermo, Comiso, Trapani, Reggio Calabria, Lamezia Terme). Soon after the captain announced that we would land to Comiso (Sicily) but his lack of experience did not allow him to fight against the winds so he headed to Malta. As soon as we spoke with the Luqa airport Air Malta ground staff and the Info kiosk staff we realized that we would not have any chance to spend our Christmas with our families. Air Malta staff appeared unaware of our redirected flight and was unable to answer our requests for assistance. Malta is connected regularly via ferries and speedy boats to Sicily but the Air Malta staff told us that there would have been an announcement in 20 minutes time. Twenty minutes passed and so 40 and so 1 hour and the staff from the help desk was abandoning their seats till when there was no staff at the front office. Passengers were worried, and we started asking for bottles of water and lunch voucher but they kept saying there would be an announcement in a minutes. We could have been transferred to Sicily by ferry boat or speedy boats but instead Air Malta spending time agreeing a strategy: useless to contact them by phone as the operators were keeping saying that the number was only for reservations. After 5 hours standing up, without drinking nor eating the staff told us to move at the check in desk for the flight to Rome that would land in Catania first. We moved at the check-in desk but the staff at the desk was unaware that would land to Catania and denied us to check in. After other 45 minutes standing up in front of the desk the first passenger received the boarding pass. The flight was planned for 19:00 but I received my boarding pass at around 19:45. The flight was already in extreme delay and the crew was going back and forth counting the passengers on the flight delaying even more the departure. We would have already been in Catania if the flight would have departed on time but Catania Airport shut down again at 9.30 pm. The captain went out from the cabin and called the police to force us to leave the airplane. The situation was unreal: children crying, an adult having a crisis that required the assistance of a doctor, the police shouting against frustrated passengers stressing them even more until when they started forcedly removing our hand luggage. At that point we had no option than return to the terminal. After 3 hours we received our first and only light meal for the Costa Coffee and a hotel accomodation. Nobody wanted to get stuck in Sliema because of lack of transportation (it has not been offered to us) on Christmas day so the majority decided to sleep on the ground or in the seats of the Costa Coffee in the airport. At 5 am we queued at the check-in, we received our boarding pass and we arrived in Comiso at around 8.30 am on Christmas day; from Comiso a shuttle bus brought us to Catania airport, were our parents were waiting for us. We arrived at destination with more than 20 hours delay, we stood up on our feet for more than 8 hours, we did drink for more than 5 hours, we did not eat for more than 9 hours, we will never trust Air Malta again.",air-malta,no,1.0,southend_to_catania,2019-01-03,december_2018,Trip Verified,Mendeley/Skytrax Airline Review Data.xlsx,"Manually checked from strict 390-candidate extraction from the 64,740-row Skytrax airline review dataset.",132,review_before_keep,physical violence or assault/fight language; police/security conflict or intervention context,,"""never trust Air Malta again""",solo_leisure,economy_class
REAL-VA-132,yes,violent_aggressive,high,reported physical confrontation or violence-related act,assistant_manual_check_completed,9,2,physical_violence; staff_passenger_conflict,"They attacked me almost the whole flight due to the mask-wearing. Almost every minute a crew member was coming to me saying that the mask is not properly worn. When tried to explain that I can't drink with the mask, they said that I can't drink for so long. By which right do they decide on how long I drink or how I wear the mask?! The overall impression is like spending time in prison with preoccupied wardens. The funniest thing is when I've left the plane in Moscow, almost no one around was in a mask. Crazy kindergarten in the plane, never again! And no food provided. The quality of the service and politeness of the staff is nowhere near fine. Only adepts of the disinfection church may enjoy this!",swiss-international-air-lines,no,1.0,zurich_to_moscow,2021-09-28,september_2021,Trip Verified,Mendeley/Skytrax Airline Review Data.xlsx,"Manually checked from strict 390-candidate extraction from the 64,740-row Skytrax airline review dataset.",133,review_before_keep,physical violence or assault/fight language; staff/passenger conflict with aggression/abuse context,,"""quality of the service and politeness of the staff is nowhere near fine""",solo_leisure,economy_class
REAL-VA-133,yes,violent_aggressive,high,explicit threat in airline/security/staff context,assistant_manual_check_completed,9,2,direct_threat; staff_passenger_conflict,"Therefore 15 passengers had to be left out of the flight, while seats were still available. Effectively preferring to take the luggage rather than passengers on the flight. They assigned me a flight from Heathrow 4 hours later. So we had to change airport. Then the 2nd flight was later an hour / an hour and a half. Basically it took me 10 hours and lost a full day of business meetings. I got a 250€ that I could only take part in cash because banks don't allow smaller amounts to be taken out. I got spoken in a very disrespectful way on my way back from Zurich by the staff at the gate threatening to overcharge me for my cabin bag. This last incident triggered me to write the review because it is one thing to be treated less importantly than luggage but an other to be insulted as a customer.",swiss-international-air-lines,no,4.0,london_to_zurich,2019-10-21,october_2019,Trip Verified,Mendeley/Skytrax Airline Review Data.xlsx,"Manually checked from strict 390-candidate extraction from the 64,740-row Skytrax airline review dataset.",134,review_before_keep,direct threat/threatening language; staff/passenger conflict with aggression/abuse context,,"""spoken in a very disrespectful way""",solo_leisure,economy_class
REAL-VA-134,yes,violent_aggressive,high,explicit threat in airline/security/staff context,assistant_manual_check_completed,9,2,direct_threat; staff_passenger_conflict,"After scanning my boarding pass the ground staff asked me to weigh my carry-on bag, found that it weighed 10.5 kg :  2.5 kg above the permitted 8 kg per passenger and asked me to pay GBP 70 because  they needed to check my bag in as overweight. When I protested and said that I would transfer some items to my children's carry-ons in order to reduce the weight to 8kg, the ground staff threatened to weigh all our carry-ons / hand luggage and shopping to verify that they met the 8 + 3kg limit per person.  It is disappointing to experience such behaviour with my national airline which I have been using loyally for over 15 years. If an airline wishes to verify carry-on weights, then they should apply its checks across the board and not pick passengers arbitrarily. I bought almost 4 months in advance a round-trip ticket from Athens to London including a checked in suitcase for EUR 528 including taxes, and ended up paying Aegean EUR 608.  A final point I would like to make is that using SAS as ground staff to represent Aegean Airlines at LHR that seriously damage its reputation - irreparably in my case.",aegean-airlines,no,2.0,london_to_athens,2018-08-07,august_2018,Trip Verified,Mendeley/Skytrax Airline Review Data.xlsx,"Manually checked from strict 390-candidate extraction from the 64,740-row Skytrax airline review dataset.",135,review_before_keep,direct threat/threatening language; staff/passenger conflict with aggression/abuse context,,"""asked to weigh my carry-on bag""",family_leisure,economy_class
REAL-VA-135,yes,violent_aggressive,high,reported physical confrontation or violence-related act,assistant_manual_check_completed,9,2,physical_violence; staff_passenger_conflict,"I do see a problem and a big hole with the company management. I never like to write bad reviews or complaints. The check in process in Vancouver was terrible as the agents are not familiar with the customer service standard at all. The boarding process was slow and delayed. The management were very unprofessional, giving me a negative attitude. The (staff) standard was low class. I would use the word cheap. A company training their ground staff to use cheap flirty tactics on valuable passengers. To me Lufthansa needs a change in managing and training their staff. However the inflight service was relatively ok and the seats were comfortable. The inflight service was ok as the fight attendants had done a good enough job to comfort their passengers. The staff in Frankfurt were ok but not overly impressive. The flight coming back was delayed but it was ok. Overall, I rate the service in Vancouver was unacceptable as it would be 2/10 but inflight was ok 8/10 and Frankfurt staff was 7/10. Good enough for my trip back. Lufthansa really need to upgrade and improve their service in Vancouver. I will be travelling a lot for my new career and I will be an important part of the world’s success going forward. I will be an important person to the country. I do not see Lufthansa as a company who tries to improve but rather a company who tries to hide from the truth. As the economy looms, I am very sure you CEO loves your stocks to grow. This management style does not work in the new generation. The style needs a change and the future of the company is in the hands of your employees.",lufthansa,no,3.0,vancouver_to_frankfurt,2022-08-01,february_2022,Not Verified,Mendeley/Skytrax Airline Review Data.xlsx,"Manually checked from strict 390-candidate extraction from the 64,740-row Skytrax airline review dataset.",136,review_before_keep,physical violence or assault/fight language; staff/passenger conflict with aggression/abuse context,,"""management style does not work""",business,business_class
REAL-VA-136,yes,violent_aggressive,high,"explicit threat in airline/security/staff context; police/security conflict, intervention, detention, removal, or threat context",assistant_manual_check_completed,9,2,direct_threat; staff_passenger_conflict,"I had to spend the night in Paris airport hotel and wait for the next day's flight to Yerevan. Air France without notice to it's passengers' to increase their profit margins had decided to fly a smaller plane to Yerevan on July 25th, without having concern for leaving their passengers and their luggage behind. Air France supervisor finally after all their passengers had boarded showed up without apology threatening the furious passengers with police. Fortunately the French police was more civil than Air France supervisor, they stayed out of Air France dirty laundry and left them to sort the mess. Finally when some of the passengers were given seats their carry on luggage was checked in and the checked in luggage left behind. Without compensations a claim was filed on their site but the site did not allow for a delivery address. Two days later AF called telling me I had to pick up my luggage at the airport when I had included a primary residence address on the claim. Apparently I had not provided a local phone number and my international cell phone number was not acceptable for a local delivery. When contacted the Local Yerevan Air France office the sales desk agent was just as loud and rude as the supervisor in Paris. Not once they showed remorse for their lack of professionalism or showed customer service. I presume Air France agents are trained in finding obstacles instead of solutions, Have no concern the stress and health risk they pause to the passengers with their irresponsible behavior, pass the buck and scream loud to silence the exhausted passengers instead of listening. The ordeal is exhausting and Air France conduct and lack of customer service is unacceptable.",air-france,no,3.0,vancouver_to_yerevan_via_paris,2023-07-27,july_2023,Trip Verified,Mendeley/Skytrax Airline Review Data.xlsx,"Manually checked from strict 390-candidate extraction from the 64,740-row Skytrax airline review dataset.",137,review_before_keep,direct threat/threatening language; staff/passenger conflict with aggression/abuse context,,"""lack of customer service is unacceptable""",solo_leisure,business_class
REAL-VA-137,yes,violent_aggressive,high,reported physical confrontation or violence-related act,assistant_manual_check_completed,9,2,physical_violence; staff_passenger_conflict,"Arrived at the departing Airport only to be told that my seat was cancelled, my allocated seat was sold to another passenger, and it was now a sold-out flight. It's been a fight to get my refund.",air-france,no,1.0,rome_to_lisbon_via_paris,2022-08-02,june_2022,Not Verified,Mendeley/Skytrax Airline Review Data.xlsx,"Manually checked from strict 390-candidate extraction from the 64,740-row Skytrax airline review dataset.",138,review_before_keep,physical violence or assault/fight language; staff/passenger conflict with aggression/abuse context,,"""It's been a fight to get my refund""",business,business_class
REAL-VA-138,yes,violent_aggressive,high,"reported physical confrontation or violence-related act; police/security conflict, intervention, detention, removal, or threat context; yelling/screaming/shouting in staff/passenger conflict",assistant_manual_check_completed,9,2,physical_violence; police_security_conflict,"On the ground is a different story! The good experience was really down to a fabulous crew. Very professional and charming. The food & beverages was really good. It seems like out of CDG the on board experience has really picked up since I last flew AF out of CDG just prior to covid. Great selections and quality along with awesome presentation. The 787 is really great for long haul. Good seats, good entertainment, quiet cabin and good amenities. Arrived in DTW approx 45 mins ahead of schedule. The bad part is the ground service. I'm sure the rush to travel now restrictions are being eased does not help, but at both LIS and CDG the boarding process is pandemonium. No-one seems to understand zoned boarding, so you literally have to fight your way through throngs of people to board at your allotted time. The paperwork for Covid related info at CDG was never addressed over the PA, but there was a table (without pens) and some papers that should be filled out, but no-one working the gate said anything until you were scanning your BP with the gate agent, so many people would then retreat back to the table and back through the line of passengers waiting to board. To cap all this, a PAX traveling with her 7 YO son was denied boarding and caused a major commotion for about 20 mins as she had been misinformed about her sons test. OK maybe this isn't on Air France, but from what she screamed to the security agents would suggest she had been given the wrong info by Air France the previous day when she was denied boarding because she didn't have the correct test to travel to USA. After getting the required test she arrived at the gate of my flight only to be denied because her son had not been tested. I know this is 100% on the passenger, but she had been misinformed about this requirement by AF the previous day in regards to her son, so certainly have some sympathy for her. Overall it added enormously to the chaos and CDG is not best equipped to have an entire widebody's load of PAX jostling and not observing any kind of distancing. Apart from the poor ground service the only negative thing while in the air was the terrible wifi. Such slow speeds even emailing was futile and considering I paid to be connected the entire flight, I couldn't really work on anything.",air-france,yes,9.0,lisbon_to_paris_cdg_via_detroit,2021-09-08,august_2021,Not Verified,Mendeley/Skytrax Airline Review Data.xlsx,"Manually checked from strict 390-candidate extraction from the 64,740-row Skytrax airline review dataset.",139,review_before_keep,physical violence or assault/fight language; police/security conflict or intervention context,,"""really down to a fabulous crew""",couple_leisure,business_class
REAL-VA-139,yes,violent_aggressive,high,"reported physical confrontation or violence-related act; police/security conflict, intervention, detention, removal, or threat context",assistant_manual_check_completed,9,2,physical_violence; police_security_conflict,"Air Canada did not come out with the meals until about 60-40 mins before landing. The staff provided the meal fine but came by and threw out the whole meal after I had only managed to get the fruit down. They then came over and verbally attacked me for complaining about it. After the flight landed I had 30 mins before my connecting flight started to board. As this was going from an international flight to a domestic flight I have to collect my baggage (which didn't come out until the other fight was already boarding) go out through customs, recheck my bags, and clear security again before I could head to the gate. I literally had to run through the whole airport to make my connecting flight. I asked for help from the Air Canada desk and they were just rude and unhelpful. My layover was in Vancouver. On landing in Toronto I had yet to be fed anything other than the couple pieces of fruit from the lunch they threw out. I had spent more than a day in the air.",air-canada,no,1.0,bangkok_to_toronto_via_vancouver,2024-02-02,january_2024,Not Verified,Mendeley/Skytrax Airline Review Data.xlsx,"Manually checked from strict 390-candidate extraction from the 64,740-row Skytrax airline review dataset.",140,review_before_keep,physical violence or assault/fight language; police/security conflict or intervention context,,"""just rude and unhelpful""",solo_leisure,economy_class
REAL-VA-140,yes,violent_aggressive,high,reported physical confrontation or violence-related act,assistant_manual_check_completed,9,2,physical_violence; staff_passenger_conflict,I booked my vegetarian meals and I didn’t get it. 15hrs flying time from Sydney to VC. I lodged onboard written complaint and I was given reference number but nothing happened. I was not able to trace it. I tried to ring them but they put me on hold for more than an hour and gave up. Then my next flight from Winnipeg to NY via Montreal was cancelled at Montreal. My flight was updated automatically and I was given next flight in next two days. No compensation given. I had to fight with manager to get the flight next day morning. It cost me around $500 to stay in hotel and the flight next day wad delayed for hours. No compensation given. Staff was very rude. Then the flight from Toronto to VC was delayed as well I am going back to Sydney today and flight is delayed again I suggest everyone not to travel in this airline. This is a rubbish airline. Customer service is very poor,air-canada,no,10.0,sydney_to_winnipeg_via_vancouver,2023-08-03,june_2023,Not Verified,Mendeley/Skytrax Airline Review Data.xlsx,"Manually checked from strict 390-candidate extraction from the 64,740-row Skytrax airline review dataset.",141,review_before_keep,physical violence or assault/fight language; staff/passenger conflict with aggression/abuse context,,"""booked vegetarian meals and I didn’t get it""",solo_leisure,economy_class
REAL-VA-141,yes,violent_aggressive,high,explicit threat in airline/security/staff context,assistant_manual_check_completed,9,2,direct_threat; staff_passenger_conflict,"Our flight was at 9 pm from Toronto to Boston, the incoming flight was showing delayed and supposed to arrive at 9:52 pm from New York but they were showing our flight was on time till 8:40 pm then suddenly announced flight was cancelled due to weather which was outright lies. They just can not blame the weather to avoid taking care of the passengers when flight between our destination was taking off and landing albeit with some delay. On top of that uncivilized staff and threatening passengers",air-canada,no,1.0,boston_to_toronto_via_cancun,2023-03-11,february_2023,Trip Verified,Mendeley/Skytrax Airline Review Data.xlsx,"Manually checked from strict 390-candidate extraction from the 64,740-row Skytrax airline review dataset.",142,review_before_keep,direct threat/threatening language; staff/passenger conflict with aggression/abuse context,,"""uncivilized staff""",family_leisure,economy_class
REAL-VA-142,yes,violent_aggressive,high,"reported physical confrontation or violence-related act; police/security conflict, intervention, detention, removal, or threat context",assistant_manual_check_completed,9,2,physical_violence; police_security_conflict,"The problems started when we landed in Toronto. We had a 5-hour layover and were trying to catch an earlier flight. Made it through customs in minutes, looking good to catch the earlier flight. That’s when things went horribly awry. After customs, you get dumped out into the main departures section of the terminal - outside security. Then, after waiting in security line, they test every piece of carry-on luggage. Smallest test rack I have ever seen. I have an internationally sized roller bag and have never had an issue with carry on in any country. In fact, the luggage fit fine on the Air Canada overhead on the first leg of the flight — not in Toronto! Giving up on the earlier fight, we accepted we would need to bag check and head back in through security. At least we could get food or go to an airport lounge. Wrong. Even though Air Canada flew us from LA to Toronto, they treated the second leg of the flight like we just walked in off the street. No checking bags until 4 hours before flight is scheduled to depart. So now we have to wait outside near the main ticket counters for over an hour until we can check our bags. If we had checked our bags in LA, they would have had them off our first plane almost 6 hours before the next flight departed, so they can definitely do it, they just refuse to. So Air Canada changes the carry on rules mid-trip, spits us outside security and won’t do anything to resolve the issue, on a flight and connection they booked. This will be my one and only flight on Air Canada. I strongly discourage others from using them. Their overbearing rules and inconsistent standards can leave you hanging and they just don’t care. Complete clown show.",air-canada,no,2.0,los_angeles_to_quebec_via_toronto,2022-10-02,october_2022,Not Verified,Mendeley/Skytrax Airline Review Data.xlsx,"Manually checked from strict 390-candidate extraction from the 64,740-row Skytrax airline review dataset.",143,review_before_keep,physical violence or assault/fight language; police/security conflict or intervention context,routine_security_check,"""This will be my one and only flight on Air Canada""",couple_leisure,business_class
REAL-VA-143,yes,violent_aggressive,high,explicit threat in airline/security/staff context,assistant_manual_check_completed,9,2,direct_threat; staff_passenger_conflict,We scheduled our flight with a connection having plenty of time to make it. Leaving late from ATL still left us two hours to wait for the next flight. For some reason Air Canada rescheduled our connecting flight to one four hours later. We saw people from our flight board the connecting flight with no problem. Only on presenting our Boarding Pass did we find out we could not board. No notification from the Air Canada app. Customer Service was zero help. Supervisor tried to prevent me recording him in a Public Area and threatened to not allow me to fly out. Very disappointed in Air Canada.,air-canada,no,2.0,atlanta_to_vancouver_via_toronto,2022-09-15,september_2022,Trip Verified,Mendeley/Skytrax Airline Review Data.xlsx,"Manually checked from strict 390-candidate extraction from the 64,740-row Skytrax airline review dataset.",144,review_before_keep,direct threat/threatening language; staff/passenger conflict with aggression/abuse context,,"""Very disappointed in Air Canada""",couple_leisure,economy_class
REAL-VA-144,yes,violent_aggressive,high,reported physical confrontation or violence-related act; yelling/screaming/shouting in staff/passenger conflict,assistant_manual_check_completed,9,2,physical_violence; staff_passenger_conflict,"Worst airline I've flown in my life. What happened: 1. There was a mother with a small child, the child was thirsty and the air hostess refused her water, she drank secretly herself. Me and one other person were yelled at by a staff member because we started eating too early. I've flown a lot in my life, I'm really not a person who is exhausting and wouldn't write the review if I hadn't been personally attacked. It's a shame that the cartels and the mafia are so strong in Canada, poor country. I am happy that I will never book this airline again. I can only advise the Canadian people to fight back. | Die schlimmste airline mit der ich in meinem Leben geflogen bin. Was ist passiert : 1. Da war eine Mutter mit einem kleinkind das Kind hatte durst und ihr wurde von der Stewadess das Wasser verweigert, selbst hat Sie heimlich getrunken. Ich und eine weitere Person wurden von einen Sint Steward angebrüllt weil wir zu früh angefangen hatten zu Speisen. Ich bin in meinem Leben viel geflogen bin echt kein Mensch der anstrengend ist würde die Bewertung auch nicht schreiben wenn ich nicht persönlich angegriffen worden wäre. Schade das die Kartelle und die Mafia in Kanada so stark sind armes Land. Ich freue mich das ich diese Airline nie wieder buchen werde. Dem Kanadischen Volk kann ich nur Raten wehrt euch endlich.",air-canada,no,1.0,ottawa_to_frankfurt_via_montreal,2022-06-30,august_2021,Not Verified,Mendeley/Skytrax Airline Review Data.xlsx,"Manually checked from strict 390-candidate extraction from the 64,740-row Skytrax airline review dataset.",145,review_before_keep,physical violence or assault/fight language; staff/passenger conflict with aggression/abuse context,,"""never book this airline""",family_leisure,economy_class
REAL-VA-145,yes,violent_aggressive,high,reported physical confrontation or violence-related act,assistant_manual_check_completed,9,2,physical_violence; staff_passenger_conflict,"Raleigh to Toronto air Canada flight AC8839 was delayed (from 5 pm to 7:pm) that resulted in missing connecting Toronto to Delhi air Canada fight Ac 42. No help or customer service at all provided at Toronto airport. Staff was very rude and clueless. They emailed new route Toronto-Doha-Ahmedabad with flight on next day 8 pm. Did not provide hotel just said everything is booked and nothing available. We just spent 24+ hrs on airport floor/benches. Doha flight AC58 was delayed as well. Finally we reached Ahmedabad almost after 50 hours to find that we did not receive our luggage. 3 bags they sent to Delhi.  Now we are struggling to chase/claim luggage with no clothes etc for our vacation stay in India. Worst airline experience, never use this airline !",air-canada,no,1.0,raleigh_durham_to_ahmedabad_via_toronto,2022-06-18,june_2022,Trip Verified,Mendeley/Skytrax Airline Review Data.xlsx,"Manually checked from strict 390-candidate extraction from the 64,740-row Skytrax airline review dataset.",146,review_before_keep,physical violence or assault/fight language; staff/passenger conflict with aggression/abuse context,,"""Worst airline experience""",family_leisure,economy_class
REAL-VA-146,yes,violent_aggressive,high,"reported physical confrontation or violence-related act; police/security conflict, intervention, detention, removal, or threat context",assistant_manual_check_completed,9,2,physical_violence; police_security_conflict,"May 15th. Pearson to La Guardia. We arrive 3 hrs before. Told we cannot join security line until our flight is called. It was too busy at the F Gates. Sent to Aisle 15 to wait. People are getting called with about an hour to spare before departure time. They clear the backlog sort of. I get super lucky and have 2.5 hrs. Security line is very long. Get through that and immediately I'm in the US Customs line. Takes over an hour to just go through the US Customs line. People are telling Pearson employees they are gonna miss their flight. I get through customs and to my gate. Air Canada flight  is delayed by an hr and a half to 2hrs. Maintenance issues. Then after that it delayed for another hour. We get on board after 2:30pm. Pilot comes on. La Guardia has issued a 2 hr ground stop due to bad weather in the New York air space. US Customs will not allow us off the plane to sit at the gate. 25 min later I get a phone notification. Flight was cancelled. Pilot comes on 5 min later to confirm. US Customs makes us wait. Then tells us we must exit through Canadian Customs. Get in that massive line after going no where. Get to to kiosk, there's no cancelled flight option. Get to the guard. He didn't even really seem to know what to do. He wanted to see all my vax stuff. I never went anywhere. At baggage claim we ask at the Air Canada desk where our bags will go. He said not there because its a cancelled flight. We must go to the connections desk. Connections guy says we were supposed to pick it up at an international carrousel. That's not what the last guy said. Given a blue form. Told to leave our carry ons at the connection desk (Cad Customs won't let them through). Go to a blue clock and wait to be escorted. We wait 2 hours. Someone comes. They can take 10 people at a time as per Cad Customs. 10 leave and come back 2 min later.  Our bags are are going to Domestic Carrousel. We fight to get our carry ons back. It's past a security checkpoint. We go to domestic 1. We wait 4 hours. Nothing from our flight comes through. People get fed up and go with an Air Canada employee. Our bags never were taken off our cancelled flight.  We are told our bags will automatically transfer over to our auto rebooked flight the next morning. We have to trust the airport to do their job.",air-canada,no,1.0,toronto_to_la_guardia,2022-05-22,may_2022,Trip Verified,Mendeley/Skytrax Airline Review Data.xlsx,"Manually checked from strict 390-candidate extraction from the 64,740-row Skytrax airline review dataset.",147,review_before_keep,physical violence or assault/fight language; police/security conflict or intervention context,routine_security_check,"""Flight was cancelled""",business,economy_class
REAL-VA-147,yes,violent_aggressive,high,reported physical confrontation or violence-related act; yelling/screaming/shouting in staff/passenger conflict,assistant_manual_check_completed,9,2,physical_violence; staff_passenger_conflict,"But it was hard to get comfortable in the seats in order to catch some sleep on the 10 hour journey. What made us most angry was our treatment at Vancouver airport while trying to catch our connecting flight back to Toronto. We had less than 2 hours to go through customs, get our baggage, then recheck baggage before boarding. Of course going through security was slow and on top of that, baggage claim had mechanical issues so we were delayed another 10 minutes. By the time we reached baggage drop off, the agent simply told us too late and that we missed our flight. No explanation or any effort whatsoever to reach out to the agents boarding for our flight. We got redirected to a check in area where we were then booked as standby for the next flight with the agent telling us that we would most likely get on. Now we understand seats are not guaranteed but at least have the agents be a little empathetic about our situation that was not our fault. Cue boarding time for the standby flight: the agent was rude and bluntly told all standbys that we were not getting on. Naturally people were upset and wanted answers. But this particular agent was so rude and yelled back at everyone to shut up as there was nothing she can do on her end. Funny, I thought these agents are supposed to provide customer service? Didn't know being yelled at and made to feel like missing our original flight was part of their job description. I can understand feeling attacked when you have angry customers all come at you, but that's part of your job to be able to keep your cool in these situations! After a bit of yelling back and forth, she rebooked us all as standbys for the last flight of the night with a small chance of boarding as this was yet another full flight. She couldn't or wouldn't tell us what our other options are if we were to be denied this last flight as well. So here we are waiting for the last flight hoping to get on while we're all upset with how we were just treated. Long story short, the flight crew was lovely but ground staff? Please hire agents who actually care about helping passengers who are stuck here. It's not like we all voluntarily decided to skip our original flights in favour of playing chance with the later flights. Worst customer service experience we've ever experienced. Would highly recommend avoid flying with Air Canada if you can. I love my country, but this airline's ground staff is a joke.",air-canada,no,2.0,taipei_to_toronto_via_vancouver,2019-12-15,december_2019,Not Verified,Mendeley/Skytrax Airline Review Data.xlsx,"Manually checked from strict 390-candidate extraction from the 64,740-row Skytrax airline review dataset.",148,review_before_keep,physical violence or assault/fight language; staff/passenger conflict with aggression/abuse context,routine_security_check,"""hire agents who actually care about helping passengers""",couple_leisure,economy_class
REAL-VA-148,yes,violent_aggressive,high,reported physical confrontation or violence-related act,assistant_manual_check_completed,9,2,physical_violence; staff_passenger_conflict,"I typically avoid Air Canada when I can but this November I had no alternative so I flew with them again. I was about to miss my flight so I called them to ask about my options. Turns out there is a rule for missing your flight within a certain time. Even though I asked, they told me my only option was changing my ticket for a cost higher than the original. What's worse the agent was trying to sell me an even more expensive fight saying that's the only option available. Luckily I had checked the flights before hand so I made him give me the cheapest option available. Still cost more than the original and I didn't need to pay that. Besides that the service was bad as always, but I was expecting that already. They've also got the most mismanaged boarding process.",air-canada,no,1.0,vancouver_to_toronto,2018-11-19,november_2018,Trip Verified,Mendeley/Skytrax Airline Review Data.xlsx,"Manually checked from strict 390-candidate extraction from the 64,740-row Skytrax airline review dataset.",149,review_before_keep,physical violence or assault/fight language; staff/passenger conflict with aggression/abuse context,,"""mismanaged boarding process""",solo_leisure,economy_class
REAL-VA-149,yes,violent_aggressive,high,explicit threat in airline/security/staff context,assistant_manual_check_completed,9,2,direct_threat; staff_passenger_conflict,"She said ""Oh it is delicious"", opens the can, hands it to me, and moves on to the next row. A few minutes later she returns with the credit card machine. I was not informed that the drink was alcoholic, nor that it cost money, nor did I even request to have the drink."" After a rather threatening discussion on the flight attendant's behalf, I agreed to pay for the drink and contacted customer service instead. Customer service  informed me that I would have known the prices of all of their service offerings had I read their 18 page menu, and that I should know better than to order alcoholic drinks that I don't want to pay for.",air-canada,no,1.0,edmonton_to_toronto,2018-07-10,july_2018,Trip Verified,Mendeley/Skytrax Airline Review Data.xlsx,"Manually checked from strict 390-candidate extraction from the 64,740-row Skytrax airline review dataset.",150,review_before_keep,direct threat/threatening language; staff/passenger conflict with aggression/abuse context,,"""I agreed to pay for the drink""",solo_leisure,economy_class
REAL-VA-150,yes,violent_aggressive,high,"explicit threat in airline/security/staff context; police/security conflict, intervention, detention, removal, or threat context",assistant_manual_check_completed,9,2,direct_threat; staff_passenger_conflict,"We had an awful experience with the check-in at Milan,  he had an arrogant attitude towards my husband. When weighing our luggage, mine was 20kg and my husband’s was 26 kg, as limit per person is 23kg, normally in those cases they have told us is ok and there is no overweight. After doing the long line to pay the extra 3 kilos, they told my husband he could have put the 3kg in my luggage, solution that was not given to us in that moment. We went back and my husband told the guy he could be nicer and also could have told us about the 3 kilos change of luggage, I was going to speak and he said ok if you continue complaining I cancel your flight and call the police.  Arrogance and threatening are not what you expect in these cases.  When telling other staff members, they said you can go and complain on the web page but refused to give me the name.",air-canada,no,3.0,milan_to_toronto,2017-08-27,august_2017,Verified Review,Mendeley/Skytrax Airline Review Data.xlsx,"Manually checked from strict 390-candidate extraction from the 64,740-row Skytrax airline review dataset.",151,review_before_keep,direct threat/threatening language; staff/passenger conflict with aggression/abuse context,,"""had an awful experience""",couple_leisure,economy_class
REAL-VA-151,yes,violent_aggressive,high,reported physical confrontation or violence-related act,assistant_manual_check_completed,9,2,physical_violence; staff_passenger_conflict,"The new seats are perfect for the 50 min fight - lots of legroom and comfortable. Staff as normal are perfect and professional. Only negative is I could not check in online and when I called tech support line it is horrible, always has been. Very rarely can they fix problems and can often give incorrect information.",hawaiian-airlines,yes,9.0,hilo_to_honolulu,2015-06-11,,,Mendeley/Skytrax Airline Review Data.xlsx,"Manually checked from strict 390-candidate extraction from the 64,740-row Skytrax airline review dataset.",152,review_before_keep,physical violence or assault/fight language; staff/passenger conflict with aggression/abuse context,,Hawaiian Airlines customer review,solo_leisure,economy_class
REAL-VA-152,yes,violent_aggressive,high,explicit threat in airline/security/staff context,assistant_manual_check_completed,9,2,direct_threat; staff_passenger_conflict,"They are liars and hypocrites cause they say different things over the phone and totally different in person, were they want me to pay $100 extra for the checked box containing only full size 29"" bicycle which weighted 51.7 Lbs. then forced me to ripped everything apart in the middle of the airport and remove pedals, seat, calipers and brake pads so it's weight was within 50 Lbs. Staff at the gate was horrible threatening to charge me another $100 for my carry-on which had to had all the extra parts I was forced to remove from checked box placed in it. On my way back, flight from DFW to DEN was delayed over 4 hours and 3 different gate changes but there was not even a single word of apology.",american-airlines,no,1.0,denver_to_dallas_fort_worth,2023-10-29,october_2023,Not Verified,Mendeley/Skytrax Airline Review Data.xlsx,"Manually checked from strict 390-candidate extraction from the 64,740-row Skytrax airline review dataset.",153,review_before_keep,direct threat/threatening language; staff/passenger conflict with aggression/abuse context,,"""charge me another $100 for my carry-on""",solo_leisure,economy_class
REAL-VA-153,yes,violent_aggressive,high,reported physical confrontation or violence-related act,assistant_manual_check_completed,9,2,physical_violence; staff_passenger_conflict,"4 times in a row they have overbooked, canceled flights, or just not let certain people on. The first time the over booked the flight and made us miss a funeral, the second time they canceled the flight making us miss a cremation ceremony, this last time they only let half of the people on the plane making us miss our sons bootcamp graduation .... oddly enough the only people denied a seat were those going to the graduation. This last time was so bad we had to sleep in DFW overnight and they had to put us on a delta flight instead then canceled the return ticket while making us pay an extra $275 for a new flight. The staff was rude and disrespectful with one staff passively challenging my wife to fight him.",american-airlines,no,1.0,dallas_ft_worth_to_atlanta,2023-10-11,september_2023,Not Verified,Mendeley/Skytrax Airline Review Data.xlsx,"Manually checked from strict 390-candidate extraction from the 64,740-row Skytrax airline review dataset.",154,review_before_keep,physical violence or assault/fight language; staff/passenger conflict with aggression/abuse context,,"""worst airline I have dealt with""",family_leisure,economy_class
REAL-VA-154,yes,violent_aggressive,high,reported physical confrontation or violence-related act,assistant_manual_check_completed,9,2,physical_violence; staff_passenger_conflict,"We were informed it was canceled due to the incoming flight crew from New York being unable to continue on with our fight due to the delays it incurred. While there getting the bad news with everyone else, we overheard a lady mention that this was the third day in a row the same American Airlines flight had been canceled on her. Due to American Airlines inability to plan ahead and swap flight crews to enable us to fly later that evening when the plane did arrive, it caused us to have to cancel our vacation entirely. When we called American Airlines directly after we were told the flight was canceled, a representative told us they could not get us on another flight to our destination within the next few days. The customer service rep did slip up and say there was another flight with seats on it the next day but the seats were marked up to $4K each and he told us he could not put us on that fight! Due to American Airlines inability to plan ahead or get us on the next flight I was not able to see my Daughter who flew out of Houston to see us, my brother and his children or my Mom and Step-Dad all of whom I have not seen for over a year. I am in the Military and nothing is more disappointing than not getting to see my family the few times a year I can, especially when it's due to an airline company failing to uphold their end of a ticket purchase! Also, due to the last-minute flight cancelation, the non-refundable costs we incurred include; TWA hotel @JFK, our portion of the destination accommodations, and Airport parking for the day we waisted sitting there. My brother also flew American weeks before and had his flight canceled on him two times before he finally made it to his destination. The customer service was horrible when we were on the phone, they did nothing to assist us and were not able to answer most of the questions we had pertaining to our cancelled flight! My advice is don't fly American unless you are prepared to have a week of delays in getting to your destination, it appears this is quickly becoming their standard operating procedure.",american-airlines,no,1.0,norfolk_va_to_antigua_via_new_york,2023-07-03,june_2023,Trip Verified,Mendeley/Skytrax Airline Review Data.xlsx,"Manually checked from strict 390-candidate extraction from the 64,740-row Skytrax airline review dataset.",155,review_before_keep,physical violence or assault/fight language; staff/passenger conflict with aggression/abuse context,,"""customer service was horrible""",family_leisure,economy_class
REAL-VA-155,yes,violent_aggressive,high,explicit threat in airline/security/staff context,assistant_manual_check_completed,9,2,direct_threat; staff_passenger_conflict,"Shortly before boarding, we were notified that the flight was full and some bags would need to be checked. I boarded in one of the final groups and expressed that I was concerned about checking my carry on. The attendant harshly responded “idk what to tell you. Everyone here is checking their bags. All I asked politely was if any passengers already boarded were willing to check their bags. Another agent said “We can find you another flight if you don’t.” Then a different travel agent explained the policy so I could clearly understand. As soon as I was compliant upon understanding the policy, another attendant insisted I board the plane now and threatened to not allow me to travel because I responded to her rude impatience. Due to the way I was approached, I did not have time to think to get my medication that I need daily and I am on a flight until the morning. It does nothing but look bad to view customers as problematic when they are concerned about safety matters with last minute changes. As for the policy: if a single woman is traveling abroad alone, the least you can do is let her have her bag.",american-airlines,no,6.0,phoenix_to_philadelphia,2022-09-16,september_2022,Trip Verified,Mendeley/Skytrax Airline Review Data.xlsx,"Manually checked from strict 390-candidate extraction from the 64,740-row Skytrax airline review dataset.",156,review_before_keep,direct threat/threatening language; staff/passenger conflict with aggression/abuse context,,"""It’s the disrespect for me""",solo_leisure,economy_class
REAL-VA-156,yes,violent_aggressive,high,"explicit threat in airline/security/staff context; police/security conflict, intervention, detention, removal, or threat context",assistant_manual_check_completed,9,2,direct_threat; police_security_conflict,Highly recommend not to fly with American Airlines. I typically never write reviews but this has been an absolute disaster after having the flight delayed 5 times in one night to then cancelling our flight. After 6 long hrs of being at the airport waiting for the plane to arrive the staff that works for American Airlines was extremely rude and unhelpful for us passengers as they threatened to call the police on those who were upset with the many inconveniences with this airline. Will never fly through them again!,american-airlines,no,1.0,washington_dc_to_cleveland,2022-08-04,august_2022,Trip Verified,Mendeley/Skytrax Airline Review Data.xlsx,"Manually checked from strict 390-candidate extraction from the 64,740-row Skytrax airline review dataset.",157,review_before_keep,direct threat/threatening language; police/security conflict or intervention context,,"""the worst airline I have ever flown with""",solo_leisure,economy_class
REAL-VA-157,yes,violent_aggressive,high,explicit threat in airline/security/staff context,assistant_manual_check_completed,9,2,direct_threat; staff_passenger_conflict,"Only 1 flight on time - average delay more than 1 hour and one leg cancelled totally because they did not have a pilot. Lost the prepaid hotel in Newport,RI at cost — wedding! Should have been there in time but no pilot! This was not weather related — AA selling tickets without adequate staffing. I personally emailed the CEO of AA because he promised to turn AA around and sited to include enough employees - has not happened. If you expect to get to a destination, don’t fly AA. If you are okay being delayed; addressed rudely by gate agents, provided vouchers for hotel when flights cancelled and no one at the hotel answers a call to pick you up, then do fly AA and you will not be disappointed. If you enjoy spending hours upon hours in an airport waiting to go standby only to learn that the gate agents messed up and took passengers below you on the standby list, fly AA. If you fly for more than an 1.5 hours (no weather issues) and are not offered even a water or package of crackers, fly AA If you reach out to customer service voicing complaints that a gate agent was rude and threatening and their response is to offer a voucher for a future 1/16th the cost of my flight, fly AA.",american-airlines,no,1.0,raleigh_to_providence_via_charlotte,2022-07-27,july_2022,Trip Verified,Mendeley/Skytrax Airline Review Data.xlsx,"Manually checked from strict 390-candidate extraction from the 64,740-row Skytrax airline review dataset.",158,review_before_keep,direct threat/threatening language; staff/passenger conflict with aggression/abuse context,,"""average delay more than 1 hour""",couple_leisure,economy_class
REAL-VA-158,yes,violent_aggressive,high,"explicit threat in airline/security/staff context; police/security conflict, intervention, detention, removal, or threat context",assistant_manual_check_completed,9,2,direct_threat; police_security_conflict,"I go to the customer service desk and they don't know if it's canceled or not even though the board said canceled and I had no email confirmation. The flight actually left on time. Then I had to get on my second plane to New Orleans out of DC and the supervisor was super rude to all the passengers. I was in line and they held the line because of some family in front of me. They close the door I waved my hand with my ticket she said wait a minute. I then went over to the other line to try and get the attendant attention and she asked me to hold for a minute sir. So I waited over 2 minutes after the door closed. I then spoke up loudly and said the doors closed my flight is leaving. The supervisor said I am busy with these customers sir I will get with you in a minute. Then after a few minutes she asked for my boarding pass. She said the plane is leaving sir. I said I was in line and waiting to get on the plane and you told me to wait. She said stop being loud and being rude and disrespectful. I said I haven't done any of those things aside from being loud because I missing my flight she then gave me a ticket for 4 hours later and threatened security if I said anything else. To think I have over 300,000 SkyMiles with this garbage airline. I would rather fly spirit or frontier because that at least treat their conditioners with respect and don't threaten them.",american-airlines,no,3.0,washington_to_new_orleans,2022-06-14,june_2022,Trip Verified,Mendeley/Skytrax Airline Review Data.xlsx,"Manually checked from strict 390-candidate extraction from the 64,740-row Skytrax airline review dataset.",159,review_before_keep,direct threat/threatening language; police/security conflict or intervention context,,"""threatened security if I said anything""",business,economy_class
REAL-VA-159,yes,violent_aggressive,high,reported physical confrontation or violence-related act,assistant_manual_check_completed,9,2,physical_violence; staff_passenger_conflict,"Both ways. Huge lines, absolute no prioritisation over people who are late. No one around to talk to. No directions. Staff has no clue what is going on. We were late for connecting fight and they dont compensate for hotel as its immigration fault, not theirs.",american-airlines,no,1.0,san_jose_to_london_via_miami,2022-04-15,april_2022,Trip Verified,Mendeley/Skytrax Airline Review Data.xlsx,"Manually checked from strict 390-candidate extraction from the 64,740-row Skytrax airline review dataset.",160,review_before_keep,physical violence or assault/fight language; staff/passenger conflict with aggression/abuse context,,"""Rubbish transfer in Miami""",family_leisure,economy_class
REAL-VA-160,yes,violent_aggressive,high,reported physical confrontation or violence-related act,assistant_manual_check_completed,9,2,physical_violence; staff_passenger_conflict,"My flight gets canceled so I go to the front desk to find an alternate route. The agent at the front desk is so rude and threatens to fight me twice. She gets mad that my friend and I booked our flights separately, but came in together to get our flights figured out. She is so rude that we are booked separately even though we both have our confirmation codes and information ready. We have all of our travel information ready and can prove it right then. She never tells us options until she hands us our boarding pass. She said ""oh you don't have you're stuff right now, we are going to fight."" We had our stuff in our cars, since it was 12 pm and we thought our earliest flight we could get was at 6 pm. Then when we are pulling up our information, apparently we are taking too long or something and she said ""yeah this is why we are going to fight."" I was never rude or anything, just trying to get this figured out for our trip, when it was American's fault we could not get our flight. If that is who American is hiring to represent themselves, they should not even be a company that exists anymore. Then on our way home, we keep getting notified that our flight is delayed because ""people need to get off the plane"" even though the plane has been there for hours and no one else is getting off or got off before we boarded. Will never fly American again. They are such a joke.",american-airlines,no,1.0,atlanta_to_lima_via_miami,2022-03-14,march_2022,Not Verified,Mendeley/Skytrax Airline Review Data.xlsx,"Manually checked from strict 390-candidate extraction from the 64,740-row Skytrax airline review dataset.",161,review_before_keep,physical violence or assault/fight language; staff/passenger conflict with aggression/abuse context,,"""Will never fly American again""",solo_leisure,economy_class
REAL-VA-161,yes,violent_aggressive,high,reported physical confrontation or violence-related act,assistant_manual_check_completed,9,2,physical_violence; staff_passenger_conflict,"Needless to say, I missed my flight and had to pay $200 to continue my destination on DELTA.  I was on an AA flight from Atlanta to Detroit with a stop in Washington. AA ran out of carryon space and had me check my carryon. As we were landing in DC, I was told that my carryon was being placed on the next fight to Detroit. I told the attendant that my medicine was in that bag. I was directed to the counter, who directed me to baggage claim. I waited over two hours, at this point I was lightheaded and my mouth was dry. I told the baggage clerks that I was not feeling well. Upon receiving my bag, I took my medicine. I asked for water, they said ""no"". I asked for a water fountain, they said ""it was through security"". I asked if some could assist me through security for water and so that I would not miss my flight, they said ""no"". I moved as fast as I could to security. I was exhausted, shortness of breathe, and my chest was burning from the pills stuck in my throat. I told the lady at security that I was not feeling well.  I am thankful to the 3 EMS guys. They treated me, assisted me with obtaining another flight and back through security again.",american-airlines,no,1.0,atlanta_to_detroit_to_via_washington,2022-02-14,february_2022,Trip Verified,Mendeley/Skytrax Airline Review Data.xlsx,"Manually checked from strict 390-candidate extraction from the 64,740-row Skytrax airline review dataset.",162,review_before_keep,physical violence or assault/fight language; staff/passenger conflict with aggression/abuse context,routine_security_check,"""unhelpful and uncompassionate""",solo_leisure,economy_class
REAL-VA-162,yes,violent_aggressive,high,reported physical confrontation or violence-related act,assistant_manual_check_completed,9,2,physical_violence; staff_passenger_conflict,"American Airlines cancelled my trip as was reported to me through the Card Service I used to book the flight. Trying to figure out what was going on, I called the card service company and they said the flight had been cancelled and there was no other flight American Airlines could give me. They said I should call American Airlines directly as they have access to more routes and flights and may be able to help me. So I called American Airlines, and this is where the story takes an absurd turn into some alternate universe where American Airlines believes they have complete control over you and your travel. The first person I speak to listens to the situation and tells me to call the card company. I told her I did and they said to see what American Airlines could do. She proceeds to repeat the following to everything I say, ""I'm sorry for the inconvenience. It is part of the terms and conditions you agreed to."" And that is it, over and over and over. She had absolutely no desire to help, no empathy for having destroyed an epic family vacation in the works for nearly a year, the travel visas, the hotels, the events, the internal flights within Vietnam or anything at all. No responsibility, no empathy, no desire to help fix it, and no communication other than, ""I already said I was sorry for the inconvenience."" I told her it was unacceptable and I wanted to speak to her supervisor. So she said she would have to put me on hold for 2-5 minutes. I said fine. She then came back 6 times after that saying, I need to put you on hold for 2-5 minutes. I'm pretty sure she was hoping I'd go away. The Supervisor gets on the phone, ready for a fight apparently. As soon as I explained that American Airlines had cancelled my flight, she said, ""I am sorry for the inconvenience, but we did not cancel your flight. A flight can only be cancelled 2 hours before the trip."" So apparently American has very specific words they use when speaking with customers, and want to be sure you realize it. I realize now that we're playing word games. I take her completely stupid response and break it down for her. I say, ""Let's take this one step at a time. Did you or did you not cancel my flight."" She responds, ""No."" I said, ""Great, then please tell me when my flight is taking off and when it lands in Ho Chi Minh City (Saigon)."" She says, ""that flight is not scheduled to go to Saigon."" I said, ""Was it scheduled at some point to go to Saigon?"" She said ""yes."" I say, ""And now it is not scheduled to go to Saigon?"" She said, ""No."" I ask her, what do you call it when you schedule a flight and now it is no longer scheduled?"" She responded, ""The flight is delayed."" I said, ""Great, when is it delayed until?"" She responds, ""Indefinitely as it will not be flying."" At this point, I'm trying to maintain composure. I don't know if American Airlines trains their agents to be this obtuse, or if it is just these two people. She was cold, uncaring, lacking any empathy whatsoever. They offer nothing for putting you through having to completely revamp your vacation. Cruel, inhuman, policy.",american-airlines,no,1.0,los_angeles_to_ho_chi_minh_city,2021-09-30,september_2021,Trip Verified,Mendeley/Skytrax Airline Review Data.xlsx,"Manually checked from strict 390-candidate extraction from the 64,740-row Skytrax airline review dataset.",163,review_before_keep,physical violence or assault/fight language; staff/passenger conflict with aggression/abuse context,,"""No responsibility, no empathy, no desire to help fix it""",family_leisure,premium_economy
REAL-VA-163,yes,violent_aggressive,high,"explicit threat in airline/security/staff context; police/security conflict, intervention, detention, removal, or threat context",assistant_manual_check_completed,9,2,direct_threat; staff_passenger_conflict,"The announcements stated the flight was delayed due to lack of a crew. After waiting somewhere from 1 to 2 hours for a crew and assurance one is getting ready, they announced the flight was now delayed from the current delayed time, 11:04 pm to 7:15 am the next morning. The passengers where instructed to go to customer service to seek any arrangements needed. When with customer service the group of passengers was told no accommodations would be made for hotels or cars. More or less we where all told we will have to just deal with it. Passengers asked to speak to the manager to question what exactly is going on and why are we not given any kind of relief. The manager, rudely, stated nothing could be done by policy bc the last delay was due to weather not a lack of a crew. It was a blatant lie the passengers knew right away. We can all check the weather reports and detuctive reasoning from the previous announcements made it easy to see through. When the manager began to be questioned she quickly became increasingly rude. Passengers began to film her. The manager then walked away threatening to call security on anyone who filmed her. Passengers began to ask for her name. She would not give it and the AA staff at the desk stated they did not know her name, another obvious lie. The manager finished walking off with saying security can through everyone out if needed.",american-airlines,no,2.0,houston_to_roanake_via_charlotte,2021-08-11,august_2021,Trip Verified,Mendeley/Skytrax Airline Review Data.xlsx,"Manually checked from strict 390-candidate extraction from the 64,740-row Skytrax airline review dataset.",164,review_before_keep,direct threat/threatening language; staff/passenger conflict with aggression/abuse context,,"""delayed due to lack of a crew""",family_leisure,economy_class
REAL-VA-164,yes,violent_aggressive,high,"explicit threat in airline/security/staff context; police/security conflict, intervention, detention, removal, or threat context; yelling/screaming/shouting in staff/passenger conflict",assistant_manual_check_completed,9,2,direct_threat; police_security_conflict,"Our flight at 10pm was cancelled reportedly due to weather in Dallas. We watched flight after flight take off following the cancellation of our flight. We were directed to go to customer service to receive assistance with getting on another flight to get home. We were told that the only flight available would be in two days. When asked about accommodations we were told that American isn’t a hotel and that we would need to figure it out. Unacceptable customer service. There was no attempt to empathize, no apology, and no attempt to help further. When asked about getting a hotel accommodation due to being scheduled out two days we were told that as parents if we wanted to make sure our son was properly taken care of we shouldn’t have traveled without enough money to get a hotel. When the supervisor arrived it was much of the same. Raised voices and yelling that there is nothing American can do. Stating multiple times that it’s not their fault the flight was cancelled and that we signed a contract. We asked to speak with the managers supervisor only to be told she’s not going to speak with us because she won’t tell us anything different. They threatened to call police on us. We attempted to get our bags (and toddler car seat) that we checked, in an attempt to drive the last 5 hours to Wichita only to be told that they would not release our bags. The highest ranking manager reluctantly spoke with us and was no help as well telling us that there’s nothing we can do. Continued to tell me to call corporate if I wanted saying it would do no good. I called customer service and stayed on hold for 2 hours and 16 minutes before hanging up. After much debate and finding out there are no rentals available and full hotels we stayed the night in the airport. In the morning we found one of very few bright spots from a customer service rep named Bellen. She helped us find a flight into Kansas first thing in the morning. Unfortunately our bags got lost while we were in flight. Now in Kansas bagless, we worked with the great team in Manhattan to report the missing bags. Delivery was set up and now we wait with no safe form of transportation for us and our toddler. The incompetence of this airline is unbelievable. Only rating 1 because 0 is not an option.",american-airlines,no,1.0,dallas_to_wichita,2021-06-06,june_2021,Trip Verified,Mendeley/Skytrax Airline Review Data.xlsx,"Manually checked from strict 390-candidate extraction from the 64,740-row Skytrax airline review dataset.",165,review_before_keep,direct threat/threatening language; police/security conflict or intervention context,,"""worst flying experience of my life""",family_leisure,economy_class
REAL-VA-165,yes,violent_aggressive,high,"police/security conflict, intervention, detention, removal, or threat context; weapon/terror-related accusation or security conflict",assistant_manual_check_completed,9,2,police_security_conflict; weapon_terror,"I explained to the customer services representative that these tickets were originally purchased and paid in full in February 2020 and due to COVID19, the original flight had to be canceled and rebooked. Since the rebooking, AA had also made flight changes on their end, the most recent change being in early November. The end result of said changes was two round trip flights paid in full plus two $130 refund vouchers for the difference in price of our original flight, which can be confirmed by review of our AA accounts. I did not volunteer to pay the balance as I had already received seat assignments and confirmation numbers as well as refund vouchers which further proved we had paid in full. Despite our pleas with the customer service agent and her Supervisor, we were told there was nothing they could do for us. It took over 1½ hours for these customer service agents to sort out the error in the AA system that was denying us boarding passes. When finally someone on the phone was able to walk the agent through voiding the error and permitting us access, it was too late. Prior to missing our flight, when the service agent realized the error was entirely on AA ticketing system, we were told that if we hurried through security, they would notify the gate that we were on our way and he would check the oversized bag at the gate. We were instructed to take our checked bag through security (without boarding passes in hand) and that he would meet us on the other side to inform security of our situation and the reason for needing to take our oversized bag through. We rushed up to security and were forced to explain our situation again as staff was nowhere to be seen. I declared to TSA that I had scuba diving gear, including a diving knife in the oversized bag. At that point, we were held up by TSA to investigate why we were bringing a knife through security. At that time, staff finally did show up and explained to TSA that he had instructed us to bring our bag through. TSA forced me to forfeit my scuba knife before allowing us to leave security and proceed to run to our gate. TSA allowed us to ONLY forfeit the knife but explained to us that under any other circumstance and by protocol we would have been detained with SD Harbor Police. As you can imagine, this was extremely uncomfortable. When we arrived at our gate, it had already been closed and was preparing for take-off. We sat in the airport, defeated, demoralized, shaking, and crying about what we were just subjected to. To top off the ordeal, the staff walked away from us and blamed missing our flight on us bringing a knife through security. We had never intended to bring the oversized bag with scuba gear through security, it was supposed to be checked. This was no fault of our own, we were only doing what we were told to do after American Airlines had failed us. We were not given a statement describing our rights and explaining what to do if the carrier bumps you from a flight at no fault of your own. We were told by the customer service agent that our only option was to write a letter to AA.com. Ultimately we arrived 24 hours after my original arrival time.",american-airlines,no,1.0,san_diego_to_los_angeles_via_phoenix,2020-12-09,november_2020,Trip Verified,Mendeley/Skytrax Airline Review Data.xlsx,"Manually checked from strict 390-candidate extraction from the 64,740-row Skytrax airline review dataset.",166,review_before_keep,police/security conflict or intervention context; weapon/terrorism-related term,routine_security_check,"""blamed missing our flight on us""",couple_leisure,economy_class
REAL-VA-166,yes,violent_aggressive,high,explicit threat in airline/security/staff context,assistant_manual_check_completed,9,2,direct_threat; staff_passenger_conflict,The Philadelphia airport is lovely but the American Airlines gate staff are the worst I have ever experienced. They don’t listen to customers or apply logic and when you question them they threaten to throw you off the flight. They insisted we check our carry on bag despite it fitting under the seat of a much smaller plane 2 hours earlier. Upon boarding the plane we found there to be much overhead storage space. The staff were rude and threatening. I would recommend spending whatever it takes not to fly American Airlines ever.,american-airlines,no,1.0,philadelphia_to_phoenix,2020-02-10,february_2020,Trip Verified,Mendeley/Skytrax Airline Review Data.xlsx,"Manually checked from strict 390-candidate extraction from the 64,740-row Skytrax airline review dataset.",167,review_before_keep,direct threat/threatening language; staff/passenger conflict with aggression/abuse context,,"""worst I have ever experienced""",couple_leisure,economy_class
REAL-VA-167,yes,violent_aggressive,high,"explicit threat in airline/security/staff context; police/security conflict, intervention, detention, removal, or threat context",assistant_manual_check_completed,9,2,direct_threat; police_security_conflict,"Arrived at the airport 42 minutes before my flight with literally zero people in the security line, but AA refused to allow me to board because I had a checked-sized bag. Despite having plenty of time, the agent first lied to me about why she couldn’t check my bag and said my only option was to go without my bag. I said it was no problem if my bag came late I just needed to make Mother’s Day dinner and wanted to board. She would not check my back on a later flight and said AA won’t do that. I said I would go without my bag and my husband could pick up my bag from security. They said you can’t leave without your bag and threatened to call the police on me if I did so! So, I couldn’t fly with my bag, have my bag come on a later flight, OR have my bag picked up. I had no option but to leave the airport since I was refused boarding for being 3 minutes late with no security line (and I’m precheck.) I missed Mother’s Day dinner with my family and will not ever give AA one single dime in the future. I’ll stick with Southwest even though it’s an hour from my family’s town. AA customer service is absolutely horrendous.",american-airlines,no,1.0,dallas_to_lexington,2019-05-12,may_2019,Trip Verified,Mendeley/Skytrax Airline Review Data.xlsx,"Manually checked from strict 390-candidate extraction from the 64,740-row Skytrax airline review dataset.",168,review_before_keep,direct threat/threatening language; police/security conflict or intervention context,routine_security_check,"""customer service is horrendous""",couple_leisure,economy_class
REAL-VA-168,yes,violent_aggressive,medium-high,yelling/screaming/shouting in staff/passenger conflict,assistant_manual_check_completed,9,2,physical_violence; staff_passenger_conflict,"Since most airlines have flyers right where they want them, the front of the plane is the only place left with enough seat to actually sit in for a 5-hour flight. At over $2,300.00 for my Wife and I, not worth it, but still better than the ""Cattle Car Crush"" in the back. Unfortunately, we only had an hour in our seats, before we were forced out, after we had taxied out, then back in, to change the flight crew. (Due to ""Time Out"" of flying/ resting hours) I guess American doesn't own any computers, with which to calculate this before they spend an hour jamming 125 captives into a 30-year old flying tour bus. I forgot to mention we only boarded after being chased to 3 different gates, the last being from one end of PHL to the other. I read Americans ""Service Promise"" the day after our 7 hour delay/ cancellation and wondered where the promised ""Over 3-hour delay comforts"" food & drinks were? Certainly not given to us, nor was ANY information as to why we were sitting in 3) different gates, watching 200 American planes land and depart, while we sat and stewed. The final kick in the sac was watching the new flight crew board, then stand back in line for another hour, with no info. We were then lied to again, and were told that ""Maintenance"" decided to sniff around, while we stood and waited to re-board. At 10:20 at night, the flight attendants filed off our 6:35 departure aircraft, and a passenger yelled: ""This means the flight is cancelled!!"" With no word from any of the arrogant, attitude-laden gate agents. They finally announced to go back to the other end of the terminal, and get our bags, and beat it. No help, no rebooking assists, no nothing. American is the worst possible company to ever give your hard-earned cash to. The little tags say it all: ""We don't care, and we let you know it!""",american-airlines,no,1.0,philadelphia_to_las_vegas,2019-04-17,april_2019,Trip Verified,Mendeley/Skytrax Airline Review Data.xlsx,"Manually checked from strict 390-candidate extraction from the 64,740-row Skytrax airline review dataset.",169,review_before_keep,physical violence or assault/fight language; staff/passenger conflict with aggression/abuse context,,"""the worst possible company""",couple_leisure,first_class
REAL-VA-169,yes,violent_aggressive,high,"reported physical confrontation or violence-related act; police/security conflict, intervention, detention, removal, or threat context",assistant_manual_check_completed,9,2,physical_violence; police_security_conflict,"Originally, I had been supposed to take a 8:19pm connecting flight at Boston to go to Philadelphia from Tokyo. As soon as the flight from Tokyo landed at Boston Logan Airport, I received two texts notifying the delay without being provided any reasons. At that moment, the flight was still supposed to fly at 10 pm, so I decided to stick to it and I checked my suitcase in. After that, they keep sending the delay notifications, which ended up saying ""the flight was cancelled and your new flight is 5:25 am one"" As expected, they never provided any reasons at all and I was kicked out of the security area around 12am, which forced me to spend some 4 hours outside and come back to line up for the security again around 4 am. When I asked about my suitcase I checked in at the gate after this reschedule, the crew said ""that is a separated system and we have no information."" The new flight departed without any trouble and I got my suitcase at Philly airport, which was the only good news. After I came back home, I posted a complaint through their system, which is not responded at all for more than 2 days. I would not blame any individual employee for this, but I should conclude that American Airlines' overall attitude towards passengers is nothing but disrespect. I will never ever ever fly with American Airlines again.",american-airlines,no,1.0,boston_to_philadelphia,2018-07-20,july_2018,Not Verified,Mendeley/Skytrax Airline Review Data.xlsx,"Manually checked from strict 390-candidate extraction from the 64,740-row Skytrax airline review dataset.",170,review_before_keep,physical violence or assault/fight language; police/security conflict or intervention context,,"""the most disgusting experience""",solo_leisure,economy_class
REAL-VA-170,yes,violent_aggressive,high,reported physical confrontation or violence-related act,assistant_manual_check_completed,9,2,physical_violence; staff_passenger_conflict,"Our flight was to leave Miami at 8:25 p.m on a Monday. When we got to our gate at 7:00 p.m we were told to go to another gate halfway across the airport because our gate had be changed. After going to the new location and seating there for about 45 minutes. We were told that our gate had changed back to the gate we were originally at. Finally we get to board the plane around 8:45. The pilot comes over the intercom and says ""please take your seats we only have 6 minutes before our crew times out. At this time the fuel truck had just pulled up. After about 10 minutes. The pilot comes back on the intercom and tells us that the crew has times out and that they were not going to be able to fly us to Denver. So the pilots exit the plane. 10 minutes later the flight attendant come on and say ""we have a new fight crew on the way and we will be leaving as soon as they get here"". 45 minutes to an hour later after sitting on the plane she comes back on only to tell us that there was no new crew and we needed to get off the plane. Now it's around 11:00-11:30. After about an hour of sitting at the gate waiting to hear of any updates. They tell us there's a new fight crew is coming and we would be leaving as soon as they arrived and do there pre-flight checks. So around 12:15 or so the new crew starts to arrive. First 1 pilot, 20 minutes later another pilot, 20 later the engineer comes. I guess. They tell us we will be taking off shortly. Around 1:15 a.m or so. They tell us the the flight attendants have now timed out and our flight would be canceled. It's funny now but not really. They then tell us that we have to go back to the other gate to rebook our flights out. Luckily for us we knew the number to call for rebooking. So we were able to get on the next flight out at 6:45 Tuesday morning. My wife tells me today that they gave her a $100 voucher. Not only did they know they were going to have to cancel the flight but they were dishonest and didn't have to decency to tell us the truth. I have not received anything for them nor do I care to. I will drive to Miami the next time if that's the only way to get there is on American Airlines. They can keep their $100 voucher. If you have any other means of getting to where you need to be I would suggest you use it.",american-airlines,no,1.0,miami_to_denver,2018-06-09,june_2018,Not Verified,Mendeley/Skytrax Airline Review Data.xlsx,"Manually checked from strict 390-candidate extraction from the 64,740-row Skytrax airline review dataset.",171,review_before_keep,physical violence or assault/fight language; staff/passenger conflict with aggression/abuse context,,"""drive to Miami the next time""",couple_leisure,economy_class
REAL-VA-171,yes,violent_aggressive,high,reported physical confrontation or violence-related act,assistant_manual_check_completed,9,2,physical_violence; staff_passenger_conflict,"Both outbound and inbound flights with American Airlines were problematic to put it discretely. Outbound from Albuquerque (ABQ) to LA we waited on the tarmac for nearly an hour for what was explained as ""too much weight"". This enlarged into needing to correct the paperwork for this weight problem and finally into having to burn off fuel to eliminate the extra weight. Overall confusing and seeming disorganized in the first place. Our last leg through Phoenix to ABQ was a true mess. We came in on an overnight flight from Honolulu with a connecting flight leaving at app. 9am for Abq. However, we were held in Phoenix until 2pm due to ""mechanical problems"" with our assigned plane. This plane was still in Austin, (or so the gate staff said but the Customer service staff office nearby said it had departed earlier). As we sat and waited one could hear constant AA gate changes followed by a rush of passengers to elsewhere. The question steaming through our passenger group was simply, is there not another aircraft available when such a thing happens? Will we need to hustle to squeeze on to the next scheduled fight to Abq? Shall we rent a car and drive? The stressed gate staff kept announcing new and later departure times with no other info available. Then suddenly (our) plane arrived and after waiting briefly for a co pilot we left app. 5 hours late. The impression left was one of being in a gritty country called AA where chaos, lack of information and customer service is casually routine and where shareholders and yet greater profits are really the primary goal. We will try to avoid this carrier in future if at all possible.",american-airlines,no,1.0,hnl_to_abq_via_lax_and_phx,2016-02-17,february_2016,,Mendeley/Skytrax Airline Review Data.xlsx,"Manually checked from strict 390-candidate extraction from the 64,740-row Skytrax airline review dataset.",172,review_before_keep,physical violence or assault/fight language; staff/passenger conflict with aggression/abuse context,,"""lack of information""",couple_leisure,economy_class
REAL-VA-172,yes,violent_aggressive,high,"explicit threat in airline/security/staff context; police/security conflict, intervention, detention, removal, or threat context",assistant_manual_check_completed,9,2,direct_threat; police_security_conflict,"When we refused, she called two security guards and threatened to not let us board if we didn't agree on checking in our carry-on. The contract clearly states that we are entitled to one carry on per person. Think twice before choosing Aeromexico in your next trip.",aeromexico,no,3.0,mexico_city_to_vancouver,2025-05-27,may_2025,Trip Verified,Mendeley/Skytrax Airline Review Data.xlsx,"Manually checked from strict 390-candidate extraction from the 64,740-row Skytrax airline review dataset.",173,review_before_keep,direct threat/threatening language; police/security conflict or intervention context,,"""checking in our carry-on""",couple_leisure,economy_class
REAL-VA-173,yes,violent_aggressive,high,"explicit threat in airline/security/staff context; police/security conflict, intervention, detention, removal, or threat context",assistant_manual_check_completed,9,2,direct_threat; police_security_conflict,"My friend is 78 years old and has no wish to use the internet, nor is he familiar with it. After the funeral another friend his age drove him to the airport with the deceased friend's cat in tow. When these two elderly gentlemen arrived at the airport there was nobody to man the desk at Delta. A member of the security staff directed them to another terminal where he had seen some attendants, but after a long trek with kitty in tow they returned to the Delta desk, having found nobody to help. A Delta employee then showed up and asked them if she could help. The plane was already boarded, and she held it so my friend could get his boarding pass, pay for the transport of the cat, and go home. She then rousted some employees from what must have been a break room and handed my friend off to two of them. These two employees were apparently unable to work the Delta computer system, and after a number of attempts the flight left, stranding my friend and cat in Spokane for the night with all the costs that entails. When my friend voiced just how upset he was, without threatening anybody, he was threatened with removal by security. He did eventually get his flight changed to the next day, and was able to make his way home. What a terrible way to treat an elderly gentleman who has just had a very painful loss! I felt simply awful to have gotten him into this predicament by booking a flight with Delta. Delta? Never again!",delta-air-lines,no,1.0,"spokane,_wa_to_seattle,_wa",2021-11-01,october_2021,Trip Verified,Mendeley/Skytrax Airline Review Data.xlsx,"Manually checked from strict 390-candidate extraction from the 64,740-row Skytrax airline review dataset.",174,review_before_keep,direct threat/threatening language; police/security conflict or intervention context,,"""What a terrible way to treat an elderly gentleman""",solo_leisure,economy_class
REAL-VA-174,yes,violent_aggressive,high,explicit threat in airline/security/staff context,assistant_manual_check_completed,9,2,direct_threat; staff_passenger_conflict,I missed my connecting flight and was forced to spend the night in Detroit airport. When I originally boarded this flight I was reassured by staff that if I missed my connecting flight there would be ticket agents available to find us a hotel and food when we landed. This never happened so as forced to sleep in the airport. Airport staff also threatened me that if I left the airport I would no longer be secure. I have never felt so scared and alone in my life. This was the worst experience of my 45 years of life. It took me over 30 hours to travel from Las Vegas to Buffalo New York. I am astonished with the lack of humanity and respect that I was shown by the staff of Delta Air Lines. It will be a long time before I fly again. Rest assured it will not be with Delta!,delta-air-lines,no,1.0,tonawanda_to_las_vegas,2021-07-28,july_2021,Not Verified,Mendeley/Skytrax Airline Review Data.xlsx,"Manually checked from strict 390-candidate extraction from the 64,740-row Skytrax airline review dataset.",175,review_before_keep,direct threat/threatening language; staff/passenger conflict with aggression/abuse context,,"""forced to sleep in the airport""",solo_leisure,economy_class
REAL-VA-175,yes,violent_aggressive,high,explicit threat in airline/security/staff context,assistant_manual_check_completed,9,2,direct_threat; staff_passenger_conflict,"My flight from ny to Vegas, I was accommodated. The flight home I had to beg for my own safety because your flight attendant had no care for my safety. She told me they would serve nuts regardless of my life threatening allergy.  I can’t believe how I was treated after having such a good experience the first time.  I was told by the boss of the attendants on the plane that he was obligated to serve nuts if a passenger requested it. I understand that some people may bring their own snacks, but not serving nuts shows that you care about my safety and are reducing my risk of a life threatening reaction by almost 100%. Once the captain heard my story, he had no issues switching the snacks to just pretzels and cliff bars. He even walked through the plane to tell everyone nuts would not be served. Then the attendants listened to him, after making me feel less than human for having an allergy and told that people’s need to snack on nuts was more important than my life.",delta-air-lines,no,1.0,las_vegas_to_new_york,2021-06-26,june_2021,Trip Verified,Mendeley/Skytrax Airline Review Data.xlsx,"Manually checked from strict 390-candidate extraction from the 64,740-row Skytrax airline review dataset.",176,review_before_keep,direct threat/threatening language; staff/passenger conflict with aggression/abuse context,,"""tell everyone nuts would not be served""",family_leisure,economy_class
REAL-VA-176,yes,violent_aggressive,high,explicit threat in airline/security/staff context,assistant_manual_check_completed,9,2,direct_threat; staff_passenger_conflict,"Bought seats in first class, onboard the toilet was inoperable and stank! Cabin crew said they had attempted to reject the aircraft but were threatened by company management. Cabin crew then had to delay food service to allow first class passengers to use aft lavatories. Truly third world service!",delta-air-lines,no,1.0,tus_to_atl,2016-03-18,march_2016,,Mendeley/Skytrax Airline Review Data.xlsx,"Manually checked from strict 390-candidate extraction from the 64,740-row Skytrax airline review dataset.",177,review_before_keep,direct threat/threatening language; staff/passenger conflict with aggression/abuse context,,"""third world service""",family_leisure,first_class
REAL-VA-177,yes,violent_aggressive,high,"explicit threat in airline/security/staff context; police/security conflict, intervention, detention, removal, or threat context",assistant_manual_check_completed,9,2,direct_threat; police_security_conflict,"No information was offered to the delay, or any updates for that matter. Using an app I saw that our delayed flight was being flown in from Providence RI. The plane landed and passengers disembarked, still no information. We sat at the gate until 2am, when the flight was finally removed from the departures board. Yet still no information or even an announcement that it was cancelled. Went to talk to the desk representative and I was abruptly told he would provide information when he had it. I told him to get a supervisor. Many others were voicing their concerns as well, the counter person must have felt ""threatened"" because the police were called on passengers that had be waiting for 8 hours and continually lied to, so JetBlue's answer to simple passenger questions is to call the police, how very fascist of a supposedly enlightened airline. After the cancellation we were informed that it was weather, then air traffic control and finally that the crew from Providence timed-out. Unbelievably poor customer service. Time to fly another airline.",jetblue-airways,no,1.0,orlando_to_new_york,2022-03-15,march_2022,Not Verified,Mendeley/Skytrax Airline Review Data.xlsx,"Manually checked from strict 390-candidate extraction from the 64,740-row Skytrax airline review dataset.",178,review_before_keep,direct threat/threatening language; police/security conflict or intervention context,,"""Unbelievably poor customer service""",family_leisure,economy_class
REAL-VA-178,yes,violent_aggressive,high,explicit threat in airline/security/staff context; yelling/screaming/shouting in staff/passenger conflict,assistant_manual_check_completed,9,2,direct_threat; staff_passenger_conflict,"05pm. The crew “Got stuck” in Boston due to the storm that happened a day before, “Terrible crisis planning”. We waited 2 hrs until the crew came. I kept going back and forth asking the rudest agent ever about the time. The last time I spoke to her was at 2.30, asked her what time we should line up? She said you have another 30-35 mins! We received an email saying the departure at 3.15. When we went to the gate at 2.45 (even before we received the email) we found the gate is closed and the worst agent ever started to curse and yell at us! When I gave her the attitude back, she threatened me that she won’t let me in if I kept the attitude (as she has the ultimate power). Attached is a picture of the email that was sent at 2.55 after they closed the gate! I won’t let this go until whoever gave us the bad experience gets held accountable. And definitely a full refund of the 5 tickets!",jetblue-airways,no,1.0,newark_to_tampa,2021-09-02,september_2021,Trip Verified,Mendeley/Skytrax Airline Review Data.xlsx,"Manually checked from strict 390-candidate extraction from the 64,740-row Skytrax airline review dataset.",179,review_before_keep,direct threat/threatening language; staff/passenger conflict with aggression/abuse context,,"""Terrible crisis planning""",family_leisure,economy_class
REAL-VA-179,yes,violent_aggressive,high,reported physical confrontation or violence-related act,assistant_manual_check_completed,9,2,physical_violence; staff_passenger_conflict,First they provided us with the wrong information that we had to pay for our carry on (6 bags for 6 travelers) so we did online. When we approached the airport we find out we don't have to pay for carry-ons. Now we have to fight for a refund. Agents and supervisor that I had the pleasure to speak with were unpleasant and rude! On the phone you are going to be on hold for hours. In my case it was 9hours and I couldn't reach anyone. When finally someone answered they connected me 3 times from one dept to another! No compensation for the inconvenience. If you can stay away!,jetblue-airways,no,1.0,cancun_to_new_york,2021-07-28,july_2021,Trip Verified,Mendeley/Skytrax Airline Review Data.xlsx,"Manually checked from strict 390-candidate extraction from the 64,740-row Skytrax airline review dataset.",180,review_before_keep,physical violence or assault/fight language; staff/passenger conflict with aggression/abuse context,,"""No compensation for the inconvenience""",family_leisure,economy_class
REAL-VA-180,yes,violent_aggressive,high,reported physical confrontation or violence-related act,assistant_manual_check_completed,9,2,physical_violence; staff_passenger_conflict,"When we were at the airport and having some issue with the self check out ,the three staff members who were at the JFK airport were brushing us and telling us to try to keep trying and the machine kept denying. Finally My husband went to the costumer service to clarify and they asked us to go to the counter. All this process took our 30-40 min. When we reached the line to go into the counter the older guy who was standing at the line was very rude and told us to go back to do the self check out despite telling him that we couldn’t get through self check out . We insisted that we need to stay in the line to get our boarding pass . He said “you are late and you are not going to get in this flight “ . We waited in the line for another 1 hr , only two counters were and there were a counter where the lady was standing for long time not taking any costumers . I don’t know is that what she suppose to do during busy travel time , I would think she should be assisting her colleagues. When we at the counter the lady started the process and asked for QR code from health insurance for Costa Rica which we didn’t have it but the attitude and rudeness we received from the staff was unbelievable . Instead of assisting us with whatever we need to get to the fight she told us to stand to the side . We were clueless and very upset . We keep asking around what we should do and where we should get a QR code . No one was there to assist us or help us , when we book the ticket Expedia inform us that we needed to buy Heath insurance to go to Costa Rica . We googled and asked another passenger who were able to help us . By then we missed our flight. We spend whole day in the airport figuring out what to do and eventually we got rescheduled our flight to next day after spending extra $300 and did our covid test again to fly . On the day of flight 6/11/21 we were inside the airplane waited 2 hrs for a set of crew to join us to fly back the plane . Our flight was delayed 2 hrs due to this . Hope this is not a regular incident that happen on every flight with Jet blue . All I want to stay is that all the Jet blue staff need to be re-educated in customer service training and in assisting the travelers when they need help . Basically do your job ! Travel during covid time with kids are not easy . We are taking your service doesn’t mean that you can treat us however your staff feel .",jetblue-airways,no,1.0,new_york_to_liberia,2021-06-16,june_2021,Not Verified,Mendeley/Skytrax Airline Review Data.xlsx,"Manually checked from strict 390-candidate extraction from the 64,740-row Skytrax airline review dataset.",181,review_before_keep,physical violence or assault/fight language; staff/passenger conflict with aggression/abuse context,,"""need to be re-educated in customer service training""",family_leisure,economy_class
REAL-VA-181,yes,violent_aggressive,high,reported physical confrontation or violence-related act,assistant_manual_check_completed,9,2,physical_violence; staff_passenger_conflict,Worst service ever! I repeat worst service ever! Explains weather related delays but flight at the gate for past 2 hours ready with no crew members. Apparently they have no pilots or crew members to run the route. The fight has changed times over 5 times from 6:58 to 9:13 to 8:58 to 10:15 and finally to 11:15 still in the waiting area with no further info on the crew and if the flight is going to be delayed any further.,jetblue-airways,no,1.0,los_angeles_to_orlando,2019-04-21,april_2019,Trip Verified,Mendeley/Skytrax Airline Review Data.xlsx,"Manually checked from strict 390-candidate extraction from the 64,740-row Skytrax airline review dataset.",182,review_before_keep,physical violence or assault/fight language; staff/passenger conflict with aggression/abuse context,,"""Worst service ever""",family_leisure,economy_class
REAL-VA-182,yes,violent_aggressive,high,"explicit threat in airline/security/staff context; police/security conflict, intervention, detention, removal, or threat context; yelling/screaming/shouting in staff/passenger conflict",assistant_manual_check_completed,9,2,direct_threat; staff_passenger_conflict,"I was threatened by the gate attendant to have TSA to remove me from flight for asking why he gave my seats away that I paid extra for, the man lost his mind when he was caught in a lie that he called us for passport verification, we were sitting at the gate for a hour prior to boarding and never was my name called out. After 5 minutes of him yelling at me for asking the question he said I better get on the plane now. After turning and going 30 ' down the ramp he came running after me still waiting to yell at me. There was nothing I could do but stand there in shock of what just happened. So I then turned and continued the rest of the way to the plane. After contacting jetblue I got no apology only offer to refund the up charge for the seats. Still no credit received over 30 days after I sent complaint.",jetblue-airways,no,1.0,ft_lauderdale_to_nassau,2018-01-15,january_2018,Trip Verified,Mendeley/Skytrax Airline Review Data.xlsx,"Manually checked from strict 390-candidate extraction from the 64,740-row Skytrax airline review dataset.",183,review_before_keep,direct threat/threatening language; staff/passenger conflict with aggression/abuse context,,"""threatened by the gate attendant""",couple_leisure,economy_class
REAL-VA-183,yes,violent_aggressive,high,"reported physical confrontation or violence-related act; police/security conflict, intervention, detention, removal, or threat context; yelling/screaming/shouting in staff/passenger conflict",assistant_manual_check_completed,9,2,physical_violence; staff_passenger_conflict,"We were so delayed we missed our connecting flight in Dulles airport, VA. Huge scramble to get rescheduled because no United representative would help us at the airport, phone or online. We finally got rescheduled for 3 hours later, then that new flight got delayed, didn’t get to our destination (Fort Lauderdale, FL) til 10 pm that night. Missed all of our plans because of it. Coming home: we arrive at the Fort Lauderdale Airport, FL hours early and are greeted with a disorganized mess. TSA agents were fighting with each other, half of United’s ticket machines were down for maintenance, got yelled at by a United agent to tag my own suitcase after I asked her for help tagging it, then after she was mad that I tagged it wrong and she had to redo it, same with the people behind me. Everyone was incredibly rude at that airport. We get to our flight boarding area, and it’s delayed again. We depart and arrive at Dulles Airport, VA. United kept delaying our flight over and over and over again. They called 5 times for a United representative to come to the front desk to update us, no one would come. The staff with yellow vests that direct the airplanes on the runaway had to keep coming in to try to update us. Excuses they gave: we don’t know where the plane is, the plane is here but needs unloaded and checked, the knots of the wind are too strong, the crew deck isn’t here, next is crew deck arrived but they are now over their time schedule to be able to fly, there is not enough runaway for all the planes. Then like 8pm at night (we were supposed to leave at 5 pm) they tell us we’re rescheduled for 7 am the following day, literally could have told us that 2 hours prior so we would have had time to make arrangements. If we want our overnight bags, it would take them 3-4 hours. Then they refuse to cover our food and hotel because it wasn’t cancelled it was ‘delayed.’ Everyone starts screaming at the staff and they then change their mind after 10 minutes and decide to cover the hotel, food and “free shuttle.” We call nonstop to get ahold of the shuttle, no one answered and all the Ubers are busy. It takes an hour in the cold freezing weather waiting for the shuttle to get to the hotel. 3-4 hours of sleep, get to the airport really early the next day, my meal vouchers didn’t work and the new flight is delayed. The United staff that morning say it’s computer issues, next they say we need to do maintenance on the plane, next luggage needs loaded, then it was too many planes are taking off at that time. Finally get boarded and get to the state college airport. They lost the luggage from 2 full planes from Dulles airport to State College. United App tracking is all wrong for everyone so no one knows where the luggage is. We wait 1-2 hours to get to talk to someone at the United Front Desk and have our luggage shipped to our house…when they find it. You can’t get through to do anything on the United App or the phone line either. I have never had this happen like this on an airline before and after this experience I will never fly with United again. They refuse to offer any compensation for any trouble except $100 United airline voucher, like we would ever fly with them again.",united-airlines,no,1.0,state_college_to_fort_lauderdale_via_washington,2025-01-11,january_2025,Trip Verified,Mendeley/Skytrax Airline Review Data.xlsx,"Manually checked from strict 390-candidate extraction from the 64,740-row Skytrax airline review dataset.",185,review_before_keep,physical violence or assault/fight language; staff/passenger conflict with aggression/abuse context,,"""I will never fly with United again""",business,economy_class
REAL-VA-184,yes,violent_aggressive,high,reported physical confrontation or violence-related act,assistant_manual_check_completed,9,2,physical_violence; staff_passenger_conflict,"We were supposed to arrive in Denver before our next fight at 11:15 am to make it home in Albuquerque by 12:30 pm. Due to what the pilot and airlines reps stated was a small hydraulics leak. We stayed on the plane on the tarmac for at least 1.5 hours. We then did not make it to Denver Airport until 11:07 approximately and the airline had already given our First-Class ticket seats away and expected us to be delayed at the airport 10.5 hours. The time given was now almost 9 pm at night. First off, I was injured with a boot on my left leg. This required me to receive wheelchair support. When we landed no agent was there to provide me with a wheelchair. Secondly when a 3rd party wheelchair company named: G2 Secure Staff, they didn’t even want to push me around to get help to make arrangements for an earlier flight home. No United Airlines agent could tell me where my luggage was and what my options were other than the delayed 10.5 hours at the airport. The third-party employee tried to get us a rental not informing us that he would take us out of the secure location requiring us go through security all over again. Since I had a boot on this was a long tedious process. We had to beg the third-party company to leave us with a different wheelchair to get around the airport while waiting. After sitting for two hours on the phone with an agent. I asked her to put us on the standby list and we finally got on a flight 3:45 pm. We were still 4.5 to 5 hours late getting a flight. We didn’t get home until almost 5:30 pm. Keep in mind Fargo North Dakota is 1 hour ahead of us, so we are waiting even longer with our time stuck on the first plane with mechanical issues. In addition, we were placed in economy when we paid for First Class and a refund was not automatically issued. They told us that we would have to fill out a refund request online and wait for a refund which could take weeks to get. We received a limited amount of support from United Airline Agents the whole time we were stuck at the airport. I feel if an airline causes you to miss your flight, they need to make arrangements to get you around to your next gate and on a new flight comparable to your first purchase. If they can’t do this, they should pay to put you on another airline or pay for a rental car and hotel. They wouldn’t even offer us to use their club to sit and rest in. All we were offered was 20.00 each for a meal voucher. Which is a joke at an airport. We also had to pay more for parking for a vehicle. Lastly, again I was told nothing could be done to help us until after we got home and filed a claim. This is how they take care of First-Class Customers and let’s just say no customer should be treated this way. Did I mention all we were offered on the ride home was a glass of water. They stated due to turbulence that’s all they could accommodate us all with a tiny bag of pretzels and some customers didn’t even get this. I will say, to be fair, the turbulence was pretty bad but why not hand out the pretzels as we walk on the plane like they do hand sanitizer wipes.",united-airlines,no,1.0,fargo_to_denver,2024-09-23,september_2024,Trip Verified,Mendeley/Skytrax Airline Review Data.xlsx,"Manually checked from strict 390-candidate extraction from the 64,740-row Skytrax airline review dataset.",186,review_before_keep,physical violence or assault/fight language; staff/passenger conflict with aggression/abuse context,routine_security_check,"""wouldn’t even offer us to use their club""",couple_leisure,first_class
REAL-VA-185,yes,violent_aggressive,high,"explicit threat in airline/security/staff context; police/security conflict, intervention, detention, removal, or threat context",assistant_manual_check_completed,9,2,direct_threat; police_security_conflict,We had a connection in New York. They let first people to take three bags and they told us we have to check in our carry ons. They were absolutely rude and not professional. They threatened us with police. We had computers and learning books for our medical conference in Geneva. This is absurd This is the first and last time we flying United.,united-airlines,no,1.0,boston_to_new_york,2024-07-21,july_2024,Not Verified,Mendeley/Skytrax Airline Review Data.xlsx,"Manually checked from strict 390-candidate extraction from the 64,740-row Skytrax airline review dataset.",187,review_before_keep,direct threat/threatening language; police/security conflict or intervention context,,"""told us we have to check in our carry ons""",couple_leisure,economy_class
REAL-VA-186,yes,violent_aggressive,high,"explicit threat in airline/security/staff context; police/security conflict, intervention, detention, removal, or threat context",assistant_manual_check_completed,9,2,direct_threat; police_security_conflict,"There is an additional charge for every little thing to include carry on. There is also an additional charge for seating regardless of your child's age. When I asked about sitting next to my sons she replied, ""we dont move seats with your type of ticket."" Like I'm some kind of 3rd class citizen. Customer service is absolutely horrible. They lost my luggage tag, threatened to call the police, required my kids and I to leaving the boarding area, go back through security, which made us minutes from missing our flight. I was told that ""if we missed the flight it would be my problem"" even though they were the ones who lost the tag. I had my copy of the tag. We fly 6 or 7 times per year and typically I'll look for a reasonably priced ticket. From now on, I'll pay extra to fly on AA or Delta. Never again with United. Be warned!",united-airlines,no,1.0,tulsa_to_baltimore,2023-01-23,january_2023,Trip Verified,Mendeley/Skytrax Airline Review Data.xlsx,"Manually checked from strict 390-candidate extraction from the 64,740-row Skytrax airline review dataset.",188,review_before_keep,direct threat/threatening language; police/security conflict or intervention context,routine_security_check,"""Customer service is absolutely horrible""",family_leisure,economy_class
REAL-VA-187,yes,violent_aggressive,high,reported physical confrontation or violence-related act,assistant_manual_check_completed,9,2,physical_violence; staff_passenger_conflict,"I was traveling with my 84 year old mother. I was asked to exit the plane without being able to let my mother know. I was then downgraded to premium economy. I was not allowed to tell my mother where I was because they would not let me go back into business class. My mother was in a panic because she could not find me. Since I was downgraded at the last minute, the plane was about to take off. Finally a fight attendant figured out what happen and told my mother. She was still very upset throughout the flight. I understand that downgrades happen, but the way it was handled was horrible. To top it off I was only offered a worthless coupon to be compensated for the difference in seat price.",united-airlines,no,1.0,charleston_to__athens_via_washington,2022-10-04,september_2022,Trip Verified,Mendeley/Skytrax Airline Review Data.xlsx,"Manually checked from strict 390-candidate extraction from the 64,740-row Skytrax airline review dataset.",189,review_before_keep,physical violence or assault/fight language; staff/passenger conflict with aggression/abuse context,,"""downgraded to premium economy""",family_leisure,premium_economy
REAL-VA-188,yes,violent_aggressive,high,explicit threat in airline/security/staff context,assistant_manual_check_completed,9,2,direct_threat; staff_passenger_conflict,"My brother in law was wrongfully accused of recording a flight attendant with his device and threatened that it’s a federal offense. My brother in law respectfully said no and the flight attendant with her manger proceeded to look at the footage on his device to make sure there wasn’t a recording. There was no recording of the flight attendant on his device because he was recording himself and his breakfast. The flight attendant didn’t even apologize after not seeing any footage. She had the nerve to say we didn’t see the whole recording so my brother in law had to show more footage. The audacity of the flight attendant to just accuse someone is beyond me. I was so irritated by the encounter that I approached the flight attendant and in flight manager about the situation to find out what kind of nonsense is this. After I complained to the inflight manager another passenger in first class complained to me and said that same flight attendant was so rude. No one pays first class for an international flight to be treated this way. To say I’m disappointed in the customer service and the experience on today’s United airlines flight is an understatement. Flight attendants must do better because as a former registered nurse that’s not how you treat people.  It’s so sad that those in customer service industry sometimes forget that one day you can be on the receiving end of the same nasty attitude you give to other people. The flight attendant needs to be put on leave or a performance improvement plan to get a reality check. Check your attitude and nasty antics at the door, take a break or retire. But that behavior is unacceptable. No one should be subjected to such unprofessionalism.",united-airlines,no,1.0,accra_to_washongton,2022-08-10,august_2022,Trip Verified,Mendeley/Skytrax Airline Review Data.xlsx,"Manually checked from strict 390-candidate extraction from the 64,740-row Skytrax airline review dataset.",190,review_before_keep,direct threat/threatening language; staff/passenger conflict with aggression/abuse context,,"""such unprofessionalism""",family_leisure,first_class
REAL-VA-189,yes,violent_aggressive,high,reported physical confrontation or violence-related act,assistant_manual_check_completed,9,2,physical_violence; staff_passenger_conflict,"I arrive at the counter and instead of the employee behind the counter processing my check-in, I process my check-in. The whole thing. I'm the one paying, but I'm the one doing the work. This was even more-so on the way back at DEN. I'm on the aircraft sitting in my tiny first-class seat. The pilot comes over the intercom and announces that because it is snowing at the United hub in Denver,(who'd of guessed Denver would do that?), some of our bags would not be going with us on this flight. Apparently, the airplane United uses to fly non-stop from JAX to DEN, (Embraer something-something), cannot carry the baggage that United promised to carry when they advertised non-stop service from JAX to DEN when it is snowing in DEN. Where United has a hub. They sell tickets for non-stop service from JAX to DEN, but they can't carry the baggage. So, whose bags do you think they select for non-service on this flight? If you guessed first class passengers who bought their tickets with money, you guessed correctly!  In thanks for buying the most expensive ticket on the plane, United rewards you with leaving your bag in Jacksonville! Who wouldn't want to fly United again after that? Then, during the flight from JAX to DEN (sans luggage), they serve what we shall call for lack of alternative terminology, ""breakfast."" It is, and I quote the first-class flight attendant as she described it to the passenger seated in front of me, ""shelf-stable cheese product.""  I'm not sure, because, while first-class (did I mention this comedy takes place entirely in first-class?) flight attendant offered this shelf-stable cheese product breakfast to all of my first-class companion passengers, she never actually offered it, or anything else, to me. I was ignored throughout the flight. But I did get to listen to the gossip between the economy class flight attendant and the first-class flight attendant for about an hour and half of the flight, covering topics from dating experiences to career aspirations or lack thereof. So, I land in Denver, intending to head into the mountains, without the contents of the suitcase I assumed (first-class ticket, non-stop flight to the airline's hub airport) would have arrived with me on my flight. Examples of missing items: boots, crampons, poles, ski jacket, underwear, so on and so forth. The check-in at Denver for the flight back was even worse, but the fight itself much better. No complaints with the DEN to JAX crew on the plane. But the JAX to DEN crew were depressingly lame. When I was younger, I used to travel on Greyhound and Trailways bus lines. I do not exaggerate to state that I have had better experiences there than in United first class (at least they never left my bag behind). The management don't know what they're doing. It's a disaster.",united-airlines,no,1.0,jacksonville_to_denver,2020-02-16,february_2020,Trip Verified,Mendeley/Skytrax Airline Review Data.xlsx,"Manually checked from strict 390-candidate extraction from the 64,740-row Skytrax airline review dataset.",191,review_before_keep,physical violence or assault/fight language; staff/passenger conflict with aggression/abuse context,,"""don't know what they're doing""",solo_leisure,first_class
REAL-VA-190,yes,violent_aggressive,high,explicit threat in airline/security/staff context,assistant_manual_check_completed,9,2,direct_threat; staff_passenger_conflict,"The staff forced me to check my carry-on suitcase at the boarding gate. My suitcase is 500 dollars and united broke it last time. When I told them I don't want to check the suitcase because they asked me to check my suitcase at the boarding gate last time and they broke it, the staff threatened me if I don't check my suitcase they have the right to not let me aboard. They said there is no space for my suitcase, but after I am aboard, the rack above my seat was empty. They did not clean the seat at all and there was napkin with gum in it on my seat.",united-airlines,no,1.0,denver_to_boston,2019-12-05,december_2019,Trip Verified,Mendeley/Skytrax Airline Review Data.xlsx,"Manually checked from strict 390-candidate extraction from the 64,740-row Skytrax airline review dataset.",192,review_before_keep,direct threat/threatening language; staff/passenger conflict with aggression/abuse context,,"""forced me to check my carry-on""",couple_leisure,economy_class
REAL-VA-191,yes,violent_aggressive,high,"explicit threat in airline/security/staff context; police/security conflict, intervention, detention, removal, or threat context",assistant_manual_check_completed,9,2,direct_threat; police_security_conflict,"I think the cherry on the top the ice cream that was my flight with United was when the baggage worker at the Newark United check-in threatened to call the police when my wife used a bad word in her complaint about how incredibly rude and universally unhelpful the united staff, in general, was being. To be clear, my wife wasn't cussing out anyone. She wasn't directing an insult at anyone. She wasn't being loud. She wasn't being obscene. She complained about really bad customer service, and used a bad word as a verbal intensifier. So we were threatened with arrest.",united-airlines,no,1.0,newark_to_frankfurt,2019-09-01,august_2019,Trip Verified,Mendeley/Skytrax Airline Review Data.xlsx,"Manually checked from strict 390-candidate extraction from the 64,740-row Skytrax airline review dataset.",193,review_before_keep,direct threat/threatening language; police/security conflict or intervention context,,"""threatened with arrest""",solo_leisure,economy_class
REAL-VA-192,yes,violent_aggressive,high,explicit threat in airline/security/staff context,assistant_manual_check_completed,9,2,direct_threat; staff_passenger_conflict,The first leg was from Los Angeles to Washington and United refused to allow me to check in two baggage unless I pay $100 for each baggage. After showing the ticket and the routing which clearly shows that I am allowed 2 Piece of luggage the supervisor at LAX threatened me with not allowing me to board unless I pay the extra money for the second luggage. The customer service in United Airlines is even worst and refused my refund even after providing the ticket evidence.,united-airlines,no,3.0,los_angeles_to_washington,2019-07-20,june_2019,Trip Verified,Mendeley/Skytrax Airline Review Data.xlsx,"Manually checked from strict 390-candidate extraction from the 64,740-row Skytrax airline review dataset.",194,review_before_keep,direct threat/threatening language; staff/passenger conflict with aggression/abuse context,,"""extra money for second luggage""",family_leisure,economy_class
REAL-VA-193,yes,violent_aggressive,high,reported physical confrontation or violence-related act,assistant_manual_check_completed,9,2,physical_violence; staff_passenger_conflict,"This caused an hour delay for the flight from Austin to the connecting flight out of Houston. They knew this flight was delayed and why it was delayed. When we landed the other flight had started boarding, and so I ran 1.5 miles to make it to my connecting flight. I ran up as they shut the doors. The ticketing agent knew that the flight was delayed and why it was and still they didn't hold the flight. They put me and twenty others on standby with full flights. They could of just held the plan for 10 minutes and there would of been no issues. No wonder they only got two stars out of five. I give them zero out of five because it wouldn't have been too hard to hold for 10 minutes. On top of that the standby flight we had to wait fifteen minutes for a crew member. I still didn't get on that fight. Stuck in Houston on standby, and I was told I was first on standby but the list has me as fourth, liars!",united-airlines,no,1.0,austin_to_albuquerque,2019-06-19,june_2019,Not Verified,Mendeley/Skytrax Airline Review Data.xlsx,"Manually checked from strict 390-candidate extraction from the 64,740-row Skytrax airline review dataset.",195,review_before_keep,physical violence or assault/fight language; staff/passenger conflict with aggression/abuse context,,"""Stuck in Houston on standby""",solo_leisure,economy_class
REAL-VA-194,yes,violent_aggressive,high,explicit threat in airline/security/staff context,assistant_manual_check_completed,9,2,direct_threat; staff_passenger_conflict,"The gate operations and boarding went fine in Boise, and we departed on time. The problem started in San Francisco (SFO). When arriving in SFO, the pilot came on the intercom, alerting us to a computer problem ""Only effecting Skywest flights"" and that the plane couldn't, leave the gate since without the computer they couldn't do anything, but don't worry we would have it all cleared up in 20 minutes. 1 hour and 40 minutes later, they started to taxi around the tarmac in an effort to look like we were getting somewhere. At 2 hours we did finally get into the gate. We were told that most outbound flights were delayed so, Hurry and get to your gate and you can probably still get your connection. I rushed, I made it onto the plane. After about 20 minutes I noticed that we were not moving. Within a few minutes the flight crew arrives. The pilot announces that since they had been stuck on the Tarmac just like the rest of us, that they were about to ""Time Out:"" and that they were waiting for another flight crew to come aboard so that they could take over in Fresno. A few minutes later they announce that ""The Flight crew has arrived and they are waiting on the Jetway for paperwork."" Another hour passes, and still no flight crew. At exactly 2 hours after closing the plane they open it again, this time to announce that since they don't have seats for the new flight crew (There was 2 Deadhead crew already on the plane) that they would have to trade out the flight crew now. (Why it took them 2 hours to make this decision I don't know) At this time a New Voice comes over the intercom announcing that ""If You are going to get off Plane do so Now."" No explanation just a threatening voice, with no offer to re-book on another plane. Around 15 minutes later the captain (1st Crew) walks back into the cabin to explain what was going on and says that the new crew would be on the plane in a few minutes. Around 20 minutes later the new crew does arrive, and the Captain announces that as soon as they completed the inspection, and they had completed paper work we would be leaving, ""It should be about 20 minutes"". We all had a good laugh. I have never heard passengers catcall the pilot before. Well after another hour (The flight is now 4.5 hours late in departure) they push us back from the gate and start the plane. We eventually take off and arrive in Fresno 5 hours late.",united-airlines,no,1.0,boise_to_fresno_via_san_francisco,2018-08-04,july_2018,Trip Verified,Mendeley/Skytrax Airline Review Data.xlsx,"Manually checked from strict 390-candidate extraction from the 64,740-row Skytrax airline review dataset.",196,review_before_keep,direct threat/threatening language; staff/passenger conflict with aggression/abuse context,,"""arrive in Fresno 5 hours late""",business,economy_class
REAL-VA-195,yes,violent_aggressive,high,explicit threat in airline/security/staff context,assistant_manual_check_completed,9,2,direct_threat; staff_passenger_conflict,"The worst experience with an airline I’ve ever had. They do not allow disabled people to board first, nor if you have a child over 2. The seats have arm holders that do not lift up so with a small child who is scared or a person who is larger and needs more space, it’s not an option. You have to pay for carry-ons and pay to pick your seat, in addition to your ticket. So awful. One agent even threatened to refuse a woman on the plan for the size of her purse. As a disabled woman traveling with a child, I’m extremely dissatisfied. There were several great agents before we got to our gate which is the only reason this rating is not 0.",united-airlines,no,1.0,newark_to_tampa,2018-07-22,july_2018,Trip Verified,Mendeley/Skytrax Airline Review Data.xlsx,"Manually checked from strict 390-candidate extraction from the 64,740-row Skytrax airline review dataset.",197,review_before_keep,direct threat/threatening language; staff/passenger conflict with aggression/abuse context,,"""I’m extremely dissatisfied""",family_leisure,economy_class
REAL-VA-196,yes,violent_aggressive,high,reported physical confrontation or violence-related act,assistant_manual_check_completed,9,2,physical_violence; staff_passenger_conflict,The worst of any service that I have encounter. They were late for my first flight which result that I could not get on my second flight to Hong Kong. I got my travel agent go online and there are flights available but the site agent will not honor. The first agent is ignorant and the second agent is trying to verbally fight with me. I'm paying for this ticket but treated badly. I should have know when I chose this United Airlines; this name is not fitted for them.,united-airlines,no,2.0,raleigh_durham_to_new_york,2018-01-26,january_2018,Trip Verified,Mendeley/Skytrax Airline Review Data.xlsx,"Manually checked from strict 390-candidate extraction from the 64,740-row Skytrax airline review dataset.",199,review_before_keep,physical violence or assault/fight language; staff/passenger conflict with aggression/abuse context,,"""The worst of any service""",business,economy_class
REAL-VA-197,yes,violent_aggressive,high,reported physical confrontation or violence-related act,assistant_manual_check_completed,9,2,physical_violence; staff_passenger_conflict,"Although Cathay is partner airline, could not reserve seats or obtain boarding pass in Jakarta. Arrived Tokyo and had to wait for two and one/half hours for United Rep. Only then could I proceed to upstairs eating establishments. Flight from Hong Kong to Washington was torture since gentleman next to me in aisle seat had light on all night. The light shined directly in side of my face. Food was tasteless, staff were polite throughout fight. Have been United frequent flyer for years and often fly from IAD to Far East. With recent changes in United's frequent flyer rules and United's relentless efforts to reduce costs at expense of quality, I am searching other airlines.",united-airlines,no,2.0,hkg_to_iad_via_ord,2015-12-24,december_2015,,Mendeley/Skytrax Airline Review Data.xlsx,"Manually checked from strict 390-candidate extraction from the 64,740-row Skytrax airline review dataset.",200,review_before_keep,physical violence or assault/fight language; staff/passenger conflict with aggression/abuse context,,"""searching other airlines""",couple_leisure,economy_class
REAL-VA-198,yes,violent_aggressive,high,explicit threat in airline/security/staff context; yelling/screaming/shouting in staff/passenger conflict,assistant_manual_check_completed,9,2,direct_threat; staff_passenger_conflict,"The boarding is similar to Southwest as you line up in group numbers. The problem is that we paid for an economy plus seat and still had to wait at the end to board. The flight crew was average but what upset me was that a poor woman with limited English asked the flight attendant for some water so she could take medication before take off. She was pointing at what she needed in the galley and the flight attendant screamed at her and threatened her with disembarkation. For a five hour Pacific crossing all we got was one drink service and food purchase which is unacceptable. After a four hour stopover we boarded again with the same procedure. Once we got on our way the flight attendants provided their usual sub standard service. However, as this was a single aisle aircraft some passengers needed to go the bathroom and with drink service going on the access to the bathroom was restricted. The flight attendants in first class made sure that the economy passengers stayed in their section.  All I can say is that flying domestically is more or less not worth it. Luckily, majority of my trip including two flights on Air New Zealand who treated their passengers with respect and were not afraid to offer complimentary food and drinks. It is sad that Continental Airlines got eaten up by United. As long as I can remember the service on United has been average and the nickname untidy is well earned.",united-airlines,no,1.0,hnl_to_atl_via_sfo,2015-07-01,june_2015,,Mendeley/Skytrax Airline Review Data.xlsx,"Manually checked from strict 390-candidate extraction from the 64,740-row Skytrax airline review dataset.",201,review_before_keep,direct threat/threatening language; staff/passenger conflict with aggression/abuse context,,United Airlines customer review,couple_leisure,economy_class
REAL-VA-199,yes,violent_aggressive,high,explicit threat in airline/security/staff context,assistant_manual_check_completed,9,2,direct_threat; staff_passenger_conflict,"On the last trip in June we found they have changed! They no longer provide even adequate service but don’t care for their customers in the least and will lie when they get caught in bad service. I have 150,000 miles and my wife has 124,000 miles Both Elite and MVP customers. But they treated us poorly, didn’t care that we fly first class or anything, I was actually threatened by a gate agent supervisor and her supervisor. Customer Service didn’t care less and just ignored us. They have changed for the worst.",alaska-airlines,no,1.0,dallas_fort-worth_to_kodiak,2023-07-01,june_2023,Not Verified,Mendeley/Skytrax Airline Review Data.xlsx,"Manually checked from strict 390-candidate extraction from the 64,740-row Skytrax airline review dataset.",202,review_before_keep,direct threat/threatening language; staff/passenger conflict with aggression/abuse context,,"""They have changed for the worst""",couple_leisure,first_class
REAL-VA-200,yes,violent_aggressive,high,reported physical confrontation or violence-related act,assistant_manual_check_completed,9,2,physical_violence; staff_passenger_conflict,"Was told by an American Airlines representative that everything would be sorted, like our flight to Kona the next day and our over night stay in Tacoma. But when I approached someone at the American Airlines desk they wanted nothing to do with it. They said it was an Alaska Airlines problem because it was an Alaska Airlines we had missed. Which I disagree with as it was an American Airlines delayed flight that caused us to miss our connecting flight to Kona. So I then went to Alaska Airlines desk, they couldn't have been more helpful. They booked our flights to Kona the next day, booked a night at the Comfort Inn and gave us food vouchers with no cost to us. I would highly recommend Alaska Airlines to fly with as I still don't think it was there problem to look after us like they did. We had a great fight to Kona the next day, friendly cheerful cabin crew, clean air craft. I hope to fly with you in future and a big thank you to all at Alaska Airlines from Steven and Jacqueline from Scotland.",alaska-airlines,yes,10.0,tacoma_to_kona,2023-05-03,may_2023,Not Verified,Mendeley/Skytrax Airline Review Data.xlsx,"Manually checked from strict 390-candidate extraction from the 64,740-row Skytrax airline review dataset.",203,review_before_keep,physical violence or assault/fight language; staff/passenger conflict with aggression/abuse context,,"""big thank you to all at Alaska Airlines""",couple_leisure,economy_class
REAL-VA-201,yes,violent_aggressive,high,reported physical confrontation or violence-related act,assistant_manual_check_completed,9,2,physical_violence; staff_passenger_conflict,"Instead of paying a crew member enough to complete the fight, they cancelled a flight with 200+ passengers. Checked other airlines, only airline to cancel flights that day.",alaska-airlines,no,1.0,,2022-04-23,april_2022,Not Verified,Mendeley/Skytrax Airline Review Data.xlsx,"Manually checked from strict 390-candidate extraction from the 64,740-row Skytrax airline review dataset.",204,review_before_keep,physical violence or assault/fight language; staff/passenger conflict with aggression/abuse context,,"""cancel the flight due to flight crew shortage""",business,economy_class
REAL-VA-202,yes,violent_aggressive,high,reported physical confrontation or violence-related act; yelling/screaming/shouting in staff/passenger conflict,assistant_manual_check_completed,9,2,physical_violence; staff_passenger_conflict,"KHI-DXB, check in was friendly, flight was on time, clean plane, food was outstanding for a flight not even 2 hours long, crew was very friendly and attentive. Blankets and extra pillow were given. Landed in Dubai, went to the Dubai connect desk as it says on their website that if you have more than 10 hours layover, Emirates will provide you accommodation, at the desk, the guy was rude and straight up said Karachi office should have booked you earlier (Karachi office is the one that told me to contact Emirates at Dubai as they have no authority to book anything with Dubai Connect) and I was also told that even a prior booking was made, it would have been cancelled because accommodation is only available for passengers who bought tickets worth more than $1000 USD. Then I went back to the connection desk, explained the whole situation all over again, guy at the desk started blaming me that I am the one who chose to have a longer layover so it's not Emirates problem, he kept ignoring that key information that ""Emirates is the one who cancelled the flight from KHI to DXB, not me"". I have to admit, I became a Karen when he told me Emirates can't offer you anything, no compensation no food, nothing for a 15 hours layover. I refused to listen to him any further and demanded to see a manager right away, he ran back and got the manager at the desk, manager was extremely polite and apologetic, instructed to hand me over 2 meal vouchers immediately (previously I was told Emirates do not have any meal voucher offers etc, so that was the lie). So guys, if you want to be treated fairly by Emirates, you gotta fight hard. DXB to CDG, flight was on-time, full. Crew was very attentive, plane was spotless, food was disgusting. They served feta cheese sandwiches, they were absolutely inedible and were freezing cold as well that it hurts you teeth. Then the lights were switch off so it was good sleep with enough legroom. Breakfast was served an hour before landing and main hot breakfast was inedible as well, fruit portion was fresh but the bread roll was so cold that I couldn't slice or bite it (should learn from Turkish, they serve soft warm rolls). I have also noticed many people didn't eat the hot portion of the breakfast. I have to give a shout-out to one particular crew member, she handled the situation very well when she was yelled at by a grumpy middle age man when she asked him, if he would like to have a breakfast, he started yelling at her that ""no, I'm sleeping, can you see, stop yelling into my ears"". Honestly I wanted to intervene but there was no need to as she handled it quite well but I can tell, he kinda ruined her day.",emirates,yes,6.0,karachi_to_paris_cdg,2022-05-05,may_2022,Trip Verified,Mendeley/Skytrax Airline Review Data.xlsx,"Manually checked from strict 390-candidate extraction from the 64,740-row Skytrax airline review dataset.",205,review_before_keep,physical violence or assault/fight language; staff/passenger conflict with aggression/abuse context,,"""if you want to be treated fairly by Emirates, you gotta fight hard""",solo_leisure,economy_class
REAL-VA-203,yes,violent_aggressive,high,explicit threat in airline/security/staff context,assistant_manual_check_completed,9,2,direct_threat; staff_passenger_conflict,"Inconsistent service is rampant on Emirates - both onboard and on ground! The check in agent in Delhi was polite and offered us to give up seats for an overbooked flight which we denied. The check in agent at Dubai was downright pathetic and rude; no smiles and even threatened us with charges for extra weight in hand carry later prior to boarding (none of that happened). This impolite behaviour is meted out to passengers with status, surprisingly. Boarding at both airports was smooth and by zones. The aircraft sent to Delhi vary in terms of seating and screens - one of them more comfortable than the other. Food and IFE is still great. Cabin crew lacked smiles and warmth from Delhi to Dubai and the other way, they could not do enough - each of them full flights! Emirates needs to pull up their pants on their soft product - no matter how long the turnaround flights are!",emirates,yes,7.0,delhi_to_dubai,2017-10-15,october_2017,Verified Review,Mendeley/Skytrax Airline Review Data.xlsx,"Manually checked from strict 390-candidate extraction from the 64,740-row Skytrax airline review dataset.",206,review_before_keep,direct threat/threatening language; staff/passenger conflict with aggression/abuse context,,"""Inconsistent service is rampant""",business,economy_class
REAL-VA-204,yes,violent_aggressive,high,reported physical confrontation or violence-related act,assistant_manual_check_completed,9,2,physical_violence; staff_passenger_conflict,Our flight cancelled on my birthday 26th August. Our schedule landing in London was same day and booked my party with friends and family. I couldn't update my many friends about the situation. Took another flight next day which was delayed more than two hours in Maldives. Staff denied to enter in Dubai on our schedule fight stating they don't have seat available and overbooked despite we were holding boarding pass. After raise complaint to duty manager he adjusted on same flight which was also delayed for two hours. Till today 29th August 18.15 pm UK time we haven't received our two luggages. After several message and call nobody response. What a mess - I will never use again.,emirates,no,7.0,mle_to_lhr_via_dxb,2016-08-30,august_2016,Verified Review,Mendeley/Skytrax Airline Review Data.xlsx,"Manually checked from strict 390-candidate extraction from the 64,740-row Skytrax airline review dataset.",207,review_before_keep,physical violence or assault/fight language; staff/passenger conflict with aggression/abuse context,,"""I will never use again""",family_leisure,economy_class
REAL-VA-205,yes,violent_aggressive,high,reported physical confrontation or violence-related act,assistant_manual_check_completed,9,2,physical_violence; staff_passenger_conflict,"The flight from Delhi took off 30 mins late and then circled Dubai before landing in a remote corner of the airport. We rushed and reached our boarding gate (20 mins before departure) just as the last of the economy passengers were boarding. We were denied boarding on the pretext that we were late at the gate - never mind that there was no one to receive us at the terminal, Emirates flight from Delhi was late and that last few passengers were still boarding right in front of us. Staff at the gate were rude, turned us away and asked us to get our re-routing from the Emirates customer service. With 2 kids who were sleepy and exhausted, we made our way to a long queue at the customer service counter. They routed us to Accra via Abuja and on my husbands persistent query assured us that Abuja had transit facilities. The situation in Abuja was far from this - no transit, we were made to collect our bags by paying for passenger trolleys, re-check in at Arik Air and fight customs / immigration who insisted on stamping our passports. The Arik Air flight was delayed, there was no business class lounge at the airport and the flight itself was a small propeller aircraft. We were happy to reach Accra in one piece after the harrowing experience. On registering a complaint with Emirates we were advised that they would investigate and needed 30 days - at the end of this period they came back with no admittance of guilt but offered us 15,000 frequent flyer points each which to date they have not credited to my children's account. Contrast this with our recent experience on Eithopian where we were transported from the tarmac when they were late on a flight from ACC to NBO and even connected our bags. Did not expect Emirates to treat business class passengers in this manner. They clearly are now such a big airline that they could not be bothered by these exceptions - imagine how they treat non-gold, economy class travelers - am glad to see other airlines now catching up with them.",emirates,no,3.0,del_to_acc_via_dxb,2016-02-29,august_2015,,Mendeley/Skytrax Airline Review Data.xlsx,"Manually checked from strict 390-candidate extraction from the 64,740-row Skytrax airline review dataset.",208,review_before_keep,physical violence or assault/fight language; staff/passenger conflict with aggression/abuse context,,"""could not be bothered""",family_leisure,business_class
REAL-VA-206,yes,violent_aggressive,high,reported physical confrontation or violence-related act,assistant_manual_check_completed,9,2,physical_violence; staff_passenger_conflict,"The flight was delayed on the way in, and the staff on the ground could have handled that better. But the fight, crew and facilities etc, I cannot fault in any shape way or form.",emirates,yes,8.0,mel_to_akl,2015-10-15,october_2015,,Mendeley/Skytrax Airline Review Data.xlsx,"Manually checked from strict 390-candidate extraction from the 64,740-row Skytrax airline review dataset.",209,review_before_keep,physical violence or assault/fight language; staff/passenger conflict with aggression/abuse context,,"""I cannot fault""",solo_leisure,economy_class
REAL-VA-207,yes,violent_aggressive,high,explicit threat in airline/security/staff context,assistant_manual_check_completed,9,2,direct_threat; staff_passenger_conflict,"They claimed the suitcase is bigger than what they allow. Staff were extremely rude and threatened that we have to pay $250. They assured us that the suitcase will arrive at the destination in Amman. After several hours of waiting to claim the luggage, the carry on did not arrive! We left the airport and came back to search for it again without any luck. They could not even trace the carry on that they took and asked us to follow up with their office in Chicago because they think the suitcase stayed in the storage unit at the airport. We followed up the next day to see if the luggage arrived at the next flight and still nothing. Calling the airline number at O'hare airport is a joke!  We called over 20 times and nothing! Our luggage is still missing.  We have a lot of valuable stuff of holiday gifts and most importantly my mom's medication.",royal-jordanian-airlines,no,1.0,chicago_to_amman,2022-04-29,april_2022,Trip Verified,Mendeley/Skytrax Airline Review Data.xlsx,"Manually checked from strict 390-candidate extraction from the 64,740-row Skytrax airline review dataset.",210,review_before_keep,direct threat/threatening language; staff/passenger conflict with aggression/abuse context,,"""the carry on did not arrive""",family_leisure,economy_class
REAL-VA-208,yes,violent_aggressive,high,reported physical confrontation or violence-related act,assistant_manual_check_completed,9,2,physical_violence; staff_passenger_conflict,"Violence on aircraft during flight, aircraft was not in the greatest condition, seat was uncomfortable it would have been better if not for the fact that a big fight broke out during the flight and crew did not really deal with it properly. Would not be my first choice.",royal-jordanian-airlines,no,2.0,amman_to_new_york_jfk,2019-08-17,august_2019,Trip Verified,Mendeley/Skytrax Airline Review Data.xlsx,"Manually checked from strict 390-candidate extraction from the 64,740-row Skytrax airline review dataset.",211,review_before_keep,physical violence or assault/fight language; staff/passenger conflict with aggression/abuse context,,"""fight broke out during the flight""",solo_leisure,economy_class
REAL-VA-209,yes,violent_aggressive,high,reported physical confrontation or violence-related act,assistant_manual_check_completed,9,2,physical_violence; staff_passenger_conflict,"I flew from MSP to Chicago on American Airlines. The flight was on time and staff was great. My fight from Chicago to Amman, then Amman to Cairo is on Royal Jordanian Airlines. The flight from Chicago to Amman is scheduled to leave at 1:20 pm. I arrived to Chicago at 11:00 AM so I said that is a reasonable transit time. I went to the designated gate (M11) to find from people who are there that the flight is delayed to 3 pm, then 7 PM, then 8 pm although the moniters still say 1:20 pm. I did not get any communication from Royal Jordanian Airlines regarding the delay. I decided to go to their counter outside to understand what is going on and see if they can get me a hotel room or a voucher to first class lounge since the delay is so long. There was no apology from the agent and she was frustrated and overwhelmed. I addressed her with a very quite and calm tone. All she offered was $15 voucher for a meal. I asked to speak to a supervisor. He took about 15 minutes to come from his office (behind the counter). He did not offer any sympathy or apology for the inconvenience. He asked me if I am concerned about the amount they are offering. The manager / supervisor even lied to me saying that first class lounge is not taking any more people as they are full. I went by their door after my conversation with him and saw tens of people getting in. I have been flying from the US to Egypt for the past 20 years. This is my first time to fly Royal Jordanian and it will be the last. They will be wasting about 1 day out of my vacation as I will be missing my flight from Amman to Cairo and will have to wait for hours or possibly the second day. I just wanted to share my experience with Royal Jordanian Airlines as I felt that their staff lacked customer service.",royal-jordanian-airlines,no,2.0,chicago_to_amman,2018-12-23,december_2018,Trip Verified,Mendeley/Skytrax Airline Review Data.xlsx,"Manually checked from strict 390-candidate extraction from the 64,740-row Skytrax airline review dataset.",212,review_before_keep,physical violence or assault/fight language; staff/passenger conflict with aggression/abuse context,,"""staff lacked customer service""",solo_leisure,economy_class
REAL-VA-210,yes,violent_aggressive,high,reported physical confrontation or violence-related act; yelling/screaming/shouting in staff/passenger conflict,assistant_manual_check_completed,9,2,physical_violence; staff_passenger_conflict,"I booked a return flight to Dubai and last minute (literally the day before I returned) El Al changed my flight time from the evening to the middle of the day, which meant I was unable to complete my meetings and work as planned. There was no offer of an alternative flight, or compensation, and I was only aware of the time change due to spending hours trying to contact their customer service only to be cut off (while I was paying international charges) 6 times. I didn’t receive a text, email or call to let me know of this change. Once I boarded the plane it was clear something strange was going on, I was on the only woman on the flight, other than the staff. Travelling solo as a British person but an Israeli citizen I found the experience horrible and overwhelming. The plane had been booked out for a male company trip and I was one of very few passengers who weren’t part of the company. I sat squeezed behind a row of men who were far too large for their seats and was squashed, pushed and shoved the entire journey. When I asked if they could stop, I was ridiculed. The plane was obscenely loud as they all shouted across rows to one another while the staff did nothing to stop this, with no regard for the passengers outside of their organisation on the plane. The men were rude, offensive and the whole experience was traumatic. As someone who moved to Israel and travels multiple times a month, El Al should be the go-to airline but unfortunately it’s a total shambles. Don’t fly with them, it was a horrible experience and one I won’t be having ever again. I highly advise using any other airline to fly anywhere to or from Israel.",el-al-israel-airlines,no,1.0,dubai_to_tel_aviv,2022-03-28,march_2022,Not Verified,Mendeley/Skytrax Airline Review Data.xlsx,"Manually checked from strict 390-candidate extraction from the 64,740-row Skytrax airline review dataset.",213,review_before_keep,physical violence or assault/fight language; staff/passenger conflict with aggression/abuse context,,"""the whole experience was traumatic""",solo_leisure,economy_class
REAL-VA-211,yes,violent_aggressive,high,"explicit threat in airline/security/staff context; police/security conflict, intervention, detention, removal, or threat context",assistant_manual_check_completed,9,2,direct_threat; police_security_conflict,"Consequently, this review is primarily regarding Ground/Back Office Operations. It has taken the Airlines more than 2 months and multiple contacts and misdirection to inform me that I need to contact American Airlines to claim Frequent Flier miles, in spite my having specified my AA number on the reservation! There appears to be very little coordination between Etihad and Abu Dhabi Customs in terms of disallowed items et al and I was detained for carrying clearly labelled medications, threatened with imprisonment and fined. Needing my medication, I visited a medical institution in Abu Dhabi, and paid for a doctors's consultation and a prescription! My subsequent flight to JFK was delayed by a whole day but the way the Airline handled Hotel and transport for the delayed passengers can only be described as chaotic.",etihad-airways,no,2.0,bangalore_to_new_york_via_abu_dhabi,2023-11-04,august_2023,Trip Verified,Mendeley/Skytrax Airline Review Data.xlsx,"Manually checked from strict 390-candidate extraction from the 64,740-row Skytrax airline review dataset.",214,review_before_keep,direct threat/threatening language; police/security conflict or intervention context,,"""can only be described as chaotic""",business,business_class
REAL-VA-212,yes,violent_aggressive,high,explicit threat in airline/security/staff context,assistant_manual_check_completed,9,2,direct_threat; staff_passenger_conflict,"EY16, it was ok, however they had moved the check-in desks and we were ill-informed about it. Anyway, when it came to meal time, the meals we had were barely enough. They gave some snacks and then we landed in Abu Dhabi. What also concerned me was that there were only one set of stairs to offload the passengers from a Boeing 787-10. I guess that's really the airports experience. EY288, the worlds worst experience. So, when boarding, we went right to the back. Now, there was a problem. My seat was broken. Fully broken. They said it was nothing but contacted the technical crew ""Just for our satisfaction"". They replaced the seat, I snapped a few photos. Suddenly 3 cabin crew came up and said in a threatening tone ""delete the photos."" They said it was illegal for photos to have people's faces in. That was not clearly visible. The flight took off at 12am, 55mins late. They have cramped the already cramped seats!",etihad-airways,no,2.0,manchester_to_ahmedabad_via_abu_dhabi,2019-10-24,july_2019,Not Verified,Mendeley/Skytrax Airline Review Data.xlsx,"Manually checked from strict 390-candidate extraction from the 64,740-row Skytrax airline review dataset.",215,review_before_keep,direct threat/threatening language; staff/passenger conflict with aggression/abuse context,,"""meals were barely enough""",family_leisure,economy_class
REAL-VA-213,yes,violent_aggressive,high,reported physical confrontation or violence-related act,assistant_manual_check_completed,9,2,physical_violence; staff_passenger_conflict,"I didn't expect that the quality of service was downgraded into its lowest level. Food was just a the main course without salad and dessert, drinks was just water or soda, and their last serving of food was just a very cold, hard sandwich with a piece of cheese and offered a tea or coffee. I felt like a flew only in a low cost airline. No amenities at all. The only good thing that i experienced in this fight was the cabin crew. I guess this is my last time flying with this airline.",etihad-airways,no,2.0,abu_dhabi_to_manila,2019-06-10,june_2019,Not Verified,Mendeley/Skytrax Airline Review Data.xlsx,"Manually checked from strict 390-candidate extraction from the 64,740-row Skytrax airline review dataset.",216,review_before_keep,physical violence or assault/fight language; staff/passenger conflict with aggression/abuse context,,"""felt like a low cost airline""",solo_leisure,economy_class
REAL-VA-214,yes,violent_aggressive,high,reported physical confrontation or violence-related act,assistant_manual_check_completed,9,2,physical_violence; staff_passenger_conflict,"My experience on this flight was far from enjoyable. It was marred with a series of disappointing and underwhelming moments. For example, when the IFE was not working, the fight crew refused to assist me for almost 3 hours. Whenever I pressed the call bell, they would switch it off and ignore my request for help. As with the experience from other guests, I can attest that the crew spend more time chatting amongst themselves rather than serve passengers who've requested for assistance.",etihad-airways,no,1.0,melbourne_to_abu_dhabi,2019-04-17,february_2019,Trip Verified,Mendeley/Skytrax Airline Review Data.xlsx,"Manually checked from strict 390-candidate extraction from the 64,740-row Skytrax airline review dataset.",217,review_before_keep,physical violence or assault/fight language; staff/passenger conflict with aggression/abuse context,,"""disappointing and underwhelming""",solo_leisure,economy_class
REAL-VA-215,yes,violent_aggressive,high,explicit threat in airline/security/staff context; yelling/screaming/shouting in staff/passenger conflict,assistant_manual_check_completed,9,2,direct_threat; staff_passenger_conflict,"5 hour stopover in Abu Dhabi. The flight from London was delayed by 1 hour which is no big deal. During the flight as we approached Abu Dhabi, we ended up circling due to bad weather. On asking the flight staff, no one was able to advise what the next steps were. We eventually landed at Abu Dhabi and were advised to go to the Transfer Desk. They told us our plane was still there and to go to the gate. We go to the gate only to be told our seats had been given away and we had been offloaded. We questioned why and they were rude in their response and told us to go to the transfer desk. Someone 'helped' us by walking us to the transfer desk. All we wanted to know was when our next flight would be, which we only found out after queuing behind a 100 people and found out that it was in 7 hours. At no point was any rest place or accomodation advised or given and we had to argue in getting food vouchers rather than being offered them. We managed to see through the next 7 hours only to be confronted with more difficulty. We queued for our connecting flight only to be told we need to check in our hand carry. We insisted we were carrying medicine which we needed to keep, at which point the attendant shouted and threatened to deboard us from the plane if we didn't comply. After much stress managed to eventually get on to the flight. We arrived in MNL and waited for 2 hours in baggage only to find out 2 out of 3 of our checked in suitcases did not make it. As a result we were unable to give gifts and presents to our relatives for Christmas plus our clothes and personal effects were missing. On questioning where are luggage was, there was no explanation and we had to wait 24hrs before they could track our baggage. Etihad eventually got our luggage to us 3 days later although frustratingly no arrangement was made to drop it. They decided to call at 3am and demanded they drop it, irrespective of how inconvenient this was. We decided to rebook our return as the issues and delays stopped us from doing some important things. We called Etihad only to be told it would cost the price of 1 full priced ticket for us both. We explained our challenges on our outward trip but no attempt was made to assist us with our return flight. When we asked them to proceed on the back of the conversation the previous day they opened our ticket (essentially cancelling our original return ticket) they went on to explain it would actually cost the price of 2 tickets rather than 1 which they had previously advised. We argued that we would have only been happy to pay for the price discussed the day before and was not happy they had misinformed us. They left us no choice but to buy new tickets at full price due to an error on their part without considering the previous problems. A lot of this could have been avoided if they looked at helping their customers. Issues happen but under no circumstances should the customers be dealt with such blatant disregard. We have been lucky enough to have travelled with Emirates, Cathay Pacific, KLM, and Singapore whose customer service has been great and unfortunately Etihad do not deserve to be held anywhere near the same level as them. Their lack of professionalism and customer care left so much to be desired. Their follow up and lack of attempt to assist frustrated and tired customers also was shocking for such a high profile company. Avoid using them!",etihad-airways,no,1.0,london_to_manila_via_abu_dhabi,2018-02-08,december_2017,Trip Verified,Mendeley/Skytrax Airline Review Data.xlsx,"Manually checked from strict 390-candidate extraction from the 64,740-row Skytrax airline review dataset.",218,review_before_keep,direct threat/threatening language; staff/passenger conflict with aggression/abuse context,,"""lack of professionalism and customer care""",couple_leisure,economy_class
REAL-VA-216,yes,violent_aggressive,high,"explicit threat in airline/security/staff context; police/security conflict, intervention, detention, removal, or threat context",assistant_manual_check_completed,9,2,direct_threat; staff_passenger_conflict,"Very rude staff at check in counters, was threatened that I will be put on 'no fly list' just because our carry-on bag is an inch longer than the specified measurements. My finger was cut in the process of trying to fit it in the bin and was forced to apologize to the staff at the boarding gate or I will not be allowed to board after I checked in and passed thru security checks.",etihad-airways,no,1.0,dallas_ft_worth_to_hyderabad_via_abu_dhabi,2017-08-13,august_2017,Verified Review,Mendeley/Skytrax Airline Review Data.xlsx,"Manually checked from strict 390-candidate extraction from the 64,740-row Skytrax airline review dataset.",219,review_before_keep,direct threat/threatening language; staff/passenger conflict with aggression/abuse context,routine_security_check,"""Very rude staff""",family_leisure,economy_class
REAL-VA-217,yes,violent_aggressive,high,reported physical confrontation or violence-related act,assistant_manual_check_completed,9,2,physical_violence; staff_passenger_conflict,"I was in economy class but the service and experience I had was was just beyond my expectations. The Cabin crew where very kind and helpful at all times during the fight, food was so good and I was given proper cutlery not plastic. The best economy class I ever flew, please keep up the good work, I had ultimate satisfaction. Toilets were clean.  The seats arranged is the best so far and comfortable I could stretch my legs very well while seated the space between the rows is very big. So I managed to rest and sleep comfortably during my entire journey. See you soon on board again.",qatar-airways,yes,10.0,abu_dhabi_to_johannesburg_via_doha,2021-10-27,october_2021,Trip Verified,Mendeley/Skytrax Airline Review Data.xlsx,"Manually checked from strict 390-candidate extraction from the 64,740-row Skytrax airline review dataset.",220,review_before_keep,physical violence or assault/fight language; staff/passenger conflict with aggression/abuse context,,"""the best if not excellent""",solo_leisure,economy_class
REAL-VA-218,yes,violent_aggressive,high,reported physical confrontation or violence-related act; yelling/screaming/shouting in staff/passenger conflict,assistant_manual_check_completed,9,2,physical_violence; staff_passenger_conflict,"I will never fly Gulf Air again. Pity. Convenient service, very favourable price, on-board customer service always excellent. Total contrast to the ground staff. New Year’s Eve 2017/18. Diverted flight to DXB instead of BAH, then from DXB to BAH and then from BAH to KWI. Worst customer experience I and others who spoke with have ever had. GA turned a minor problem (fog, inevitable delays) into 24 hour nightmare - no doubt longer for some customers less lucky than me. At DXB for about 11 hours. No update issued the entire time. But that experience was mild compared to when we arrived at BAH. Staff totally unresponsive to and contemptuous of their customers, who had serious and legitimate needs, questions. Instead of trying to help, GA staff seemed to take pleasure in making customers’ waiting experience as painful and lengthy as possible. After I lined up for over 6 hours near Gate 13, some staff manning the cues suddenly walked off. Promised to return but never did. One senior GA staff member angrily yelled at the crowd that it was their fault that they were waiting so long because they could not cue in 1 line. He told remaining staff to leave. No reason given. Eventually no one left to serve the customers. Told to go to the transfer area to be served. Went from terrible to much worse. About 15 customer cues, area totally crowded. After 2 hours, some staff again just left, didn’t return. So some cues had no staff. So cues soon turned into an unruly mob pushing and shoving, all pleading to be served. Instead of putting on more staff, GA operated understaffed, but not overworked! All staff at all times were visibly very calm, very relaxed, working very slowly, and also amused to be observing the pleas of the distressed crowd. They thought it was all a joke. There were up to 6 -8 other staff just monitoring the crowds from the front with a contemptuous smile. They could have helped out the lines that had no staff member, but didn’t bother to. Totally ignrored customer requests for assistance. One desperate elderly customer showed me his chest bandages and asked me to hand his passport details to the staff member. He was too weak to fight the pushing crowd. I was by this stage close to being served. I shamefully didn’t help the old man. I was fearful that handing another person’s documents could get me in trouble with the staff & delay the time I would be served. As it happened, as soon as I was given my new boarding pass, I was instructed to go immediately to the gate as they were departing. No baggage ref. number given to me. 5 minutes later and I would have missed that flight & not know when able to get another. It was survival of the fittest at this stage. The above situation was one that the management and ground staff created. They treated their customers like animals. Like a large herd of cattle. People were in distress. Responses to customer requests (if at all) with mindless answers like ‘just wait’ & bored smirk. I thought that the lack of oxygen, water & endless standing could cause me to pass out. I hung on because the alternative was worse – not knowing when I would leave BAH. The experience was so ugly that I refuse to use them again for moral & practical reasons.  PS. don’t even have luggage back yet. Whether I get it back or not, so relieved to escape nightmare. Space limit precludes further details.",gulf-air,no,1.0,bangkok_to_kuwait_via_bahrain,2018-01-05,january_2018,Trip Verified,Mendeley/Skytrax Airline Review Data.xlsx,"Manually checked from strict 390-candidate extraction from the 64,740-row Skytrax airline review dataset.",221,review_before_keep,physical violence or assault/fight language; staff/passenger conflict with aggression/abuse context,,"""never fly Gulf Air again""",solo_leisure,economy_class
REAL-VA-219,yes,violent_aggressive,high,"explicit threat in airline/security/staff context; police/security conflict, intervention, detention, removal, or threat context",assistant_manual_check_completed,9,2,direct_threat; staff_passenger_conflict,"The worst travel experience of our life.  The outward got off to a bad start when we realised at Heathrow check in that our connecting flight In Bahrain for Dubai was impossible to make due to schedule changes - we had a real battle on our hands to get it changed by Gulf Air - they wanted us to sort it in Bahrain. So on leg 1, we had already lost 4 hours of our holiday. The staff were rude, plane was old and very dirty, particularly the toilets, absolutely vile. Bahrain airport is really third world. On our return journey,was even worse! Dubai Check in goes well. We wait in departure, we board and within 15 mins of being on board we are offloaded due to fog in Bahrain. We return to lounges and for the next 8 hours zero communication, terrible customer service in the first class lounge, we discover via the internet  that our flight is leaving at 7.10am. The board was never updated and apparently over 40 passengers were left behind in Dubai. We are told that our connection to London will depart at 10.10am. Arrive in Bahrain, with 90 mins to wait, and now things turn even worse. Our plane just doesn’t materialise. The staff are incredibly rude, arrogant and unhelpful. Passengers are so exhausted and frustrated, the atmosphere becomes militant and staff pull rank by threatening to call the police. In fact we were all diverted to a dead end desk area - which was just a ruse to make us feel something was happening. There was zero communication,a lot of disinterested shoulder shrugging. I can’t even be bothered to go into the exact lowdown on what transpired but eventually a plane arrives, and 3 hours later which in fact on top of Dubai delay is a grand total of 10.5 hour delay we take off.",gulf-air,no,1.0,dubai_to_london_via_bahrain,2018-01-01,december_2017,Trip Verified,Mendeley/Skytrax Airline Review Data.xlsx,"Manually checked from strict 390-candidate extraction from the 64,740-row Skytrax airline review dataset.",222,review_before_keep,direct threat/threatening language; staff/passenger conflict with aggression/abuse context,,"""worst travel experience""",family_leisure,economy_class
REAL-VA-220,yes,violent_aggressive,high,"police/security conflict, intervention, detention, removal, or threat context; yelling/screaming/shouting in staff/passenger conflict",assistant_manual_check_completed,8,2,police_security_conflict; staff_passenger_conflict,Late (1 hour). Food not good. Staff not helpful and not friendly. Not able to get boarding pass electronically so had to wait 90 minutes in line at Bangkok. Had to wait in line another 90 mins to pass through various levels of security in Beijing. Staff yelled with a scary voice to buckle up when there was only a small wind blow and stopped movies at least 20 times per hour for the same reasons (very annoying) in a 13 hours flight.,air-china,no,1.0,montreal_to_bangkok_via_beijing,2019-12-21,november_2019,Not Verified,Mendeley/Skytrax Airline Review Data.xlsx,"Manually checked from strict 390-candidate extraction from the 64,740-row Skytrax airline review dataset.",224,review_before_keep,police/security conflict or intervention context; staff/passenger conflict with aggression/abuse context,,"""Staff not helpful and friendly""",solo_leisure,economy_class
REAL-VA-221,yes,violent_aggressive,high,"explicit threat in airline/security/staff context; staff/passenger aggressive, abusive, harassing, humiliating, racist, or discriminatory conduct",assistant_manual_check_completed,8,2,direct_threat; aggressive_abusive,"I don't know where to start with our return flights from Sydney to Cairns. From start to finish it was abysmal and put a tarnish on what was an otherwise lovely holiday. I submitted my complaints onboard and via email/livechat after the flights. Jetstar has sent me templated emails that say nothing. Here is what I submitted to them: On the outbound flight from Sydney to Cairns there was a row of three individuals behind us who got so drunk they spilled wine all over themselves and their seats, were constantly shoving our chairs, and raising their voices throughout the flight. The attendants name was X who kept serving them alcohol despite their obvious inebriation. Passengers around them asked them to be quiet to which the group responded with mocking sarcasm. The crew did nothing to address the situation other than serve more alcohol and crack jokes with them. The baggage issue is more complex than just being charged extra for luggage. I'll try to break that down as it was a very unpleasant experience. X was the attendant: Our baggage wasn't weighed in Sydney on the outbound. If Jetstar is going to be militant with the weight (we were 1 kilo over) then it's only fair to weigh baggage on all flights because we would've had the chance to shed baggage with family dropping us at the airport in Sydney. We didn't have that chance in Cairns. As the flight was full we didn't get to weigh our bags in Cairns until the last second because many people were having their bags weighed. This gave us no time or opportunity to change our attire to remove a kilo of luggage which we could've easily done (thinking our bags wouldn't be a problem we wore lighter clothes on the return journey than we did on the outbound). This is Jetstar's responsibility to ensure there's adequate staff to weigh baggage before boarding and to provide time for passengers to decide what to do if they are over weight. Melinda was very aggressive in making us pay $75 and threatened that we would miss our flight if we didn't pay. I could see that the plane was fully boarded so had no chance to dispute the situation which was grossly unfair. This felt like a grubby money grab at the gate. I raised this issue onboard with the crew member who submitted this complaint. They informed me that they agreed with everything I said but said ""don't expect a refund"". They seemed more interested in submitting this complaint because the crew member was tired of dealing with the inconsistency across the Jetstar network when it came to monitoring carry on baggage. Lastly, when we did finally get on the plane, our seats and the floor under us was covered in broken potato chips. It was unpleasant to sit in for 3 hours. But at that point, I'd given up on Jetstar responding in a reasonable way to anything brought forward. I have worked in the travel industry for the last 20 years and have lived, worked, and travelled in over 70 countries. I have never seen such poor service from an airline and been treated with such disrespect. I've flown Sunwing, Ryanair, Wizz Air, and some very sketchy airlines in Asia and Africa. None of them ever hassled me for $75 at the gate for 1 kilo. That was a truly bizarre and absurd experience.",jetstar-airways,no,1.0,sydney_to_cairns,2024-05-28,may_2024,Trip Verified,Mendeley/Skytrax Airline Review Data.xlsx,"Manually checked from strict 390-candidate extraction from the 64,740-row Skytrax airline review dataset.",225,review_before_keep,direct threat/threatening language; aggressive or abusive language,,"""bizarre and absurd experience""",couple_leisure,economy_class
REAL-VA-222,yes,violent_aggressive,high,reported physical confrontation or violence-related act,assistant_manual_check_completed,8,2,aggressive_abusive; physical_violence,"Check in staff - ridiculously rude, power trip and on the offensive. Checked in as normal no issues, all pretty easy - then whilst walking to the gate remembered I had checked in my medication in my luggage - I had already gone through Passport control so I had to wait for a Jetstar staff to come get me. I am a nervous flyer and find it really uncomfortable unless I can take something to fly. (It is Dr prescribed medication). Was approached by a Jetstar lady, didn't even say hello, just looked at me and said ""what is the problem with a stern face"" ""another winging customer"" I said to her ""hello""she gave me nothing, any way she escorted me back through the gates, there was still 90 mins before the flight was to leave. I went to the Jetstar service desk, carrying my carry on and motorbike helmet. I walked up to a guy to explain my situation, before I could even finish he just started talking over the top of me and said - I cannot take my motorbike helmet on and the bag I am carrying is over 7 kilos. I stated to him, how do you know its over 7 kilos? I was not aggressive but he could tell I was upset. I stated to him can I please get my meds out of my bag so i can fly, he stated and by this time i was surrounded by about 5 Jetstar staff - that it may not be possible and i may have to miss the flight if i was to get it? I stated I cannot fly with out it  he said  regardless of that you cannot take that helmet on board. He grabbed my ticket and saw that i was business, he then stated that I could take it on board but told ground staff to weigh it! No apology no nothing - Absolute power trip this guy was on and horrendous culture for other staff to be surrounding me. I decided to fly with out my meds,  I was extremely nervous I spoke with the co pilot on the flight who was awesome, the cabin crew were great as usual - Jetstar ground staff are rude, arrogant and unhelpful. I fly back from Bangkok on the 5th of March, it will be interesting to see the check in process. Row 2 in business, when the person infront reclines there is more room in an Economy seat.",jetstar-airways,no,2.0,melbourne_to_bangkok,2019-03-01,february_2019,Trip Verified,Mendeley/Skytrax Airline Review Data.xlsx,"Manually checked from strict 390-candidate extraction from the 64,740-row Skytrax airline review dataset.",226,review_before_keep,aggressive or abusive language; physical violence or assault/fight language,,"""ground staff are rude""",business,business_class
REAL-VA-223,yes,violent_aggressive,high,explicit threat in airline/security/staff context,assistant_manual_check_completed,8,2,direct_threat; aggressive_abusive,"3 out of 4 ran late, 2 of them significantly late. I'm on the 4pm flight right now, it's 6.40pm and we just had an announcement of a further 20 min delay. We might be taking off soon. Tonight, I must admit, I was at the end of my tether, and I took them to task during boarding. They threatened to remove me from the flight and the girl was very aggressive about it. I gather this is their system for controlling unhappy customers and it worked. I had to back down quickly or risk being stranded far from home with a child. Disgusted and shaken. It's the 23/5 if you want to see your employee in action Jetstar. Or is this your system?",jetstar-airways,no,1.0,newcastle_to_gold_coast,2018-05-24,may_2018,Trip Verified,Mendeley/Skytrax Airline Review Data.xlsx,"Manually checked from strict 390-candidate extraction from the 64,740-row Skytrax airline review dataset.",227,review_before_keep,direct threat/threatening language; aggressive or abusive language,,"""Disgusted and shaken""",family_leisure,economy_class
REAL-VA-224,yes,violent_aggressive,high,"police/security conflict, intervention, detention, removal, or threat context; yelling/screaming/shouting in staff/passenger conflict",assistant_manual_check_completed,8,2,police_security_conflict; staff_passenger_conflict,55am. At about 10.30am we were told the flight would leave 2.5 hours late. (We didn't board until after 3pm). Many of us would miss connecting flights I was told that I would be informed about my new connection in Kuala Lumpur. We arrived just after 9pm we handed our boarding passes and were told to wait. After an hour we were given boarding passes for our next flights and were told we had to collect our baggage to go to a hotel. We waited for an hour with our luggage then went through immigration and customs and left the airport to wait for a bus to our hotel. After midnight some of us started to realise that the promised hotel rooms were non-existent and went inside to be in the air conditioning. (We hadn't had food or water served for about five hours by this time.) One staff member yelled at people who were reluctant to leave again to wait for the hotel bus and security were called when one passenger started to complain loudly. A group of passengers were taken to a hotel and returned to our group outside the airport after an hour because they couldn't get them rooms. AirAsia staff then left us. I for example waited 12 hours outside the airport with all my luggage; I had no Malaysian currency to buy food because I was only in transit. No one offered me a food or drink voucher and not one AirAsia staff member apologised. Apparently this level of service is acceptable. I would never book with them again as it's a false economy: you might save a few dollars upfront but if something goes wrong AirAsia takes no corporate responsibility and you are on your own.,airasia,no,1.0,,2015-04-06,,,Mendeley/Skytrax Airline Review Data.xlsx,"Manually checked from strict 390-candidate extraction from the 64,740-row Skytrax airline review dataset.",228,review_before_keep,police/security conflict or intervention context; staff/passenger conflict with aggression/abuse context,,AirAsia customer review,,economy_class
REAL-VA-225,yes,violent_aggressive,medium-high,"staff/passenger aggressive, abusive, harassing, humiliating, racist, or discriminatory conduct",assistant_manual_check_completed,8,2,aggressive_abusive; physical_violence,"With past experience, the airline was world renowned for its hospitality. This turn to the worst during my recent trip with the airlines. Check in with the airline was seamless thanks to the efficiency of the ground staff and security personnel. Once boarded, we were greeted with friendly smiles from the cabin crew as we walked to our seat. Once the plane started taxing to the runway, things changed. The crew somewhat became more hostile and there was a lot of confusion going on in the flight. The were aggressive in their tone and acted in a way that was way off from their marketing self proclaimed Malaysian Hospitality. For the confusion part, there was a son and mother seating at the opposite of us, and another lady which was assigned to the window seat. As the mother required a slightly bigger space, the on checked with the lady and the cabin crew before taxi if the lady would mind to shift seats. The lady agreed and guided by the cabin crew to another seat. Upon lift off, the lady was seen walking aimlessly throughout the aisle and she mentioned another cabin crew chased her back as the front seat is Premium Economy and she is not entitled to be there.  Another cabin crew then approached and raised her voice to ask her why is the lady shifting seats, and it took some time for the crew to understand that they messed up. During meals, the trays are pushed to you as thought they were waiting for ages for you to take the tray from them. The crew seems to not be bothered that it was a night flight as most passengers were sleeping, hence during service, there would take some time to adjust to the surrounding instead of abruptly asking what do they want to eat. Meal completion was  shocking as trays were just taken from the passengers hands as they handed to the crew one by one.  Flight entertainment on the other hand was far better than the one's they had on their Boeing. The screen is more responsive and clearer.",malaysia-airlines,no,4.0,kuala_lumpur_to_london,2022-12-02,november_2022,Trip Verified,Mendeley/Skytrax Airline Review Data.xlsx,"Manually checked from strict 390-candidate extraction from the 64,740-row Skytrax airline review dataset.",230,review_before_keep,aggressive or abusive language; physical violence or assault/fight language,,"""there was a lot of confusion""",couple_leisure,economy_class
REAL-VA-226,yes,violent_aggressive,high,explicit threat in airline/security/staff context,assistant_manual_check_completed,8,2,direct_threat; aggressive_abusive,"Worst flying experience ever. 6 hour delay on the ground with an absolutely miserable, unfriendly, unhelpful crew. Followed up by the ""surprise"" that we cant go Toronto to Hong Kong to Manila. After 6 hours stuck on the plane before being able to even take off, now I get to travel to Tokyo for no reason. Then Hong Kong, and if I'm lucky enough not to have any more surprises I will eventually land in manila after over 30 hours of air travel. After 6 hours of being stuck the crew tried to prevent me from using the bathroom! When I went, I was confronted in my seat by the head flight attendant who refused to give her name and tried to intimidate and threaten me into ""apologizing in front of everybody"" or she suggested they would declare me unruly and take further action! I refused and told them they should apologize to their customers! I never want to experience anything like this again. This is not a ""top tier airline"".",cathay-pacific-airways,no,1.0,toronto_to_manila_via_hong_kong,2019-02-26,february_2019,Trip Verified,Mendeley/Skytrax Airline Review Data.xlsx,"Manually checked from strict 390-candidate extraction from the 64,740-row Skytrax airline review dataset.",231,review_before_keep,direct threat/threatening language; aggressive or abusive language,,"""unfriendly, unhelpful crew""",solo_leisure,economy_class
REAL-VA-227,yes,violent_aggressive,high,"police/security conflict, intervention, detention, removal, or threat context; yelling/screaming/shouting in staff/passenger conflict",assistant_manual_check_completed,8,2,police_security_conflict; staff_passenger_conflict,"Total nightmare and they just did not care at all. Our seats were booked 3 months in advance as we had a small baby with us. When arriving at Orlando airport to return home the check in agent changed our seats to mid row and no bassinets. We noticed before going through security and returned to advise to get our seats that we had booked back. This turned into 2 hours of sheer hell with the staff (including airport manager) while my baby screamed the place down hungry, as we could not go through security until they had rectified the problem. The staff were rude and arrogant and refused to admit they had messed up and refused to change our seats back as they had seated someone else there who had no baby. Even though these seats are reserved for people with babies due to the bassinet availability. Eventually it was changed back after so much stress and hassle. On returning we complained and 3 times we got the answer yes it was our fault we are sorry but we can't give anything to say sorry for our behaviour. Eventually after another complaint they agreed to 3000 avios and £25 voucher. I won't be flying with British Airways again as they are so bad in customer relations and check in agents leave a lot to be desired.",british-airways,no,4.0,gatwick_to_orlando,2015-11-14,october_2015,,Mendeley/Skytrax Airline Review Data.xlsx,"Manually checked from strict 390-candidate extraction from the 64,740-row Skytrax airline review dataset.",233,review_before_keep,police/security conflict or intervention context; staff/passenger conflict with aggression/abuse context,routine_security_check,"""just did not care at all""",family_leisure,economy_class
REAL-VA-228,yes,violent_aggressive,high,"reported physical confrontation or violence-related act; staff/passenger aggressive, abusive, harassing, humiliating, racist, or discriminatory conduct",assistant_manual_check_completed,8,2,aggressive_abusive; physical_violence,"Seats 5a and 5b. We waited until after the food and drink service finished before reclining our seats. The people behind were kicking and pulling the seats for quite a lot of the way. About 40 mins before landing the man behind just pushed my wife's seat forward aggressively several times. We called the cabin crew, and the CSD came down to us. Despite the couple behind being quite drunk, and very aggressive, her way of dealing with the situation was to ask us to put our seats upright. We complied with her request and then had to put up with our seats being kicked and loud comments for the remainder of the flight.  This is the worst experience I have ever had on any airline, and it was compounded by the way it was dealt with. At no point did the CSD speak to them and ask them to calm down, nor did she ask them to stop disturbing us. It felt like we were being punished by the airline, and that the most aggressive passengers were being rewarded. If they were that drunk over three hours into the flight then it had to be due to drink sold onboard to  them, and this is unacceptable. I appreciate that the CSD did what they felt would easily diffuse the situation, and we complied with her request. However she should have made appropriate requests of the other passengers, and she did not. When we landed and had just left the runway, the drunk guy behind stood up in the aisle and proceeded to get his luggage down, we were on the taxiway, they just left him alone despite this being a safety issue. I received a form response from Aer Lngus, and I thought they would at least give us a complimentary drink on our return flight, but nothing. I have to give this the lowest possible rating as it was the worst flying experience in my life, including customer service.",aer-lingus,no,1.0,dub_to_fue,2017-01-04,january_2017,Verified Review,Mendeley/Skytrax Airline Review Data.xlsx,"Manually checked from strict 390-candidate extraction from the 64,740-row Skytrax airline review dataset.",234,review_before_keep,aggressive or abusive language; physical violence or assault/fight language,,"""the worst flying experience""",couple_leisure,economy_class
REAL-VA-229,yes,violent_aggressive,medium-high,"staff/passenger aggressive, abusive, harassing, humiliating, racist, or discriminatory conduct; yelling/screaming/shouting in staff/passenger conflict",assistant_manual_check_completed,8,2,aggressive_abusive; physical_violence,I would like to share my experience about my flight MIA-IST on Jan 31. I’ve had a sit at 26H. I was board in one of the first group. I’ve had a huge box with laptop. It can’t be stored in the overhead bin as there was no room for that. I placed it between my legs and the crew saw that and did nothing upon boarding but before take of the flight attendant asked me to place it under the seat in front of me or in the overhead bin. I told her I can’t do that as there is no room for that and ask to change my seat. They found a sit for me at 18G and I placed the box with laptop under the seat 18E. There was nobody and there was a plenty room for that. At this time another flight attendant showed up and start yelling to me if I’m not place it in the overhead bin and not follow the rules she kick me off the plane. She was rude and very aggressive. I’ve had a flight to Miami on Jan 29 and had a bag with dogs. It was stored the same way at 17E as the box with laptop and it was fine and nobody said nothing on my first flight. So why it was such a big deal if they do nothing on my first flight with the same issue?  I wanted to use the lavatory but the seatbelt sign was on so the crew informed me I have to stay in my seat but few minutes later I’ve seen a guy who get off his seat with mask off and this lady was standing next to him and said nothing.,turkish-airlines,no,1.0,miami_to_kyiv_via_istanbul,2021-02-03,january_2021,Trip Verified,Mendeley/Skytrax Airline Review Data.xlsx,"Manually checked from strict 390-candidate extraction from the 64,740-row Skytrax airline review dataset.",235,review_before_keep,aggressive or abusive language; physical violence or assault/fight language,,"""not the same anymore""",solo_leisure,economy_class
REAL-VA-230,yes,violent_aggressive,high,reported physical confrontation or violence-related act,assistant_manual_check_completed,8,2,harassment_discrimination; physical_violence,"Because I insisted, she got mad and canceled my flight without telling me. So when I go to check in with all of my family, I get the run around, I get ignored, and they had me all through the airport trying to get to this flight that I was never going to get on. Then they tell me that I missedthe flight because I arrived late. I learn later that I was not late, because my flight actually got delayed and I was actually early. But they did not tell me that because I was no longer on that flight(since she had cancelled me off that flight). So they make me think it's my fault that I missed my flight and in reality I miss the fight because she changed my flight. I sat and cried out of anger and humiliation and they did not care. That was their way of reprimanding me and I was never informed of what really happened. Inhumane treatment of fellow human beings.",american-airlines,no,1.0,madison_to_albuquerque_via_dallas,2022-11-07,november_2022,Trip Verified,Mendeley/Skytrax Airline Review Data.xlsx,"Manually checked from strict 390-candidate extraction from the 64,740-row Skytrax airline review dataset.",237,review_before_keep,"harassment, humiliation, racism, or discrimination language; physical violence or assault/fight language",,"""Inhumane treatment""",family_leisure,economy_class
REAL-VA-231,yes,violent_aggressive,high,explicit threat in airline/security/staff context,assistant_manual_check_completed,8,2,direct_threat; harassment_discrimination,"I never want to see another domestic carrier again. DFW/XNA this past Friday was one of the worst on record for me. A 42 minute flight was most deplorable. I have been tied to United, Delta, SW and even TWA, US AIR, Continental over the years until nearly all were absorbed by the Big 3. Now with AA exclusive since 1995. The perpetuated lies from pilots and maintenance personnel is just beyond the pale. It borders on harassment and being taken hostage. Yes the weather at DFW was sketchy on 10/28 but most every flight was moving in and out. I am OK with being delayed 2-3 hours if I am told the truth and updated, but 7 hours is horrid for passengers and AA staff. The lead FA and gate agent were on the verge of panic attacks because of the lies being told. The Captain just gets up and walks out without saying a word for he timed out on his duty hours. The FAs were furious he did this and they were calling their management over it. Secondly, How can a passenger expect they are being told the truth when you are told your aircraft "" has been taken out of service"" by maintenance only to reboard the same aircraft an hour later. I have my suspicions about that sequence of events but to long to go on in this forum. In the end the FAs saved us for they extended their duty hours to get us to XNA, otherwise we were screwed. Every passenger should be grateful to them as I was, even being 7 hours late. I read these comments about AA, it is shameful that a once premier domestic carrier and brand is now rated as a 2 star carrier. Its shameful that AA management does not care one ounce for their staff nor the passengers but only for the stock price of the shareholder. I don't begrudge that but I want reliable service week in and week out when I travel on business and not the ongoing maintenance and operational stupidity that happens almost weekly. The new loyalty program is joke and only rewards those committed to a CC not the AA brand. So when booking AA, roll the dice and take your chances. I would hate to stake my vacation, honeymoon or cruise based on their service level. I doubt you are much better off with SW, Jet Blue, Alaska or United. Maybe Delta is the best bet in todays environment but with their 15,000 pilots threatening strike action I doubt they can be depended on either. Good Luck out there because civil aviation is no longer civil.",american-airlines,no,2.0,dallas_ft_worth_to_northwest_arkansas,2022-11-01,october_2022,Trip Verified,Mendeley/Skytrax Airline Review Data.xlsx,"Manually checked from strict 390-candidate extraction from the 64,740-row Skytrax airline review dataset.",238,review_before_keep,"direct threat/threatening language; harassment, humiliation, racism, or discrimination language",,"""civil aviation is no longer civil""",business,economy_class
REAL-VA-232,yes,violent_aggressive,high,"reported physical confrontation or violence-related act; staff/passenger aggressive, abusive, harassing, humiliating, racist, or discriminatory conduct",assistant_manual_check_completed,8,2,aggressive_abusive; physical_violence,"Paid extra to have a direct flight home from Tampa to Phoenix. In February American took it upon themselves to not only delay our flight to Tampa but also add a layover in Dallas on the way home. Now I was obviously annoyed but chose not to complain at that time as it wasn’t a huge deal. Well cut to the layover as we are waiting to get on our flight home the weather in Dallas is beginning to rain and our flight gets delayed 3 times then cancelled entirely. We rebook one immediately for 3 hours later than our original flight, then that flight gets delayed 3 more times. All while tons of flights at the airport are being cancelled and the bad weather is scheduled for another 6 hours I expected that our rebooked flight would likely be cancelled as well and the customer service line already had at least over 300 people in it so we got in line to speak to someone regarding what the next step was if this flight got cancelled as well since that one was at 11pm and I didn’t plan to sleep at the airport. Meanwhile the airport employees are referring us to call the customer service line so I called them while we waited in line. Spoke to a staff member who was very polite and understanding but didn’t have a resolution for me so I held for over 2 hours to speak to her supervisor. After hours in the line we made it to the front and the lady was less than helpful and completely rude. Her resolution was that she could cancel the flight we had re-booked and rebook us at the earliest 9pm the following day with no accommodations because it was “weather related”. I again explained that we were not supposed to have this layover to begin with. Her resolution to that rather than admitting that that is poor customer service on Americans part was that I should have complained when it was changed. So me being nice and letting that slide was now my fault so you’re encouraging that I complain in advance next time? She then said I was being disrespectful and asked me what I wanted from her. I simply explained that I wanted accommodations if the rebooked flight was cancelled. She told me I would have to get back in line (the line that now has well over 800 people in it) when that flight was cancelled. I asked her to just place a note in my file that we had waited 3 hours in the line already and that we were requesting a hotel accommodation if the flight was cancelled. She said a note isn’t going to do anything everyone else is waiting too and slid me back my ticket and called up the next customer. The other party that was with us was asking the other attendant for the same thing and the lady got extremely hostile and defensive and said “Are you trying to fight me?” None of us were being hostile towards them so for an employee to speak to a customer in that manner is completely unprofessional. Cut to after we left the counter with no resolution I finally got a supervisor on the line and she was very polite and willing to hear me out but unable to help me either. Then we finally get on the rebooked flight, just thankful that it wasn’t cancelled at this point then get on the tarmac and have to sit there for over an hour behind 15 other planes and then they lost our luggage to top it off which also happened at the DFW airport the last time we had a lay over there too. So disorganized, insulting and distasteful customer service.",american-airlines,no,1.0,tampa_to_phoenix,2022-04-26,april_2022,Not Verified,Mendeley/Skytrax Airline Review Data.xlsx,"Manually checked from strict 390-candidate extraction from the 64,740-row Skytrax airline review dataset.",239,review_before_keep,aggressive or abusive language; physical violence or assault/fight language,,"""So disorganized, insulting and distasteful customer service""",couple_leisure,economy_class
REAL-VA-233,yes,violent_aggressive,high,explicit threat in airline/security/staff context,assistant_manual_check_completed,8,2,direct_threat; aggressive_abusive,"They never replied until I went through a reservation department yesterday. The supervisor of the reservation department was very nice and took an effort to bring forward my questions and concerns to the department. This morning at 8 am I received a voice call from the Customer Relations Department from a lady who claimed she is the executive administrator of the department. She elected not to align with my views and queries. I respected her decision. However, I told her what a lousy service her department has been provided and not the American Airlines that I used to like and know. She immediately changed her voice and tone toward hostility of my view. I told her I wrote four emails for more than 2 weeks and never get any replies from the department. I expressed that we as the Customers have no way to call and address issues and concerns to the executive branch of her department. She argued all emails were read by the executive branch. If this is the case, the four emails that I wrote should have been gotten a reply. She said that was the reason she called this morning. I told her she called not until I escalated my questions to the reservation department threatened to bring them forward to the CEO or go public to put in a review. I hope this email is read by the CEO and take the immediate investigation into the services provided by this Customer Relation department, especially to this lady who called me this morning. It was a horrible conversation. When this so-called executive administrator called this morning was not friendly and rude and could not take criticism. Her voice and tone turned hostile immediately once I expressed my view of bad services provided by the department. I have been a loyal customer and am able to achieve the highest elite status each year.",american-airlines,no,1.0,narita_to_dallas,2022-03-18,april_2021,Not Verified,Mendeley/Skytrax Airline Review Data.xlsx,"Manually checked from strict 390-candidate extraction from the 64,740-row Skytrax airline review dataset.",240,review_before_keep,direct threat/threatening language; aggressive or abusive language,,"""Her voice and tone turned hostile immediately""",business,business_class
REAL-VA-234,yes,violent_aggressive,high,reported physical confrontation or violence-related act,assistant_manual_check_completed,8,2,harassment_discrimination; physical_violence,"They have no disabled boarding, and you instead have to fight your way through a sea of rude people to get to your seat. In my case this meant a passenger in first class who wouldn’t move their leg from the aisle kicking my cane out of my hand, tripping me, and laughing as I fell on my face in the aisle. Not a single person including flight attendants bothered to help me get up, which is very difficult for me. Once I got to my seat a flight attendant took my cane and stowed it in the overhead about 10 rows behind me. During the flight I had to use the restroom and the flight attendant refused to get my cane for me so I could get to the restroom because it was too much of a hassle to get it from so many rows back, then told me I would have to wait until we arrived at our destination. This is not only rude and disrespectful, it’s discrimination. Flying is bad enough without flight attendants discriminating against and refusing to assist with accessibility for disabled passengers. American is an absolute joke of a company with the most worthless disgusting human beings working for them. If you’re disabled don’t bother trying to fly on American.",american-airlines,no,1.0,fort_myers_to_dallas,2021-06-23,march_2021,Trip Verified,Mendeley/Skytrax Airline Review Data.xlsx,"Manually checked from strict 390-candidate extraction from the 64,740-row Skytrax airline review dataset.",241,review_before_keep,"harassment, humiliation, racism, or discrimination language; physical violence or assault/fight language",,"""If you’re disabled don’t bother trying to fly on American""",family_leisure,premium_economy
REAL-VA-235,yes,violent_aggressive,medium-high,"staff/passenger aggressive, abusive, harassing, humiliating, racist, or discriminatory conduct; yelling/screaming/shouting in staff/passenger conflict",assistant_manual_check_completed,8,2,aggressive_abusive; physical_violence,"I had a truly horrible experience with AA a few weeks ago. I was flying economy, so was at the back of the plane. I asked if this could be changed because I have a migraine disability and being near the engine noise exacerbates this condition. I was told no at ticketing, but told it could be possible at the gate. My father's funeral was the previous day, and I was with my son, so I forgot about asking at the gate. once I got on the plane, I tried to speak with the stewardess about the situation. I have never been treated so aggressively rudely in my life. She made it very clear that I was a nuisance from the beginning. We ended up stuck on the runway for two hours because it was Sunday and they had to call in a crew (they weren't already at the airport) to remove a plane blocking the runway with a flat tire. I tried to explain to the stewardess about my disability and asked if I could sit in one of the many empty seats at the front, in order to alleviate the extra noise and heat of sitting in the back--triggers for the disease. She yelled at me, created a scene, refused to respond when I pushed the overhead button so that I could get rid of the needle and syringe I had to use because of the stress her behavior caused me. After two hours of sitting on the tarmac, we taxied back to the gate and I was removed for being ""disruptive"". I couldn't believe it! Because of this aggressive, nasty, devoid-of-compassion stewardess, I was seven extra hours en-route to my destination! When I complained to the airlines, they basically said ""too bad"". If the stewardess doesn't like you, they can label you ""disruptive"" and have you removed! Was she taking something out on me? Was it bad day for her (consider my situation with my father)? I have no idea, and the Airlines refused to take responsibility! I will do my utmost never to fly with company again because of this women. It was horrible!",american-airlines,no,2.0,lexington_to_charlotte,2020-02-23,january_2020,Trip Verified,Mendeley/Skytrax Airline Review Data.xlsx,"Manually checked from strict 390-candidate extraction from the 64,740-row Skytrax airline review dataset.",242,review_before_keep,aggressive or abusive language; physical violence or assault/fight language,,"""It was horrible!""",solo_leisure,economy_class
REAL-VA-236,yes,violent_aggressive,high,"reported physical confrontation or violence-related act; staff/passenger aggressive, abusive, harassing, humiliating, racist, or discriminatory conduct",assistant_manual_check_completed,8,2,aggressive_abusive; physical_violence,After fighting for it on three other flighs the final leg they got me. Only to discover on the plane they had empyt bins all around. I demand for my luggage and they tell me once it’s tag the law states they cannot give me my stuff back. How about american airline stops taking luggage from their customers or start making a checked bag free to eliminate the carry ons. I will be sure to never go on American again. The airline has no customer service care and creates a hostile environment for people with carry on luggage. Two years ago this airline did the same thing trying to grab luggage out of my 8 year olds hands. They have no personal space or care and will take your stuff. Beware.,american-airlines,no,1.0,philadelphia_to_hartford,2019-04-02,april_2019,Trip Verified,Mendeley/Skytrax Airline Review Data.xlsx,"Manually checked from strict 390-candidate extraction from the 64,740-row Skytrax airline review dataset.",243,review_before_keep,aggressive or abusive language; physical violence or assault/fight language,,"""no customer service care""",solo_leisure,economy_class
REAL-VA-237,yes,violent_aggressive,high,reported physical confrontation or violence-related act,assistant_manual_check_completed,8,2,aggressive_abusive; physical_violence,"I cannot think of one reason to keep any credit card that only allows redemption on American as well. Customer service is becoming almost fight as they are not willing to negotiate or explain or accommodate customers anymore. I paid 178.00 cash to buy three thousand aadvantage miles for a $200 ticket, due to all the fees, they even rewarded me 5,000 miles for my purchase. Every single customer service rep I spoke with told me I should read all their fine print online to add up the fees prior to booking. I could not cancel even within the first 5 minutes. They are aggressive and used tactics trying to make me feel I was inadequate in my booking purchase. Yikes. No reason to fly with them again, their prices are not competitive and their rewards program is not user friendly nor offers half as many perks as other airlines.",american-airlines,no,1.0,stl_to_dfw,2015-07-28,july_2015,,Mendeley/Skytrax Airline Review Data.xlsx,"Manually checked from strict 390-candidate extraction from the 64,740-row Skytrax airline review dataset.",244,review_before_keep,aggressive or abusive language; physical violence or assault/fight language,,American Airlines customer review,solo_leisure,economy_class
REAL-VA-238,yes,violent_aggressive,high,"explicit threat in airline/security/staff context; staff/passenger aggressive, abusive, harassing, humiliating, racist, or discriminatory conduct",assistant_manual_check_completed,8,2,direct_threat; aggressive_abusive,"The online check-in was successful and I got a digital boarding pass. Upon arrival at the airport, I checked with a Delta staff at the counter and was told that my digital boarding pass was good enough and no additional check-in was needed. I went through security check and all gates successfully. However, when I lined up to board the plane, I was told that my boarding pass didn’t work and asked me to wait. I waited for a long time until the very end, because no staff was paying attention to passengers who needed to be cleared up. Finally, they checked their system and said I didn’t check in. I told them I have checked in online, otherwise I would not have a boarding pass. They showed a very impatient attitude and kept repeating that I didn’t check in. I didn’t want to argue and asked if they could check me in. They kept giving that bizarre attitude and a look that I didn’t know what I was doing. Shouldn’t they feel sorry for what their customers experienced? I was annoyed by their attitude and frustrated how messy Delta’s systems were. The staff was impatient and their arrogant attitude was unacceptable. I finally scanned my boarding pass and complained “stupid airline system”. Then they pulled me back and threatened me that if I didn’t apologize then they would take me off that plane and had me wait longer for the next flight. I was very angry but I did want to get back home. So, I apologized to them. Then they threatened me further that if take my attitude to the plane or they would take me off the plane. Wow, I don’t even have the right to be angry, given the way I was treated? Delta, your system is completely messed up. As a customer, I didn’t do anything wrong by checking in online but I was accused by the staff of not being responsible for checking in. Your messy system is not your customers’ fault. If your system is not capable of doing online check-ins, then don’t even ask your customers to do that. The staff abused their authority to threaten customers, forced customers to apologize and even took away customers’ right to be angry.  After I boarded the flight, the gentleman who sat next to me also complained how their seats were messed up and the horrible attitude their family received from Delta’s staff because they had a child who needed special care. I was not given a single smile but were treated with disrespect, impatience and arrogance. I cannot believe this is the level of service Delta.",delta-air-lines,no,1.0,new_york_to_toronto,2024-06-28,june_2024,Trip Verified,Mendeley/Skytrax Airline Review Data.xlsx,"Manually checked from strict 390-candidate extraction from the 64,740-row Skytrax airline review dataset.",245,review_before_keep,direct threat/threatening language; aggressive or abusive language,routine_security_check,"""staff abused their authority""",family_leisure,economy_class
REAL-VA-239,yes,violent_aggressive,high,reported physical confrontation or violence-related act,assistant_manual_check_completed,8,2,harassment_discrimination; physical_violence,"Plane stops, pilots comes on the intercom sorry for the delay, waiting for another plane to leave the gate. No worries. A young woman and her child get up to use the bathroom, they were seated right in front of me. They were allowed to, no problem. I figured, ok I guess that's acceptable. Get up to use the bathroom myself. The flight attendant aggressively demands I return to my seat immediately. This was not a polite nor friendly tone of voice I was greeted with. Where I take issue, is that even though I was standing two feet away from him, he announced this into the intercom to the whole plane. I asked him if he knew he was scolding me over the intercom and he said yes. I returned to my seat through the humiliating stares and laughs of the full plane. I returned after we were at the gate to use the restroom, and extended him the opportunity to apologize which he did not take. I feel that I have the right to privacy in the event a flight attendant needs to give me instructions, especially when Im standing two feet away from them. I had zero interaction with this young man until that moment and provoked him in no way, but felt he punitively used the intercom against me in that moment for no justifiable reason. I filed a formal complaint with Delta and their very tepid response was essentially ""oh sorry about that."" I paid for that flight and felt attacked",delta-air-lines,no,1.0,charleston_to_boston,2023-11-17,november_2023,Trip Verified,Mendeley/Skytrax Airline Review Data.xlsx,"Manually checked from strict 390-candidate extraction from the 64,740-row Skytrax airline review dataset.",246,review_before_keep,"harassment, humiliation, racism, or discrimination language; physical violence or assault/fight language",,"""I paid for that flight and felt attacked""",business,economy_class
REAL-VA-240,yes,violent_aggressive,high,"reported physical confrontation or violence-related act; staff/passenger aggressive, abusive, harassing, humiliating, racist, or discriminatory conduct; yelling/screaming/shouting in staff/passenger conflict",assistant_manual_check_completed,8,2,harassment_discrimination; physical_violence,"I flew with my 79-year-old father—a Vietnam veteran with Alzheimer’s and Parkinson’s, who requires full physical and cognitive support. Despite requesting wheelchair assistance when booking (clearly noted on his ticket), United failed to provide it at every stage of our trip. At the gate, I was openly condescended to and accused of lying by a gate agent, who only believed me after she bothered to check the system—where she saw the assistance request I’d made weeks earlier. No apology. No accountability. Just indifference. My husband and I were forced to physically support my father to board the plane after being falsely assured assistance would meet us at the gate. Upon landing, no wheelchair was waiting. My father, who urgently needed the restroom, had to go without one. While waiting, a woman walked off with the unattended wheelchair brought over (and abandoned) by a staff member, putting her child in it, as multiple United employees stood silently watching. I had to yell at the woman myself to get it back—while United’s staff just looked on. In the end, I pushed my father myself through the airport while carrying all of our luggage. Not one United employee lifted a hand to help. This was my father’s final flight, as we were relocating him permanently due to declining health. United turned what should’ve been a manageable, respectful experience into something exhausting, humiliating, and dangerous for him and for us. United does not care about disabled passengers or their caregivers. Their staff are untrained, unprofessional, and apathetic. The only person who showed basic human decency was a single flight attendant who apologized and offered compensation. Once I use the miles I was given, I’ll never fly United again. And I strongly recommend you don’t either.",united-airlines,no,1.0,kansas_city_to_houston,2025-07-17,july_2025,Trip Verified,Mendeley/Skytrax Airline Review Data.xlsx,"Manually checked from strict 390-candidate extraction from the 64,740-row Skytrax airline review dataset.",248,review_before_keep,"harassment, humiliation, racism, or discrimination language; physical violence or assault/fight language",,"""I’ll never fly United again""",family_leisure,economy_class
REAL-VA-241,yes,violent_aggressive,high,"reported physical confrontation or violence-related act; staff/passenger aggressive, abusive, harassing, humiliating, racist, or discriminatory conduct",assistant_manual_check_completed,8,2,harassment_discrimination; physical_violence,"Over the years I have been increasingly dissatisfied with the customer service of United Airlines employees. So far I haven't really had an issue with flight attendants but the counter staff seem to be getting worse with every trip I take. This trip I was actually on an American Airlines flight that was cancelled and was rebooked on a United Airlines flight by AA. My original flight was to be at 7:00 am. I was rebooked on a 10:20 am flight on UA. I went directly to UA customer service once AA had given me the informatiom via text and email. The UA staff have me what looked like a boarding pass but told me that I had to go to the gate counter to get a seat assignment before I could board. I did and proceeded to sit and wait for at least an hour after that. I boarded with the appropriate boarding group and proceeded to my seat to buckle up. Just before the doors were closed, I was called to the front and told to bring my carry ons. They proceeded to tell me I couldn't fly because they hadn't gotten the confirmation from AA. They brought my suitcase up, stood it on the floor, shoved it to roll over to me and said come on, we have to close the door. I realize a mistake had been made by AA, but I felt that if there was a problem with my reservation, there was plenty of time to realize this in the over 2-1/12 hours from when the reservation had been made to when I was kicked off the plane. If the customer service agent had indicated any problem I would have had time to resolve it. If the gate agent has mentioned it when he assigned me a seat - both instances would have allowed me to correct the situation. I can't describe it, but after the stress of the morning, and the attitude of the gate attendant that took me off the plane I was left in tears standing outside the door. She just moved past me after locking the door and never looked back or offered any guidance on what to do. I was humiliated and stranded the second time that day. I'm going back to Southwest where they have compassion and systems that work.",united-airlines,no,1.0,los_angeles_to_norfolk_via_chicago,2019-06-10,june_2019,Trip Verified,Mendeley/Skytrax Airline Review Data.xlsx,"Manually checked from strict 390-candidate extraction from the 64,740-row Skytrax airline review dataset.",249,review_before_keep,"harassment, humiliation, racism, or discrimination language; physical violence or assault/fight language",,"""I was humiliated and stranded""",solo_leisure,economy_class
REAL-VA-242,yes,violent_aggressive,high,"reported physical confrontation or violence-related act; staff/passenger aggressive, abusive, harassing, humiliating, racist, or discriminatory conduct; yelling/screaming/shouting in staff/passenger conflict",assistant_manual_check_completed,8,2,aggressive_abusive; physical_violence,"We arrived for our flight nearly 3 hours early. I hate to be late. Our flight was at 11.35 Sunday morning. We arrived at 7.10 am. We grabbed breakfast and everything seemed in order. The flight before ours to Portland left 15 minutes early with no warning and stranded about five people. Our plane to Seattle pulled in and things seemed in order: they loaded the first class and then they made an announcement about the door of the plane not staying open. So there was a delay. But then we noticed them offload the first class, then we noticed them unload our luggage from the plane, they made an announcement that the delay would be an hour, in an hour they delayed it another hour, then another hour, after that they finally announced the cancellation of our flight altogether. It was 5pm at that time. The desk agents were yelling at the passengers over the intercom to stop yelling at them, which I understand but they were not helpful at all. That seems to be the standard with Alaskan Airlines. We made several calls to a customer service only to be transferred so many time until someone pretended not to hear us and hung up on us. They gave us vouchers for taxi to/from the airport to the lodging they set up for us. Firstly, they sent us to the Travelodge in Vegas. Even the taxi driver didn’t want to pull into the parking lot. It was such an unsafe environment (that’s putting it kindly). The desk agent at the motel was so rude. We were exhausted at that point and weren’t even mean to her at all. But she basically threw the room key at us. We went to our room where I slept sitting upright in a chair in front of the door after piling all the luggage in front of the door because door wouldn’t close right. You could see the parking lot through a large gap between the door handle/lock base and the door itself. The door didn’t even lock correctly. There were insects in the tub and running along walls. I cried so hard because I felt so abused by this airline. We paid so much money for our tickets. I will never again fly with them. I am currently on hold with their customer service (right as I write this review) just so I can tell them not to send people to that motel. I have been on hold with them for four hours. Alaskan Airline does not care about its passengers. They’ll take your money and treat you like garbage. Shame on them. Seriously, the worst  experience I have ever had. I’m thankful I made it home. They did stick us in the very last row of the plane where I threw up from all the turbulence. They didn’t even give me a bag to throw up in. Thankfully, I had one in my purse. Truly my worst airline experience.",alaska-airlines,no,1.0,las_vegas_to_seattle,2022-04-06,april_2022,Trip Verified,Mendeley/Skytrax Airline Review Data.xlsx,"Manually checked from strict 390-candidate extraction from the 64,740-row Skytrax airline review dataset.",253,review_before_keep,aggressive or abusive language; physical violence or assault/fight language,,"""Alaskan Airline does not care about its passengers""",couple_leisure,economy_class
REAL-VA-243,yes,violent_aggressive,high,"police/security conflict, intervention, detention, removal, or threat context; yelling/screaming/shouting in staff/passenger conflict",assistant_manual_check_completed,8,2,police_security_conflict; staff_passenger_conflict,"Cabin service on Kochi-Abu Dhabi and Belgrade-Zurich medicore. 2) Ground support at Abu Dhabi terrible. 3) Food lousy. 4) Outbound trip on Etihad - Zurich - Abu Dhabi cabin crew rude and unhelpful. Food lousy. Details: 1) Airline landed in Belgrade and was still taxiing. Passengers were opening overhead compartments, pulled out luggage and left on aisle, leaving door open. Many of them were standing on the aisle while the crew hardly bothered to stop them. They were busy talking to one another. Shocking behavior by cabin staff. Additional hospitality notes: None of the cabin staff could barely crack a smile - perhaps they were afraid their make up would crack up or a few teeth might fall off? 2) 1h connection at Abu Dhabi to catch flight to Belgrade. Huge queues at airport to clear security and to get to gate which was very far. No ground staff to assist getting through security. Some of us shouted for help before someone came to lead us through to the front of queue. But still we had to run (2 little kids + 2 adults) to make it to the gate (had to reach gate 41 from gate 57 or so). Imagine the plight of elderly or those with kids? 3) I ordered Asian vegetarian. Food was under-cooked, unpalatable, devoid of any thought into what was thrown in. Even a roadside shop in any Asian country will give you far better and tastier food. Simply unacceptable. 4) Outbound trip on Dec. 15 Zurich-Abu Dhabi - Cabin staff were rude! When we asked for water they took a very long time to assist. There was no smile, warmth or a sense of hospitality. Food was as bad as explained in (3) - identical food. Overall - terrible airline to fly. Unless one is interested in cheap tickets I would not fly this airline. I would also not transit through Belgrade airport. The transit desk in Belgrade (Air Serbia operates on behalf of Etihad from Belgrade-Zurich) is under trained. They could not understand that our residence card for Switzerland was equivalent of a visa and held us for over 30 minutes, until a very senior supervisor had to come and explain to them. None of the transit desk staff knew what the card meant, whereas every other major European city knows exactly what it is.",etihad-airways,no,2.0,kochi_to_zurich_via_abu_dhabi/belgrade,2020-01-07,january_2020,Trip Verified,Mendeley/Skytrax Airline Review Data.xlsx,"Manually checked from strict 390-candidate extraction from the 64,740-row Skytrax airline review dataset.",254,review_before_keep,police/security conflict or intervention context; staff/passenger conflict with aggression/abuse context,routine_security_check,"""Shocking behavior by cabin staff""",family_leisure,economy_class
REAL-VA-244,yes,violent_aggressive,high,"explicit threat in airline/security/staff context; staff/passenger aggressive, abusive, harassing, humiliating, racist, or discriminatory conduct",assistant_manual_check_completed,8,2,direct_threat; harassment_discrimination,"The journey from SFO-HYD was decent. They have comparable cabin service to Emirates, but their aircraft are somewhat old. The problem was during the return leg HYD-SFO. Don't ever go to their HYD check-in counter with even a single KG of extra baggage. I had just 1.1 Kg of extra baggage in my combined check-in luggage of 46KGs. I should have accounted for the Finance Textbook I added at the end. But little did I know that it would cause me so much hassle. First I thought they would be lenient and just let it go, but the guy was at the counter was rude and wanted me to pay the extra fee. I agreed to pay the additional price for the extra KG, but supposedly they have a flat rate of $125US. The guy was hurrying me to pay the additional fee and threatened me to get out of the line and to come back after throwing my luggage. He even mocked me that I will get further 15KGs if I buy the extra baggage and I can fill my bags with the Karachi biscuits they were selling at the airport. Terrible service. I was upset by this treatment as I didn't pay so much for such service. I called the manager, who was nice, but he wasn't helpful either. I was ready to throw my luggage, but I was not going to pay after the humiliation. I read their luggage policy and decided to carry my Textbook as a personal item (since they are not allowing an additional laptop bag, but a personal item now which they don't tell you about). It was a horrid experience. I will always avoid Etihad after this incident and wouldn't recommend the airline to my worst enemy. Stick to Emirates if you can!",etihad-airways,no,1.0,san_francisco_to_hyderabad,2018-02-02,august_2017,Trip Verified,Mendeley/Skytrax Airline Review Data.xlsx,"Manually checked from strict 390-candidate extraction from the 64,740-row Skytrax airline review dataset.",255,review_before_keep,"direct threat/threatening language; harassment, humiliation, racism, or discrimination language",,"""a horrid experience""",solo_leisure,economy_class
REAL-VA-245,yes,violent_aggressive,medium-high,"staff/passenger aggressive, abusive, harassing, humiliating, racist, or discriminatory conduct",assistant_manual_check_completed,7,2,aggressive_abusive; staff_passenger_conflict,"15 am. As per notification, we (including other passengers) were at Gate # 21. At the last moment (around 11.00 am) the ground staff came and informed us that the Gate was changed to 106. When we reached Gate # 106, we were informed that the Gate was closed and boarding can not be allowed. On argument, we were allowed boarding. The ground staff were abusive saying ""Are you illiterate?"" and ""I am doing Ehshaan (favour) by allowing you all to board"". I have never experienced such issue any time in the past. Very bad handling by the ground staff of SpiceJet.",spicejet,no,3.0,kolkata_(ccu)_to_mumbai_(bom),2021-09-23,september_2021,Trip Verified,Mendeley/Skytrax Airline Review Data.xlsx,"Manually checked from strict 390-candidate extraction from the 64,740-row Skytrax airline review dataset.",256,review_before_keep,aggressive or abusive language; staff/passenger conflict with aggression/abuse context,,"""Very bad handling by the ground staff of SpiceJet""",business,economy_class
REAL-VA-246,yes,violent_aggressive,medium-high,"staff/passenger aggressive, abusive, harassing, humiliating, racist, or discriminatory conduct",assistant_manual_check_completed,7,2,harassment_discrimination; staff_passenger_conflict,"I had upgraded to Spicemax considering facility of extra leg space and on-board meals. But to my surprise, so call leg-space is a big disappointment as the space is very little and uncomfortable. I was very rudely denied the entitled meals onboard by cabin crew member. His behaviour made us feel humiliated onboard. Raised a complaint to the customer relations, but it is useless as they have not yet investigated the issue.",spicejet,no,1.0,patna_to_chennai,2019-11-11,november_2019,Trip Verified,Mendeley/Skytrax Airline Review Data.xlsx,"Manually checked from strict 390-candidate extraction from the 64,740-row Skytrax airline review dataset.",257,review_before_keep,"harassment, humiliation, racism, or discrimination language; staff/passenger conflict with aggression/abuse context",,"""denied the entitled meals""",family_leisure,premium_economy
REAL-VA-247,yes,violent_aggressive,medium-high,"staff/passenger aggressive, abusive, harassing, humiliating, racist, or discriminatory conduct; yelling/screaming/shouting in staff/passenger conflict",assistant_manual_check_completed,7,2,aggressive_abusive; staff_passenger_conflict,They have worst cabin crew I've ever seen. Very aggressive and disrespecting. They have no manners to talk to someone. The air hostess was shouting at people for no apparent reason.,spicejet,no,1.0,varanasi_to_goa_via_hyderabad,2018-05-20,october_2017,Trip Verified,Mendeley/Skytrax Airline Review Data.xlsx,"Manually checked from strict 390-candidate extraction from the 64,740-row Skytrax airline review dataset.",258,review_before_keep,aggressive or abusive language; staff/passenger conflict with aggression/abuse context,,"""aggressive and disrespecting""",solo_leisure,economy_class
REAL-VA-248,yes,violent_aggressive,medium-high,"staff/passenger aggressive, abusive, harassing, humiliating, racist, or discriminatory conduct",assistant_manual_check_completed,7,2,aggressive_abusive; staff_passenger_conflict,"Perth-Auckland sector on leased EVA Air 777 due to unscheduled engine maintenance and 787’s. Seat comfortable and premium economy pretty empty. Stuck on the ground in Perth due to plane having no satellite connection to Auckland so having to get new flight path sent manually to Perth airport, printed and brought onto plane. Approx 90 minutes stuck on ground waiting for this. Cabin staff pretty old and not particularly friendly, wasn’t offered a water during the delay. Flight itself was fine, dinner was delicious. Despite pretty empty premium economy call bell not answered 90% of the time, I know it’s not business class but would have expected better service, maybe they knew I was only there through an accepted upgrade bid. Cabin crew generally pretty quite passive aggressive, didn’t seem to enjoy their job anymore. Maybe time to move on. Arrived in Auckland with 35 minutes before my flight to Wellington departed, on mentioning this to purser got a curt response that there would be another flight in an hour anyway so what was the big deal. Ground staff in Auckland refreshingly friendly and helpful on putting me on next flight to Wellington. This short flight was pretty unremarkable, no complaints with it. Overall a comfortable journey but attitude of staff on Perth to Auckland very unsatisfactory.",air-new-zealand,no,6.0,perth_to_wellington_via_auckland,2019-02-06,february_2019,Trip Verified,Mendeley/Skytrax Airline Review Data.xlsx,"Manually checked from strict 390-candidate extraction from the 64,740-row Skytrax airline review dataset.",259,review_before_keep,aggressive or abusive language; staff/passenger conflict with aggression/abuse context,,"""attitude of staff very unsatisfactory""",solo_leisure,premium_economy
REAL-VA-249,yes,violent_aggressive,medium-high,"staff/passenger aggressive, abusive, harassing, humiliating, racist, or discriminatory conduct",assistant_manual_check_completed,7,2,aggressive_abusive; staff_passenger_conflict,"Informed by email that very morning before our flight that it was delayed by over 12 hours causing us to miss our connecting train journey the next day. Forced to get a full refund and book another airline leaving the same day. Return flight : changed 3 times forcing us to change accommodation and pre booked transport. Also re routed us to Bali with extending the flight by almost 2 hours. Not allowed off the plane in Bali. Cursory cleaning - single young girl with a brush and pan only collecting visible rubbish. By the way you are forced to throw out all water at the Boarding gate so cannot buy water for the flight. The air hostess refused to serve us water and insisted we purchase. One angry passenger got a cup after getting aggressive. I just shut up and paid up. Furthermore, with the repeated flight changes they lost our pre purchased meals. Then said they had nothing left except Green curry Thai chicken. Worse still they were reluctant to believe us and wanted proof which we could not provide without internet to open our email for the voucher. On the positive side: Plenty of leg room. Admin. staff willing to refund if you meet conditions. Note: they are no longer a full service airline now. Have to pay for luggage, seats, meal and water.",batik-air,no,4.0,kuala_lumpur_to_perth,2024-08-06,july_2024,Trip Verified,Mendeley/Skytrax Airline Review Data.xlsx,"Manually checked from strict 390-candidate extraction from the 64,740-row Skytrax airline review dataset.",260,review_before_keep,aggressive or abusive language; staff/passenger conflict with aggression/abuse context,,"""no longer a full service airline""",couple_leisure,economy_class
REAL-VA-250,yes,violent_aggressive,medium-high,"staff/passenger aggressive, abusive, harassing, humiliating, racist, or discriminatory conduct",assistant_manual_check_completed,7,2,aggressive_abusive; staff_passenger_conflict,"My Angeles to Tagbilaran flight was impressive. It has been a few months since I last flew Philippine Airlines. Big improvements were noticed upon boarding. The cabin may be old but seats were clean and there was bottled water on every seat now. This is far different from the old PAL that I had experienced. However the TAG to CRK flight was a big let down. My seat was dirty, there were left over chewing gum wrapper, contents of the seat pocket incomplete, no bottled water and service was inconsistent. For example, the lady two rows ahead of me was provided with a blanket however when I asked for one, the stewardess said they only provided blankets for international flights. Instead they would lower the cabin temp so that we don't feel cold. The temperature was never adjusted and when I approached a different crew, he gave me a blanket without hesitation. PAL has recently also recently been aggressive advertising the following amenities (food, free luggage allowance, blankets on flights, new seats retrofits, and warm service). Food although present is inconsistent, For example, my CRK to TAG flight say would serve water but return flight did not have this and would instead serve you a small cup of water around 100ml. This far from the food service of other airlines I have flown regionally (eg. SQ). Blankets not available on all flights. Official social media accounts cannot even confirm if they have amenities on specific flights. No listing which routes are served with reconfigured seats. My brother's flight did not have luggage allowance while mine had. Most specific, service and cabin crews are inconsistent on different routes. I love flying the national flag, I hope they improve the consistency of the service whether local or international flight.",philippine-airlines,yes,6.0,angeles_to_tagbilaran,2018-01-12,december_2017,Trip Verified,Mendeley/Skytrax Airline Review Data.xlsx,"Manually checked from strict 390-candidate extraction from the 64,740-row Skytrax airline review dataset.",261,review_before_keep,aggressive or abusive language; staff/passenger conflict with aggression/abuse context,,"""Big improvements were noticed upon boarding""",family_leisure,economy_class
REAL-VA-251,yes,violent_aggressive,medium-high,"staff/passenger aggressive, abusive, harassing, humiliating, racist, or discriminatory conduct",assistant_manual_check_completed,7,2,aggressive_abusive; staff_passenger_conflict,"Cabin crew very aggressive to me, didn’t care who they knocked when going up and down the aisles. No excuse me or sorry for knocking you. Food terrible for what a customer has to pay for a ticket these days. A quarter cup of wine, when you ask for more, they give you death looks. Quality of movies rubbish, most people on the flight playing games. Seat comfort ok. Phone charger on the back of the seat, didn’t work. Won’t be flying with Eva again.",eva-air,no,3.0,london_heathrow_to_bangkok,2024-09-14,september_2024,Not Verified,Mendeley/Skytrax Airline Review Data.xlsx,"Manually checked from strict 390-candidate extraction from the 64,740-row Skytrax airline review dataset.",262,review_before_keep,aggressive or abusive language; staff/passenger conflict with aggression/abuse context,,“Quality of movies rubbish”,solo_leisure,economy_class
REAL-VA-252,yes,violent_aggressive,medium-high,"staff/passenger aggressive, abusive, harassing, humiliating, racist, or discriminatory conduct; yelling/screaming/shouting in staff/passenger conflict",assistant_manual_check_completed,7,2,harassment_discrimination; staff_passenger_conflict,"Our flight unfortunately misconnected at Shanghai Pudong and Qantas rebooked us on an Air China which is two days later. The itenary was confirmed by Qantas staff and was in writing. When we arrived to check in with Air China, the check in staff was printing our boarding when he suddenly then tore up the passes. He then claimed there was a minor technicality with the ticket (the re issued ticket had its validity date set at yesterday instead of today when we were supposed to fly). He refused to offer further assistance and told us to contact the airline ourselves, even though we had no local phone to use. Basically he said that was not his problem. When we tried to seek help from a neighbouring female check in agent, she got up and yelled at us at the top of her voice to ""get lost"". We are stuck in the airport with no way of getting our flight rescheduled. It is really shocking how Air China can simply dishonour a confirmed itenary by another airline just like this. This experience left my girlfriend absolutely in tears. I am absolutely shocked how Air China's check in staff can treat passengers in such a dehumanising and humiliating manner.",air-china,no,1.0,shanghai_to_harbin,2017-06-13,june_2017,Verified Review,Mendeley/Skytrax Airline Review Data.xlsx,"Manually checked from strict 390-candidate extraction from the 64,740-row Skytrax airline review dataset.",263,review_before_keep,"harassment, humiliation, racism, or discrimination language; staff/passenger conflict with aggression/abuse context",,"""I am absolutely shocked""",couple_leisure,economy_class
REAL-VA-253,yes,violent_aggressive,high,"police/security conflict, intervention, detention, removal, or threat context; staff/passenger aggressive, abusive, harassing, humiliating, racist, or discriminatory conduct",assistant_manual_check_completed,7,2,aggressive_abusive; police_security_conflict,"I was surprised at how bad Air China turned out to be. I had to deal with no leg room as all the seats had mysterious black boxes underneath them (see photo), terrible in-flight food, aggressive security during transfer at Beijing airport, awful toilets and Auld Lang Syne being played loudly every time we took off and landed. It was an experience.",air-china,no,1.0,lhr_to_hnd_via_pek,2016-11-20,november_2016,Verified Review,Mendeley/Skytrax Airline Review Data.xlsx,"Manually checked from strict 390-candidate extraction from the 64,740-row Skytrax airline review dataset.",264,review_before_keep,aggressive or abusive language; police/security conflict or intervention context,,"""how bad Air China turned out to be""",couple_leisure,economy_class
REAL-VA-254,yes,violent_aggressive,medium-high,"staff/passenger aggressive, abusive, harassing, humiliating, racist, or discriminatory conduct",assistant_manual_check_completed,7,2,aggressive_abusive; staff_passenger_conflict,"Staff have a zero tolerance policy to questions and will happily inflate a situation and make a scene at the gate to make you out to be the aggressor, even after you paid them their money (the $65 charge for kilos is for real). They back their aggressive staff behaviour rather than their unsuspecting customers who try to calm them down! No one deserves this kind of treatment after paying (twice) for a service. I won't be flying with them again.",jetstar-airways,no,1.0,gold_coast_to_sydney,2023-09-18,september_2023,Not Verified,Mendeley/Skytrax Airline Review Data.xlsx,"Manually checked from strict 390-candidate extraction from the 64,740-row Skytrax airline review dataset.",265,review_before_keep,aggressive or abusive language; staff/passenger conflict with aggression/abuse context,,"""I won't be flying with them again""",couple_leisure,economy_class
REAL-VA-255,yes,violent_aggressive,medium-high,"staff/passenger aggressive, abusive, harassing, humiliating, racist, or discriminatory conduct",assistant_manual_check_completed,7,2,aggressive_abusive; staff_passenger_conflict,"Staff and rude, pushy and aggressive. This airline is cheap and nasty. Planes are uncomfortable and dirty. Although flights aren’t considerable cheaper than other airlines, they look for ways to charge extra at every point of the trip (baggage weight, food purchases, charity donations). Fly this airline as a last resort.",jetstar-airways,no,1.0,brisbane_to_sydney,2018-08-15,august_2018,Trip Verified,Mendeley/Skytrax Airline Review Data.xlsx,"Manually checked from strict 390-candidate extraction from the 64,740-row Skytrax airline review dataset.",266,review_before_keep,aggressive or abusive language; staff/passenger conflict with aggression/abuse context,,"""airline is cheap and nasty""",solo_leisure,first_class
REAL-VA-256,yes,violent_aggressive,medium-high,"staff/passenger aggressive, abusive, harassing, humiliating, racist, or discriminatory conduct",assistant_manual_check_completed,7,2,aggressive_abusive; staff_passenger_conflict,"We left Denpasar airport a bit late due to several excuses, the main excuse was paperwork. We have already boarded the aircraft and waited on the ground for about an hour which made us miss our connecting flight to Auckland. Ground staff was a bit slow on giving us information about what was going on which made some of us very stressed and uncomfortable. The connecting flight that we were meant to be on had already left at 11.05pm when we arrived at 12am. Jetstar gave us accommodation and told us that we were on the next flight out which was at 9.10am but due to the immigration not giving us Indonesians visas we were unable to go to the hotel which meant we had to make ourselves comfortable in the transit area (which weirdly you had to call someone to open the door for you, it is so impractical when you are in a rush). We were given food vouchers worth $20 each (no shops were open at that time so we were starving). We were going to get our boarding tickets at the gate and the ground service were very aggressive and so unfriendly and rude which put us off so much. Overall, the cabin staff were alright but I've seen happier more friendlier cabin staff on other airlines. I recommend that Jetstar should really get their services to prioritise customers that have had disrupted flights and also train their staff to be more friendly and not so rude and aggressive. It would have made it more pleasant if the ground staff were more helpful and informative. Also on the flight from Auckland to Denpasar via Melbourne, our baggage had been left in Melbourne for around 3/4 days. Our baggage was meant to be checked in all the way through to Denpasar but obviously did this not happen. Not sure who to blame, Melbourne airport or Jetstar but this is really not a good way to start a holiday. We had to leave for Surabaya on the very next day we arrived in Denpasar which meant we had to drive 3 hours to the airport to claim our bags. We were stranded without clothes for 5 days.",jetstar-airways,no,2.0,denpasar_to_auckland_via_melbourne,2017-02-04,january_2017,Verified Review,Mendeley/Skytrax Airline Review Data.xlsx,"Manually checked from strict 390-candidate extraction from the 64,740-row Skytrax airline review dataset.",267,review_before_keep,aggressive or abusive language; staff/passenger conflict with aggression/abuse context,,"""ground service aggressive and unfriendly""",family_leisure,economy_class
REAL-VA-257,yes,violent_aggressive,medium-high,"staff/passenger aggressive, abusive, harassing, humiliating, racist, or discriminatory conduct",assistant_manual_check_completed,7,2,harassment_discrimination; staff_passenger_conflict,Very frustrating experience. Really felt humiliated by the behavior of staff. First he told me to arrange luggage according to the pnr. We had 2 bookings. And there was total check in baggage allowance of 120 kg. But 2 of our members were not present so total 80kg baggage allowance was allowed. Thats okay I can understand this. Then next the guy told us to make 20kg according to the pnrs. He was not ready to consider both bookings simultaneously. . One of our group member doesn't have last name so booking was like First name and staff there was not ready to allow us to board. One of their staff was talking in a very rude way. Then we moved to airline's next boarding pass check station. The guy there also stopped us and kept us waiting for 5 mins for the same issue (first name and last name). He told us to wait so that he can confirm at the check-in desk.,airasia-india,no,1.0,jaipur_to_kuala_lumpur,2019-10-27,october_2019,Trip Verified,Mendeley/Skytrax Airline Review Data.xlsx,"Manually checked from strict 390-candidate extraction from the 64,740-row Skytrax airline review dataset.",268,review_before_keep,"harassment, humiliation, racism, or discrimination language; staff/passenger conflict with aggression/abuse context",,"""Very frustrating experience""",family_leisure,economy_class
REAL-VA-258,yes,violent_aggressive,medium-high,"staff/passenger aggressive, abusive, harassing, humiliating, racist, or discriminatory conduct",assistant_manual_check_completed,7,2,aggressive_abusive; staff_passenger_conflict,"In April, to my knowledge, SQ 346 is very often packed and seat reservation might be difficult if you are two but on a different booking. On this particular flight I took a so called P seat which is next to the exit. Actually there is a lot of legroom left on the other side of the metal, there's permanently cold air coming up from the door. As often for a early morning flight 01.20am people are some of harshly due to sleep shortness. The cabin crew is very patient even if some become aggressive sometimes.",singapore-airlines,yes,10.0,singapore_to_zurich,2017-11-12,april_2013,Verified Review,Mendeley/Skytrax Airline Review Data.xlsx,"Manually checked from strict 390-candidate extraction from the 64,740-row Skytrax airline review dataset.",269,review_before_keep,aggressive or abusive language; staff/passenger conflict with aggression/abuse context,,"""there is a lot of legroom""",couple_leisure,economy_class
REAL-VA-259,yes,violent_aggressive,medium-high,"staff/passenger aggressive, abusive, harassing, humiliating, racist, or discriminatory conduct",assistant_manual_check_completed,7,2,harassment_discrimination; staff_passenger_conflict,"Vistara weigh check in baggage. My laptop trolley bag was 8kg and I was harassed to check in the luggage and not taking it by hand. I requested to their manager as well that this is the only bag and I have my laptop in bag, but of no use, they said either pay extra money or check in the baggage. Finally I have to take my laptop in my hand and check in the baggage. When tried to log in feedback at their site then their site doesn't take any feedback. Attached herewith the snapshot of the same. Never expected such an unprofessional behaviour from airlines like Vistara. Although I am a member of club Vistara as well, but still of no use.",vistara,no,2.0,ahmedabad_to_delhi,2017-10-08,october_2017,Verified Review,Mendeley/Skytrax Airline Review Data.xlsx,"Manually checked from strict 390-candidate extraction from the 64,740-row Skytrax airline review dataset.",270,review_before_keep,"harassment, humiliation, racism, or discrimination language; staff/passenger conflict with aggression/abuse context",,"""Vistara weigh check in baggage""",business,economy_class
REAL-VA-260,yes,violent_aggressive,medium-high,"staff/passenger aggressive, abusive, harassing, humiliating, racist, or discriminatory conduct",assistant_manual_check_completed,7,2,aggressive_abusive; staff_passenger_conflict,Absolutely rude staff at the check in. We were travelling as a couple and were given two seperate seats 30 rows apart. We asked staff to see if they could reunite us given that my wife was pregnant and I couldn't leave her alone for the duration of the flight. Staff were very reluctant to help and had a very aggressive and rude attitude towards us. It looked like staff were not expecting such a simple request and were looking at us as if we were criminals for making such a request! Very bad experience with this airline. In-flight service was mediocre and very basic.,china-eastern-airlines,no,2.0,shanghai_to_sydney,2019-04-23,april_2019,Trip Verified,Mendeley/Skytrax Airline Review Data.xlsx,"Manually checked from strict 390-candidate extraction from the 64,740-row Skytrax airline review dataset.",271,review_before_keep,aggressive or abusive language; staff/passenger conflict with aggression/abuse context,,"""Very bad experience""",couple_leisure,economy_class
REAL-VA-261,yes,violent_aggressive,high,"reported physical confrontation or violence-related act; police/security conflict, intervention, detention, removal, or threat context; staff/passenger aggressive, abusive, harassing, humiliating, racist, or discriminatory conduct; yelling/screaming/shouting in staff/passenger conflict",assistant_manual_check_completed,7,2,aggressive_abusive; staff_passenger_conflict,"While in Thailand, I was in a bad scooter accident which caused significant injuries to my lower left leg. My employment provides me with Great west life insurance. (GWL) GWL has arranged for my new flight itinerary which included a nurse for my care. The arrival at Shanghai airport. The plane landed and parked on the tarmac. All passengers were ferried from the tarmac to the airport building by bus. I was told there was no wheelchair for me. GWL had pre-arranged this detail with the purchase of the tickets. The flight crew had me walk with crutches to a ramp which lowered me to the tarmac. It was pouring rain and I was offered no cover while I was left there to wait for any assistance. I was very unstable due to having to stand for that period. Finally, a ground crew staff member (Porter) arrived with a child’s wheelchair, I barely fit into it. I was wheeled to the airport building. The ground crew worker was yelling at me the whole way to the building saying this was not his job and that I would have to find someone else to help me when we got to the building. The porter took me without care, he was walking very fast, over bumps and narrowly missing other people. I was told to remove myself from the wheelchair and was placed in a office chair with wheels at the entrance doors. I was soaking wet and shivering at that point. I was left there, with no help. My husband began asking the cabin crew staff for assistance. Every single crew member from our flight just looked at me, some of them pointed and laughed at me, but everyone of them just walked away without care. My husband wheeled me on the office chair away from the entrance door, as I was soaking wet from being left on the tarmac in the rain. The temperature was roughly 7 degrees. My husband made several attempts to get help from any and all China Eastern staff members with no luck. Finally, after another 40 minutes, my frustrated husband went upstairs to find anyone to help me. My husband arrived 30 minutes later with a China Eastern staff member. This gentleman took me through customs, he took me to the front of the line bypassing roughly 450 people. The female customs agent started yelling at the porter who was helping me. They yelled at each other for about 15 minutes when the female agent got up and walked away and never returned, leaving only two customs agents to deal with the roughly 450 people. 20 minutes went by and a man came to take the female agents spot. Eventually we were passed through customs. We got to the security section. The same level of poor care occurred while attempting to board our connecting flight. Rude, verbally and physically abusive.",china-eastern-airlines,no,1.0,krabi_to_vancouver__via_shanghai,2019-03-14,february_2019,Trip Verified,Mendeley/Skytrax Airline Review Data.xlsx,"Manually checked from strict 390-candidate extraction from the 64,740-row Skytrax airline review dataset.",272,review_before_keep,aggressive or abusive language; staff/passenger conflict with aggression/abuse context,,"""level of poor care""",couple_leisure,business_class
REAL-VA-262,yes,violent_aggressive,medium-high,"staff/passenger aggressive, abusive, harassing, humiliating, racist, or discriminatory conduct",assistant_manual_check_completed,7,2,harassment_discrimination; staff_passenger_conflict,"I read all the reviews and was worried about travelling with China Eastern. Flight departed on time, check in crew did not even see my baggage weight (last time British Airways harassed me for check in baggage). Boarded flight, staff made every effort to communicate in English. They are pretty fluent and helpful, know the basics of conversation. Anyway, 10 hour layover in Shanghai, went pretty smooth and reached my destination. Book a premium airline business class ticket if you have higher expectations, more than the worth it for 500-800$ flights.",china-eastern-airlines,yes,10.0,jfk_to_del_via_pvg,2017-02-06,january_2017,Verified Review,Mendeley/Skytrax Airline Review Data.xlsx,"Manually checked from strict 390-candidate extraction from the 64,740-row Skytrax airline review dataset.",273,review_before_keep,"harassment, humiliation, racism, or discrimination language; staff/passenger conflict with aggression/abuse context",,"""more than the worth it""",solo_leisure,economy_class
REAL-VA-263,yes,violent_aggressive,medium-high,"staff/passenger aggressive, abusive, harassing, humiliating, racist, or discriminatory conduct",assistant_manual_check_completed,7,2,harassment_discrimination; staff_passenger_conflict,"After avoiding Air India like a plague for years, I decided to travel with Air India. Well the first time from SFO-CCU and back wasn’t bad. However, as the years have progressed, Air India has gotten progressively worse. Yes, Air India seems to have gotten worse after the takeover of Tata. Without recounting every horror story that I have about Air India, I will simply, and briefly share my experience with Air India flying back from CCU to EWR on June 30, 2023. As we got to the airport I was prepared for the rudeness. The staff members of Indigo, Spice, etc., seemed to be treating their customers in a friendly manner, however, Air India staff seemed just sad, and pathetic. So then we get on our flight from CCU to DEL. The food is inedible, the AC doesn’t seem to be working, and the flight attendants were missing for the rest of the flight. Okay, so then we get to Delhi. Now, I don’t if it’s just an attitude issue, perhaps something cultural, in Delhi, or Air India. But Air India staff there are not only rude but also just pathetically incompetent. Somehow, I got called in for “a secondary inspection.” Apparently having a Zippo (without fuel) is not allowed by CISF. Anyway, so after being harassed by them, I get back to the gate and the Air India staff has somehow lost my boarding pass, which they had kept when I went to see the CISF people. Instead of apologizing and reissuing a pass two Air India staff kept arguing with me that they don’t have my boarding pass. Finally, they find it. Again no apology. So, I being exhausted, get on the flight. This time I had made sure to get on the flight early, since on my way to Kolkata, they could not find a space for my cabin luggage so I had to store them in two different overhead bins. So I was relieved when I saw the overhead bins empty (I had booked extra legroom seats). However, the moment I start putting my luggage, an anxious flight attendant runs towards me and starts scolding me. I inform her that it was my seat and I will keep my luggage there. She proceeds to tell me that the overhead bin is reserved for “oversized baggage.” So at this point, I lose my cool. So, let me understand this, instead of enforcing the rule regarding baggage size and weight, like a normal airline, Air India has decided to punish passengers who ARE following the rule. Anyway I told the flight attendant that I will be keeping my bag where it is and that’s that. She mumbled something about people brining 4 bags instead of 2. Whatever! However, somehow this flight attendant seemed to be the one serving my seat for the whole 14 hour flight. As expected the in-flight entertainment system did not work. Funnily the guy seating beside me had his remote literally torn off from his seat. However, I regret eating the pathetic food that Air India provided. I kid you not, the salad they gave was literally rotten. Didn’t they know that Mayonnaise rots very easily, and DOES NOT need to be warmed up? What was worse than the food was that the same flight attendant kept pushing my buttons throughout the flight. At some point, like a good passenger I had kept my trash ready to be given back to the attendant after dinner. However, when the attendant came, she seemed agitated, gestured toward the front of the flight, and said “You can throw it in.",air-india,no,1.0,kolkata_to_newark_via_delhi,2023-07-18,june_2023,Trip Verified,Mendeley/Skytrax Airline Review Data.xlsx,"Manually checked from strict 390-candidate extraction from the 64,740-row Skytrax airline review dataset.",274,review_before_keep,"harassment, humiliation, racism, or discrimination language; staff/passenger conflict with aggression/abuse context",,"""gotten progressively worse""",solo_leisure,economy_class
REAL-VA-264,yes,violent_aggressive,medium-high,"staff/passenger aggressive, abusive, harassing, humiliating, racist, or discriminatory conduct",assistant_manual_check_completed,7,2,harassment_discrimination; staff_passenger_conflict,"No flight attendant came to even offer water after 3-4 hours. Snacks were given before the beginning of the flight. In 14 hours of the flight only 1 time a meal was provided, there was also no warm food. Customer service is getting worse day by day. Everyone expected that since Mr. Ratan Tata took over Air India, he would make necessary steps to improve customer service, make flight tickets more reasonable and improvements in aircraft interior including TV screens in front of the seats but unfortunately nothing has improved. It is disappointing. At the airport after checking in for the international flight from Delhi to Toronto, my mother-in-law was harassed for return flight which was not booked at that time. Couple of staff members of the STAR ALLIANCE harassed her and took her boarding pass and refused to let her go to board on flight 45min before the departure of the flight to Toronto. I do not understand who gives airlines (Air India or Star Alliance) authority to ask for passengers return flight? This is ridiculous and I hope my message reaches the right authority in India to take necessary steps to stop such nonsense behavior at the airport. If I still had option for travelling with Jet Airways, I would never ever travel with Air India. Sadly, Jet Airways is no longer active.",air-india,no,1.0,delhi_to_toronto,2023-06-20,june_2023,Trip Verified,Mendeley/Skytrax Airline Review Data.xlsx,"Manually checked from strict 390-candidate extraction from the 64,740-row Skytrax airline review dataset.",275,review_before_keep,"harassment, humiliation, racism, or discrimination language; staff/passenger conflict with aggression/abuse context",,"""Customer service is getting worse day by day""",solo_leisure,economy_class
REAL-VA-265,yes,violent_aggressive,medium-high,"staff/passenger aggressive, abusive, harassing, humiliating, racist, or discriminatory conduct",assistant_manual_check_completed,7,2,harassment_discrimination; staff_passenger_conflict,Airline staff had very rude and arrogant behaviour. So many senior citizens and passengers with child’s where also harassed. On top of that airline staff was disrespectful to everyone. I will not use air India ever again and would recommend others to avoid is airline. Never felt this insulted in my life before,air-india,no,1.0,delhi_to_toronto,2022-05-22,may_2022,Trip Verified,Mendeley/Skytrax Airline Review Data.xlsx,"Manually checked from strict 390-candidate extraction from the 64,740-row Skytrax airline review dataset.",276,review_before_keep,"harassment, humiliation, racism, or discrimination language; staff/passenger conflict with aggression/abuse context",,"""I was told that flight is overbooked""",business,economy_class
REAL-VA-266,yes,violent_aggressive,medium-high,"staff/passenger aggressive, abusive, harassing, humiliating, racist, or discriminatory conduct",assistant_manual_check_completed,7,2,aggressive_abusive; staff_passenger_conflict,They made all the passengers sit in the flight for about 30-40 mins without switching on the Air Conditioner. When customers asked they did nothing about it. People were using papers to fan themselves. The flight didn’t take off on time or land on time. My seat was also changed post boarding while entering the flight manually without my consent like it was a local train. When I asked for a reason later they stated it was because I was a solo traveller. The staff was also very aggressive in their tone and behaviour.,air-india,no,2.0,bangalore_to_delhi,2021-10-24,october_2021,Trip Verified,Mendeley/Skytrax Airline Review Data.xlsx,"Manually checked from strict 390-candidate extraction from the 64,740-row Skytrax airline review dataset.",277,review_before_keep,aggressive or abusive language; staff/passenger conflict with aggression/abuse context,,"""Services have downgraded tremendously""",solo_leisure,economy_class
REAL-VA-267,yes,violent_aggressive,medium-high,"staff/passenger aggressive, abusive, harassing, humiliating, racist, or discriminatory conduct",assistant_manual_check_completed,7,2,harassment_discrimination; staff_passenger_conflict,"We didn’t get the seats we purchased in advance (seat 02A & 02B, AI 710). We were given seats way at the back! After consulting the Dimapur AI booking staff, they realized the error and cited a “different aircraft.” Shortly before take off, a ground staff came to where we were already comfortably seated and invited us sit in the “business class” since the seats were empty and because we didn’t get our preferred seats (with payment). But our nightmare was just beginning! We were badly insulted on flight by two attendants. After the flight took off, these two attendants raised a tantrum saying they were not informed and forced us back to the seats where we were previously comfortably seated. They blamed the ground staff for this misunderstanding. We felt harassed and embarrassed. We are still shocked at such lack of coordination.  The pathetic service of Air India is a living nightmare. The payment for seats hasn’t been reimbursed either.",air-india,no,2.0,dimapur_to_kolkata,2019-06-07,may_2019,Trip Verified,Mendeley/Skytrax Airline Review Data.xlsx,"Manually checked from strict 390-candidate extraction from the 64,740-row Skytrax airline review dataset.",278,review_before_keep,"harassment, humiliation, racism, or discrimination language; staff/passenger conflict with aggression/abuse context",,"""pathetic service of Air India""",business,economy_class
REAL-VA-268,yes,violent_aggressive,medium-high,"staff/passenger aggressive, abusive, harassing, humiliating, racist, or discriminatory conduct",assistant_manual_check_completed,7,2,aggressive_abusive; staff_passenger_conflict,"We flew air India on the 12/13th February 2017 initially from Goa to Mumbai. The flight was delayed to Mumbai by 30 minutes, then we were told the flight would be 1 hour delayed, in the end the flight was delayed by over 3 hours resulting in our connecting flight on Jet Airways being missed back to the UK. The whole experience was handled very poorly by the ground staff at Goa, there were no announcements regarding the reason why or any updates. After 2 hours, more passengers started to arrive for the later flight so it was obvious that the two flights were being combined. On arrival and at check in, we were handed boarding passes with a capital D printed on the boarding pass, indicating delayed but the new arrivals were issued regular boarding passes. As it turned out, we departed Goa at 01.30 on the 12th February, we knew by this stage that the connecting flight was not possible. On our arrival at Mumbai we were left to our own devices with Air India totally washing their hands of our situation. The ground staff were aggressive, dismissive, rude and generally not getting involved. At one point we were sent to the customer information desk in the airport, it was not an Air India information desk, just a general desk for airport services. Jet Airways would have nothing to do with us either, blaming the other airline, (this will be another review). We ended up buying 2 new tickets on Air India to Birmingham via Delhi, (it was the only flight out that morning,) would you believe it but this flight was delayed by 2.5hrs so we missed our connecting flight once again. We were offered the next flight out to London Heathrow, we had boarding passes issued, collected our luggage, checked in again and rushed to the departure gate, managed to get on the plane and would you believe: we were delayed by another 2 hours. It appears this is a very common everyday issue for this airline. On my return to the UK, I was informed by other travellers that the exact same delay occurred on the Friday night. The flight was not the best, an old Boeing 777, dirty interior, absolutely filthy toilets that smelled terrible. The inflight entertainment system on our seats stopped working after 40 minutes, this happened on 2 occasions so we were not able to watch anything in full, not even the shorter programs. My only praise for this whole experience were the cabin crew on this leg from Delhi to Heathrow, they were jolly, chatty and polite. Since my return, I have tried to contact Air India numerous times for a delayed flight certificate, but with no reply. I'm not sure if they have any customer support in the UK but if they do, they dont want to be found. I was told to travel to Heathrow to Air India ticket office to collect the certificate. 500 miles round trip from my home, I dont think that will happen. So my overall view of Air India is not a good one, I personally would not fly them again unless there were no other carrier's flying to that particular airport. One piece of advice, if your flying to join another flight in Mumbai please give yourself ample time at least 6 hours if not more just in case of delays.",air-india,no,3.0,goa_to_london_via_mumbai,2017-03-26,february_2017,Verified Review,Mendeley/Skytrax Airline Review Data.xlsx,"Manually checked from strict 390-candidate extraction from the 64,740-row Skytrax airline review dataset.",279,review_before_keep,aggressive or abusive language; staff/passenger conflict with aggression/abuse context,,"""an old Boeing 777, dirty interior""",couple_leisure,economy_class
REAL-VA-269,yes,violent_aggressive,medium-high,"staff/passenger aggressive, abusive, harassing, humiliating, racist, or discriminatory conduct",assistant_manual_check_completed,7,2,aggressive_abusive; staff_passenger_conflict,"We flew from Auckland to Los Angeles, and the experience was awful. Worst airline I’ve ever flown with. The service in the cabin was very average, and the airport staff were rude, unprofessional, and aggressive. I personally trusted Air New Zealand as I bought the ticket from them, and it am wonder how Air New Zealand partnered with such a low quality air line.",air-tahiti-nui,no,1.0,auckland_to_los_angeles,2023-12-26,june_2023,Not Verified,Mendeley/Skytrax Airline Review Data.xlsx,"Manually checked from strict 390-candidate extraction from the 64,740-row Skytrax airline review dataset.",280,review_before_keep,aggressive or abusive language; staff/passenger conflict with aggression/abuse context,,"""the experience was awful""",family_leisure,economy_class
REAL-VA-270,yes,violent_aggressive,medium-high,"staff/passenger aggressive, abusive, harassing, humiliating, racist, or discriminatory conduct; yelling/screaming/shouting in staff/passenger conflict",assistant_manual_check_completed,7,2,harassment_discrimination; staff_passenger_conflict,"I wonder the way the staff yelled to go and stand in the line as if they are offering any free services! I really felt humiliated by the way I got treated. I wish the airlines will teach your staff to treat the passengers politely and with the deserved respect. In addition that how can the cabin crew forgot to provide life jacket for the infant in case of any emergency landing, thankfully nothing kind of that happened! Hope your airlines provide smooth journey experience next time. Looking forward for positive changes!",thai-airways,no,1.0,hanoi_to_chennai_via_bangkok,2023-07-02,july_2023,Not Verified,Mendeley/Skytrax Airline Review Data.xlsx,"Manually checked from strict 390-candidate extraction from the 64,740-row Skytrax airline review dataset.",281,review_before_keep,"harassment, humiliation, racism, or discrimination language; staff/passenger conflict with aggression/abuse context",,"""boarding staff were very rude""",family_leisure,economy_class
REAL-VA-271,yes,violent_aggressive,medium-high,"staff/passenger aggressive, abusive, harassing, humiliating, racist, or discriminatory conduct",assistant_manual_check_completed,7,2,aggressive_abusive; staff_passenger_conflict,"I had the reservation to fly back on 2nd February 2020. My flight on the 2nd of Feb 2020 from Manila to Bangkok was cancelled after several hours of delays. Passengers including me were allowed inside the aircraft and made to wait for a long time before it was cancelled. We were not given proper updates while we waited at the gate to board the aircraft. Only a ground staff when I asked personally, told me that there is a fuel leak and the engineers were working to fix the problem. The departure was scheduled for 1910 hours. At around 2100 hours, we were given a sandwich each and a drink. Then, for the next eight hours (0500 Hours on 3rd Feb 2020), I had not had another drink. We were made to wait for hours for the bus to take us to the hotel. Bus took over an hour to depart from the airport. After reaching the hotel, it took another hour or more to get us into the lobby of the hotel, as we were told to remain in the bus. Some people got out to buy snacks against your staff’s instructions.  At 0500 I got into my hotel room. Breakfast was open from 6am. We were told to check out of the rooms by 2pm and the flight was supposed to leave at 5pm. We waited until 3:30pm at the lobby of the hotel to be boarded on the bus. After boarding the bus, the driver sat doing nothing. After waiting for over 45 minutes, I asked the driver, what are you waiting for. He said, airline staff. Then he got out of the bus, walked to the reception, returned in 2 minutes and drove us to the airport. There were no airline staff and there were no more passengers waiting for transportation to go to the airport. We just sat in the bus for someone to give the driver directions as what to do next. The flight departed at 1910 hours (7:10PM) on the 3rd Feb 2020, 24 hours later than it was supposed to. Never once I saw a senior Thai Airways personnel. I saw a few ground crew who were inexperienced and some unruly passengers intimidated them by their rude behaviour.",thai-airways,no,2.0,manila_to_heathrow_via_bangkok,2020-03-09,february_2020,Trip Verified,Mendeley/Skytrax Airline Review Data.xlsx,"Manually checked from strict 390-candidate extraction from the 64,740-row Skytrax airline review dataset.",282,review_before_keep,aggressive or abusive language; staff/passenger conflict with aggression/abuse context,,"""Manila to Bangkok was cancelled""",solo_leisure,economy_class
REAL-VA-272,yes,violent_aggressive,medium-high,"staff/passenger aggressive, abusive, harassing, humiliating, racist, or discriminatory conduct",assistant_manual_check_completed,7,2,aggressive_abusive; staff_passenger_conflict,"Thai Airways treated me very badly. They sold me a broken seat (they knew it was broken), broken arm rest, broken entertainment. Moved me next to an aggressive passenger that did not want me next to him, so I had to move back to my broken seat. Not good! Thai Airways is dishonest and is a disgrace to the industry. I would not recommend anyone fly with Thai Airways unless there is no other option. What a shame.",thai-airways,no,2.0,bangkok_to_sydney,2019-11-05,september_2019,Trip Verified,Mendeley/Skytrax Airline Review Data.xlsx,"Manually checked from strict 390-candidate extraction from the 64,740-row Skytrax airline review dataset.",283,review_before_keep,aggressive or abusive language; staff/passenger conflict with aggression/abuse context,,"""treated me very badly""",couple_leisure,economy_class
REAL-VA-273,yes,violent_aggressive,medium-high,"staff/passenger aggressive, abusive, harassing, humiliating, racist, or discriminatory conduct",assistant_manual_check_completed,7,2,aggressive_abusive; staff_passenger_conflict,"Malindo's website needs to be improved. Unless travelling on business, even if you check in 48 hours before the flight you cannot make any changes to your bookings. There are no prompters or reminders to pre-purchase luggage or food'before check in, which is apparently what must be done. Their FAQs do not state anything about before 'check in' only 'before flight' which misleads a lot of customers.  The customer service was absolutely horrendous. Whilst I was maintaining my tone of respect the agent was very aggressive and rude.  I called the Australian 'customer care' line .. its called customer care when you are spoken rudely over the phone.  The team leader though should be commended for her professionalism and her understanding and for her phone soft skills. They have a long way to go when covering international flights- the staff from the phone to the plane lack the knowledge of working in an international environment.",malindo-air,no,1.0,perth_to_kuala_lumpur,2019-11-07,november_2019,Not Verified,Mendeley/Skytrax Airline Review Data.xlsx,"Manually checked from strict 390-candidate extraction from the 64,740-row Skytrax airline review dataset.",284,review_before_keep,aggressive or abusive language; staff/passenger conflict with aggression/abuse context,,"""website needs to be improved""",business,economy_class
REAL-VA-274,yes,violent_aggressive,medium-high,"staff/passenger aggressive, abusive, harassing, humiliating, racist, or discriminatory conduct",assistant_manual_check_completed,7,2,harassment_discrimination; staff_passenger_conflict,"At around 2 AM, while boarding in Perth Airport, I was harassed by the ground staff simply for carrying a 3kg laptop bag in addition to my hand luggage, the staff insisted that I could not board with two items. I pointed out that several other passengers were carrying two items, yet I was the only one targeted. My friend, who had no hand luggage, kindly offered to take my laptop bag, but the staff refused this reasonable solution. To make matters worse, the supervisor of the Perth Airport ground handling team rudely harassed my friend, telling them to board immediately or risk missing the flight. She then gave me an ultimatum, demanding that I choose within three seconds which bag to take—or be denied boarding. I was forced to leave behind my Samsonite handbag. After filing a formal complaint, I was met with zero accountability from the airline. Instead of acknowledging their unprofessional behaviour and poor customer service, they dismissed my complaint, claiming they were simply following procedures. Not even a basic apology was offered.",malaysia-airlines,no,1.0,perth_to_dhaka_via_kuala_lampur,2025-03-01,december_2024,Trip Verified,Mendeley/Skytrax Airline Review Data.xlsx,"Manually checked from strict 390-candidate extraction from the 64,740-row Skytrax airline review dataset.",285,review_before_keep,"harassment, humiliation, racism, or discrimination language; staff/passenger conflict with aggression/abuse context",,"""I could not board with two items""",solo_leisure,economy_class
REAL-VA-275,yes,violent_aggressive,medium-high,"staff/passenger aggressive, abusive, harassing, humiliating, racist, or discriminatory conduct",assistant_manual_check_completed,7,2,harassment_discrimination; staff_passenger_conflict,"My journey starts early as the flight departs at 9am. My check-in procedure went pretty smooth and we all boarded the plane. The cabin crew was friendly and engaging and welcoming. As I travel far to east Malaysia. I had to transit in KLIA for 2 hours. As our flight got delayed 45mins in Heathrow, our arrival in Malaysia got affected. So I had to run (like marathon) to the main terminal (dosmetic). The line at immigration was ridiculous and little did I know the boarding time to Kuching has already started. I made it after 20 mins at the imigration and was able to run to A8. I was tired, sweating and scared. As I reached the gate, the gate staff was very angry at me because I was late. This what she said ""What took you so long, why don't you reach here early, the passengers are so unhappy with you"". Can you imagine, she said this thing to you and the passengers listened to the drama. Malaysia Airlines, please keep your professionalism, your Malaysian hospitality. I'm traumatized with the incident. because I didnt do anything wrong. The gate people have rejected my boarding pass. I don't mind to wait extra but not to be humiliated by the staff.",malaysia-airlines,no,1.0,london_heathrow_to_kuching_via_kuala_lumpur,2019-06-23,july_2018,Not Verified,Mendeley/Skytrax Airline Review Data.xlsx,"Manually checked from strict 390-candidate extraction from the 64,740-row Skytrax airline review dataset.",286,review_before_keep,"harassment, humiliation, racism, or discrimination language; staff/passenger conflict with aggression/abuse context",,"""traumatized with the incident""",solo_leisure,economy_class
REAL-VA-276,yes,violent_aggressive,medium-high,"staff/passenger aggressive, abusive, harassing, humiliating, racist, or discriminatory conduct",assistant_manual_check_completed,7,2,harassment_discrimination; staff_passenger_conflict,I am a disabled passenger flying regularly on business class on Malaysia Airlines. I was humiliated in Sydney recently when I was trying to check in by a rude lady at the counter who loudly inquired what my condition was for her to give me the required wheel chair assistance and wanted supporting documents from me. I have Cerebral palsy and you don't need a doctor to understand that I need assistance. Be that as it may all my documents were uploaded to the system. Even if that was not the case she had no business asking me what my condition was in front of all the others in the line. I wrote to the customer care people at the airline and they initially agreed that this has happened but that it was done to help me. Later the story changed and they deny anything happened. I understand that there will always be the rude and arrogant employee who will treat customers badly. However the airline denying that such an incident happened is unacceptable.,malaysia-airlines,no,3.0,sydney_to_kuala_lumpur,2018-08-21,august_2018,Trip Verified,Mendeley/Skytrax Airline Review Data.xlsx,"Manually checked from strict 390-candidate extraction from the 64,740-row Skytrax airline review dataset.",287,review_before_keep,"harassment, humiliation, racism, or discrimination language; staff/passenger conflict with aggression/abuse context",,"""rude lady at the counter""",solo_leisure,business_class
REAL-VA-277,yes,violent_aggressive,medium-high,"staff/passenger aggressive, abusive, harassing, humiliating, racist, or discriminatory conduct",assistant_manual_check_completed,7,2,aggressive_abusive; staff_passenger_conflict,"Check in was seamless and security was a breeze at Schiphol due to the priority security line owed to my FFQ status, but this has more to do with KLM and it's skyteam affliation than Korean Air. To start, boarding was efficient, but flight was delayed due to airport congestion. Nonetheless communication was on point and clear, so I have no fuss. Good leg room and meals as expected on KE for coach. The parts where KE fell short this time around was their antiquated low resolution AVOD and this one passive aggressive crew that served my section. Not really major, but was slightly vexed by how spoken Korean was imposed on me by this one attendant due to appearances albeit being a foreign national of Korean descent and having spoken cogent English. She just gave me bad vibes. What was new about this KE flight was a snack station that was set up in the back galley. Flown over a dozen flights with them and this was a first. As mentioned, food was good, but repetitive as the menu seldom changes. In summary, this wasn't my favorite KE flight and not sure if dull is the right word, but I felt the entire experience to be monotonous, mechanical and uninspiring.",korean-air,no,5.0,amsterdam_to_seoul,2024-08-19,august_2024,Trip Verified,Mendeley/Skytrax Airline Review Data.xlsx,"Manually checked from strict 390-candidate extraction from the 64,740-row Skytrax airline review dataset.",288,review_before_keep,aggressive or abusive language; staff/passenger conflict with aggression/abuse context,routine_security_check,"“monotonous, mechanical and uninspiring”",solo_leisure,economy_class
REAL-VA-278,yes,violent_aggressive,medium-high,"staff/passenger aggressive, abusive, harassing, humiliating, racist, or discriminatory conduct",assistant_manual_check_completed,7,2,harassment_discrimination; staff_passenger_conflict,"Staff on the flight behaving as if it’s a punishment to work there. No smile, no attention, no involvement. Extremely cheap and poor food, be ready to eat something before you fly. Asked for an additional glass (!) of wine, the stewardess looked at me and completely ignored my request. Able to understand Polish, I could hear racist slurs from staff towards Indian passengers. Avoid at all cost.",lot-polish-airlines,no,3.0,delhi_to_warsaw,2019-12-23,december_2019,Trip Verified,Mendeley/Skytrax Airline Review Data.xlsx,"Manually checked from strict 390-candidate extraction from the 64,740-row Skytrax airline review dataset.",289,review_before_keep,"harassment, humiliation, racism, or discrimination language; staff/passenger conflict with aggression/abuse context",,"""could hear racist slurs""",business,economy_class
REAL-VA-279,yes,violent_aggressive,medium-high,"staff/passenger aggressive, abusive, harassing, humiliating, racist, or discriminatory conduct",assistant_manual_check_completed,7,2,harassment_discrimination; staff_passenger_conflict,"2024 as a partial result of a rerouting by Kenya Airways. Ticket issued by KLM and paid by Kenya Airways. Came from Nairobi by Kenya Airways. Transfer in Amsterdam was in a narrow timeslot, but bearable and fairly fast: no immigration checks transiting as both destinations are non-Schengen. Only security consumed time. Boarding effective. Huge, spacious, B777-300, fully loaded with passengers. Lounge 52 in non-Schengen terminal is spacious and good as always. Noisy aircraft. Got an acceptable seat. On time. The issue with KLM is the poor onboard catering and drink service. And, the surly, patronising, despotic, and arrogant staff. Passengers are de facto humiliated and treated like pigs in a pigstall. Nothing is allowed, seatbelts always on as to minimise their work. Nothing extra given or special provided for anybody. There is no recognition of frequent flyer status, even elite passengers. KLM need to up their game and renew the ageing stewardesses, though it seems too late. Hardly any drink rounds and always disallowed to order two drinks while finally being addressed. On a 10 hours flight we were offered meals only 2 times. First drink round was after 3 hours since take-off, way after the first meal service elapsed. Food of low quality and without any true options. Breakfast inedible. IFE OK, WiFi must be paid for; internet works with some hiccups, though. Call bells not answered and even if so, you are getting a rude, cold attitude slammed in your face so you regret to have called them, as anything appears to be too much of a trouble. The crew despise their clients and elite fliers are not getting any premium. The staff appear consistently to be Dutch and and respect for passengers is far, far away. Never any honest smile, no charm, no joy, no jokes to break the ice. KLM has a long way to go compared with its colleagues on Kenya Airways and Air France.",klm-royal-dutch-airlines,yes,4.0,amsterdam_to_bangkok,2024-02-08,february_2024,Trip Verified,Mendeley/Skytrax Airline Review Data.xlsx,"Manually checked from strict 390-candidate extraction from the 64,740-row Skytrax airline review dataset.",290,review_before_keep,"harassment, humiliation, racism, or discrimination language; staff/passenger conflict with aggression/abuse context",,"""Never any honest smile""",solo_leisure,economy_class
REAL-VA-280,yes,violent_aggressive,medium-high,"staff/passenger aggressive, abusive, harassing, humiliating, racist, or discriminatory conduct",assistant_manual_check_completed,7,2,aggressive_abusive; staff_passenger_conflict,"KLM app is not working. Despite their email saying it is a seamless process with a digital boarding pass, it is impossible to get a digital pass. I had to wait through the 25’ drop off queue to get my pass printed. The Hungarian airport staff is rude and aggressive and unhelpful as well. There is no “check in here” link in any of the emails I received before the flight but those are full of unrelated information that you get lost by it. Those emails are absolutely useless. Once I found a link it brought be to the Air France home page instead of KLM’s. Astonished how bad they are. Also, the requirements for check in are so absurdly long and overwhelming, you need to upload all kind of documents and information even about your arrival day covid test, even though you have not had yet the results. Then the questions were asked again when I received the boarding pass. when arrived at Amsterdam for Transfer, there is an useless self transfer service, I would have expected that the airline would have aligned their flights, but no! The bus dropped me at the other end pf the airport from my gate to London, but I also didn’t know which gate it was as there were no board with flight information where the bus dropped me. I had to run through the normal terminal and queue for passport control again! this is unbelievable, if there wouldn’t have been one guard with a good heart and let me in front of the queue, I would have missed my transfer flight. I was sweating like a pig as I run a mile to the gate. There I told the airport crew that this is such a bad organization and I almost missed my flight. She arrogantly replied by asking: “but you didn’t did you?!” What a disgusting attitude! And I just read the negative reviews after my bad experience. I will not fly ever again with KLM.",klm-royal-dutch-airlines,no,1.0,budapest_to_london_via_amsterdam,2021-12-29,december_2021,Trip Verified,Mendeley/Skytrax Airline Review Data.xlsx,"Manually checked from strict 390-candidate extraction from the 64,740-row Skytrax airline review dataset.",291,review_before_keep,aggressive or abusive language; staff/passenger conflict with aggression/abuse context,,"""I will not fly ever again with KLM""",solo_leisure,economy_class
REAL-VA-281,yes,violent_aggressive,medium-high,"staff/passenger aggressive, abusive, harassing, humiliating, racist, or discriminatory conduct",assistant_manual_check_completed,7,2,aggressive_abusive; staff_passenger_conflict,"Payment was by bank transfer and received 2 immediate confirmations; an email from Permata Bank confirming that the money was transferred successfully to KLM's bank account; the 2nd email was from KLM with booking confirmation (UKLFCP) complete with seat numbers (1A and 1C). We got to the airport (DPS) at 7pm for a 9.30pm departure, only to be told on check-in that our booking had 'not been paid for'. We showed the check-in staff our booking confirmation and the email + text from our bank confirming that the payment had been received by KLM. After being refused travel, we called the duty manager at DPS , who appeared to take great delight as he told us we 'didn't have a ticket'. We showed him our payment confirmation and booking confirmation, which mentions ticket conditions, etc. Yet he refused to allow us to check-in. We asked him to call KLM in Holland but instead he called Air France who could not help. By this point, we had been at the customer service desk for more than an hour and a half and were unable to reach a single KLM staff member other than the passive-aggressive station manager who told us that the only way we could travel on the flight was to buy two more economy tickets (business class was full). He told us to try and book the flight online on our phones which we tried to do, having absolutely no choice to not travel (my husband's Indonesian visa meant that he had to leave Bali on the 7th, or face a hefty fine. We also had an appointment at the Indonesian embassy to get our permanent residency for Indonesia). At the same time, our phone showed that KLM was still advertising business class seats on the same flight! We tried to book those but KLM's online payment facility failed. We asked the station manager if he would let us pay for those business class seats which were still being advertised online through the customer service desk (remember we had already paid for two business class return tickets). The station manager refused to let us do that and forced us to buy two economy return tickets, for 13,501,200 RP. Our original payment for the two return business class tickets on Dec 21st was 14,340,800 Rupiah (over $1000 USD). To add insult to injury, as we were leaving the desk, we asked for a pass to the lounge to grab a quick drink and perhaps a sandwich (we'd been at the desk now for almost 2 hours). The staff said, 'you are traveling in economy'. During this process, we sent several requests for help via the KLM WhatsApp number; sending them copies of our proof of payment and booking confirmation. They did not respond for almost 2 hours and when they did, they told us that the case had been 'resolved' at the check-in desk, which of course it had not. We purchased business class tickets on Garuda to travel back from SIN. We launched a complaint to KLM. On February 18th, KLM offered us €600 euros compensation each, but on February 19th, we received the following email from KLM customer services agent  'Regarding the Denied Boarding Compensation, the legislation does not apply for trips out of Europe (DPS-SIN). Hence, I must revise what I have previously stated, and I do apologize for that. For those above reasons, this situation does not entitle you to compensation.'",klm-royal-dutch-airlines,no,1.0,denpasar_to_singapore,2021-04-09,january_2021,Trip Verified,Mendeley/Skytrax Airline Review Data.xlsx,"Manually checked from strict 390-candidate extraction from the 64,740-row Skytrax airline review dataset.",292,review_before_keep,aggressive or abusive language; staff/passenger conflict with aggression/abuse context,,"""our booking had not been paid for""",business,economy_class
REAL-VA-282,yes,violent_aggressive,medium-high,"staff/passenger aggressive, abusive, harassing, humiliating, racist, or discriminatory conduct",assistant_manual_check_completed,7,2,aggressive_abusive; staff_passenger_conflict,"Spent the day in transfer in Amsterdam. Came back to Schiphol at night to fly KL461 to Tel Aviv. Economy class both flights. Efficient all the way. On time departures. Early arrivals. Both flights fully booked. Good cabin service from great staff. Served vegetarian meal on Tel Aviv flight: very good indeed. No inflight entertainment on neither flights, not a problem for me. Have flown KLM before and will do again. Only annoying thing is fellow passengers with lots of hand luggage in cabin. One passenger got very aggressive with one crew member who needed to call the captain to get things calmed down. Problem was that the passenger was carrying too much hand luggage into the cabin. Airlines need to be strict on the rules. But I compliment the female hostess skills in handling the very rude and emotionally hysterical male passenger. Good on you KLM, thanks for good flights.",klm-royal-dutch-airlines,yes,10.0,copenhagen_to_tel_aviv_via_amsterdam,2018-01-21,january_2018,Trip Verified,Mendeley/Skytrax Airline Review Data.xlsx,"Manually checked from strict 390-candidate extraction from the 64,740-row Skytrax airline review dataset.",293,review_before_keep,aggressive or abusive language; staff/passenger conflict with aggression/abuse context,,"""thanks for good flights""",solo_leisure,economy_class
REAL-VA-283,yes,violent_aggressive,medium-high,"staff/passenger aggressive, abusive, harassing, humiliating, racist, or discriminatory conduct",assistant_manual_check_completed,7,2,aggressive_abusive; staff_passenger_conflict,"40 min flight was over two hours late. No apology or explanation offered, no staff at airport to advise. Missed onward connection and stranded in Belgrade for the night. The staff there were rude, uncaring, disorganised and aggressive. Couldn’t quite believe how awful it all was. Will never fly with them again. If I could give zero stars, I would.",air-serbia,no,1.0,tivat_to_london_via_belgrade,2024-06-30,june_2024,Trip Verified,Mendeley/Skytrax Airline Review Data.xlsx,"Manually checked from strict 390-candidate extraction from the 64,740-row Skytrax airline review dataset.",294,review_before_keep,aggressive or abusive language; staff/passenger conflict with aggression/abuse context,,"""Worst flying experience ever""",business,economy_class
REAL-VA-284,yes,violent_aggressive,medium-high,"staff/passenger aggressive, abusive, harassing, humiliating, racist, or discriminatory conduct",assistant_manual_check_completed,7,2,aggressive_abusive; staff_passenger_conflict,"Cabin crew are very young female staff, who were assertive, arrogant and aggressive.",air-serbia,no,1.0,belgrade_to_lisbon,2023-06-10,june_2023,Trip Verified,Mendeley/Skytrax Airline Review Data.xlsx,"Manually checked from strict 390-candidate extraction from the 64,740-row Skytrax airline review dataset.",295,review_before_keep,aggressive or abusive language; staff/passenger conflict with aggression/abuse context,,"""assertive, arrogant and aggressive""",solo_leisure,economy_class
REAL-VA-285,yes,violent_aggressive,medium-high,"staff/passenger aggressive, abusive, harassing, humiliating, racist, or discriminatory conduct",assistant_manual_check_completed,7,2,harassment_discrimination; staff_passenger_conflict,"The flights were punctual and reasonably comfortable. However, having arrived at the airport at 8am for a 10.10 flight, we first spent an hour waiting to check in, despite having already selected our seats on-line. My partner has a back problem and standing in a queue for all that time caused him severe discomfort. On our return journey we again queued for 50 minutes. The problem, as far as we could see, was caused by computer problems and harassed ground staff. Why cannot Air Europa provide an on-line check-in facility as other airlines do?",air-europa,no,2.0,manchester_to_palma_de_mallorca,2017-09-26,september_2017,Verified Review,Mendeley/Skytrax Airline Review Data.xlsx,"Manually checked from strict 390-candidate extraction from the 64,740-row Skytrax airline review dataset.",296,review_before_keep,"harassment, humiliation, racism, or discrimination language; staff/passenger conflict with aggression/abuse context",,"""an hour waiting to check in""",couple_leisure,economy_class
REAL-VA-286,yes,violent_aggressive,medium-high,"staff/passenger aggressive, abusive, harassing, humiliating, racist, or discriminatory conduct",assistant_manual_check_completed,7,2,harassment_discrimination; staff_passenger_conflict,"Tried to check in online day before flight, got unknown system error couldn’t check in. Arrived at LHR 3.5 hours early; none of BA kiosks worked, all manual check in by understaffed BA staff who were all unhelpful. Insane queue times; lots of other frustrated passengers in line. Denied boarding at the gate because flight oversold, no explanations, no apologies, constantly ignored by BA staff who don’t have the patience to listen to your situation or be helpful. Finally gate manager books alternate flight to Paris CDG, supposedly to connect with an Air France flight. We get to CDG only to be told by Air France their flight was full; no idea why BA manager bumped me to AF flight that’s also full! That’s insult to injury to be bumped twice! Went to BA desk at CDG, no help at all they told us to call BA and couldn’t even provide the phone number; just told us to look online. On top of all that my luggage is lost somewhere between BA and AF in Paris CDG. I’m an American citizen and speak perfect English, but I feel completely humiliated and treated like second class citizen by multiple BA staff through the whole ordeal. Mostly they just ignore you or bounce you from one counter to another without even trying to listen to your problem. Zero accountability. Will never ever fly BA again! Absolute worst travel experience of my life.",british-airways,no,1.0,london_to_los_angeles_via_paris_cdg,2024-07-30,july_2024,Trip Verified,Mendeley/Skytrax Airline Review Data.xlsx,"Manually checked from strict 390-candidate extraction from the 64,740-row Skytrax airline review dataset.",297,review_before_keep,"harassment, humiliation, racism, or discrimination language; staff/passenger conflict with aggression/abuse context",,"""Absolute worst travel experience""",couple_leisure,economy_class
REAL-VA-287,yes,violent_aggressive,medium-high,"staff/passenger aggressive, abusive, harassing, humiliating, racist, or discriminatory conduct",assistant_manual_check_completed,7,2,aggressive_abusive; staff_passenger_conflict,"I can’t describe how cheated I felt. I booked and paid for an airline with great entertainment, food and service, instead, I was forced to go hungry because they only had one choice of meal and it was inedible. To ensure the passengers didn’t get any funny ideas and assume that as the vegetarian option was unavailable they might be given a cracker or a small packet of nuts. The cabin crew announced in their uniquely aggressive and dismissive way “You won’t get anything else for 12 hours you know!” the entertainment is compiled mainly of B movies so I paid £11 for Wi-Fi so I could watch Netflix on my laptop. Unsurprisingly, the signal was so weak I couldn’t even send an email. To add insult to injury, the earbuds provided the cheapest and lowest quality I have ever seen. Since the last time I used this airline the crew are less rude and obnoxious and are now just impatient and unhelpful.  What I don’t understand is why it seems that British Airways look for these characteristics as desirable attributes for their crew.",british-airways,no,3.0,hong_kong_to_london,2023-04-17,april_2023,Trip Verified,Mendeley/Skytrax Airline Review Data.xlsx,"Manually checked from strict 390-candidate extraction from the 64,740-row Skytrax airline review dataset.",299,review_before_keep,aggressive or abusive language; staff/passenger conflict with aggression/abuse context,,"""they only had one choice of meal""",solo_leisure,economy_class
REAL-VA-288,yes,violent_aggressive,medium-high,"staff/passenger aggressive, abusive, harassing, humiliating, racist, or discriminatory conduct; yelling/screaming/shouting in staff/passenger conflict",assistant_manual_check_completed,7,2,aggressive_abusive; staff_passenger_conflict,"Prices have increased and services have gone down. The most disappointing thing about BA is that aspects that really don’t need to get worse have. The check in staff at Heathrow are downright rude and abusive, shouting at passengers to line here and there and rolling their eyes if passengers get confused with the constant shouting and bullying. Airlines are now competing globally more and more and this behaviour is particularly noticeable in Asia where the service industry is next level. I wouldn’t want to suggest that all the staff are like this and many younger employees are polite and helpful. However there were a couple of older staff that were downright rude and obnoxious.",british-airways,no,4.0,london_to_hong_kong,2023-04-06,april_2023,Trip Verified,Mendeley/Skytrax Airline Review Data.xlsx,"Manually checked from strict 390-candidate extraction from the 64,740-row Skytrax airline review dataset.",300,review_before_keep,aggressive or abusive language; staff/passenger conflict with aggression/abuse context,,"""downright rude and abusive""",business,premium_economy
REAL-VA-289,yes,violent_aggressive,medium-high,"staff/passenger aggressive, abusive, harassing, humiliating, racist, or discriminatory conduct",assistant_manual_check_completed,7,2,aggressive_abusive; staff_passenger_conflict,"When I tried to reserve an aisle seat (for medical reasons) the BA website showed that all of the seats had been allocated save for a few seats for which I would have had to pay about thirty pounds. The check-in area for BA at Zurich airport is in a hard to find spot of the airport. The check-in agent was very professional, helpful and informative. The area of departure from Zurich was by transfer train. The flight boarded in an orderly manner and left more or less on time. I was dismayed to see cabin crew serve alcohol to a group of already drunk German speaking sports fans. One of the cabin crew declared that she had run out of beer and then suggested to an increasingly loud and aggressive man that he might like the cider instead. In the meantime the same crew members ignored me and other passengers while offering the trolley service. The overhead maps were not used and the captain made minimal announcements during the flight none of which were in German. The flight arrived reasonably promptly.",british-airways,no,5.0,zurich_to_london,2019-04-14,april_2019,Trip Verified,Mendeley/Skytrax Airline Review Data.xlsx,"Manually checked from strict 390-candidate extraction from the 64,740-row Skytrax airline review dataset.",301,review_before_keep,aggressive or abusive language; staff/passenger conflict with aggression/abuse context,,"""arrived reasonably promptly""",solo_leisure,economy_class
REAL-VA-290,yes,violent_aggressive,medium-high,"staff/passenger aggressive, abusive, harassing, humiliating, racist, or discriminatory conduct",assistant_manual_check_completed,7,2,aggressive_abusive; staff_passenger_conflict,"This was a terrible flight with grubby cabins, same old menu but worse still people from economy taking the seats in business without upgrade or paying. The staff were indifferent on complaints and eventually led to removing them after abusive language. If BA actually knew their premium passengers they would have avoided this.",british-airways,no,3.0,london_to_dubai,2018-01-08,january_2018,Trip Verified,Mendeley/Skytrax Airline Review Data.xlsx,"Manually checked from strict 390-candidate extraction from the 64,740-row Skytrax airline review dataset.",302,review_before_keep,aggressive or abusive language; staff/passenger conflict with aggression/abuse context,,"""a terrible flight""",business,business_class
REAL-VA-291,yes,violent_aggressive,medium-high,"staff/passenger aggressive, abusive, harassing, humiliating, racist, or discriminatory conduct",assistant_manual_check_completed,7,2,harassment_discrimination; staff_passenger_conflict,"The flight to Hong Kong with British Airways showed up all that is bad about British Airways now and how far it has fallen behind other airlines. The continual penny pinching and poor staff attitude was evident throughout the flight. Check-in at Terminal 5 was chaotic, there having been a ""computer glitch"" which greatly slowed the check-in and bag drop processes. There were too few BA staff on hand to assist and those that were in evidence were being continually harassed. Business check-in was better but still very busy. BA needs to speed up bag drop urgently. Other airports allow you to print your own baggage labels and take your baggage straight to be loaded onto the conveyor belt where a member of staff checks the weight to make sure it is not too heavy, not perfect for all passengers but would considerably speed up the process for the vast majority of passengers who can check in easily. The lounge was a disappointment with tired dirty furniture, used dishes not being cleared, too few seats for the number of passengers and very poor food availability. Not a great place to rest before an 11 hour journey and I would concur with other comments about the deteriorating standards. Compare this to the other ""home"" lounges of other carriers such as those at Hong Kong and Kuala Lumpur. Took a shower whilst waiting and that was OK. The flight was not good at all. Cabin crew showed general lack of interest throughout the flight and seemed interested in just getting the meals served and then disappearing from view for the rest of the flight until it was time for the meal service prior to landing. Gone are all the small (and not so small) touches that made flying with BA a pleasure, such as hanging up coats, hot towels, a second round of drinks, a nice meal at a leisurely pace and an overall feeling of being well looked after. A comment about the seats, how can BA justify 8 across in Business Class? When the ying/yang seats were first introduced they were a revolution, but a lot of other airlines now only have 6 across with a lot more space and comfort and in most cases you don't have to climb over another person to get out whilst they are sleeping. I had a window seat and I felt very hemmed in. There was no storage space for the things you need during a flight, glasses, tablet computer, water bottle etc. All were kept on the floor or crammed down the side of the seat. Sadly BA is no longer my airline of choice. I spent many years doing international business travel and when you saw the Union Flag on the tailfin at some distant airport you knew you were already nearly home. I saved a considerable number of Avios points for my retirement which I am now using up, but on other airlines within the One World Alliance where possible and who offer a far better product and actually look after their passengers and make them feel wanted. Sorry BA but you've lost my loyalty. Club World is now very poor (and also Club Europe now) and you've lost the plot to the bean counters. Never thought I'd say this but I've joined the ABBA club, anybody but BA.",british-airways,no,2.0,lhr_to_hkg,2017-02-03,january_2017,Verified Review,Mendeley/Skytrax Airline Review Data.xlsx,"Manually checked from strict 390-candidate extraction from the 64,740-row Skytrax airline review dataset.",303,review_before_keep,"harassment, humiliation, racism, or discrimination language; staff/passenger conflict with aggression/abuse context",,"""fallen behind other airlines""",solo_leisure,business_class
REAL-VA-292,yes,violent_aggressive,medium-high,"staff/passenger aggressive, abusive, harassing, humiliating, racist, or discriminatory conduct",assistant_manual_check_completed,7,2,aggressive_abusive; staff_passenger_conflict,"Flew Bangkok to Paris via London with British Airways. Not allowed to choose our seats. The cabin was not clean (lot of dust). 8 seats per row in Business, no privacy, 50% of the seats don't have direct access to the aisle. Bad meals in small portions. Not enough toilets. Tiny PTV screen and poor movie selection. Crew was very friendly and helpful. We had to face the bad mood of the ground staff in London who were very aggressive and refused to let us take our hand luggage on the London to Paris flight. We explained that we were in Business class and that we flew with the same cases at the beginning of our vacation, they didn't care and refused us to bring it on board. After 30 minutes I showed that they were of a size allowed by BA. They recognized their mistake and let us take it. 30 minutes of stress because they didn't do their job properly. Won't fly BA again, except for the cabin crew everything was bad and looking like budget airline.",british-airways,no,1.0,bkk_to_cdg_via_lhr,2017-01-21,january_2017,Verified Review,Mendeley/Skytrax Airline Review Data.xlsx,"Manually checked from strict 390-candidate extraction from the 64,740-row Skytrax airline review dataset.",304,review_before_keep,aggressive or abusive language; staff/passenger conflict with aggression/abuse context,,"""not fair for the fare""",couple_leisure,business_class
REAL-VA-293,yes,violent_aggressive,medium-high,"staff/passenger aggressive, abusive, harassing, humiliating, racist, or discriminatory conduct",assistant_manual_check_completed,7,2,aggressive_abusive; staff_passenger_conflict,"Really. I have flown BA long haul on two journeys in the last four weeks. First from LIM-LHR and now LHR-DEN. I know that BA has refurbished some of their B747-400 and B777 but the rest are a disgrace. As a flag carrier, what message does this send to the rest of the world? On a positive note, the cabin crew are always polite (sometimes to the point of being passive-aggressive), but this is a humourless service. Even London Underground has moved from the dated uniforms. The in-flight catering is lack-lustre. I choose vegan because the standard meals are truly awful. You now even have to pay for the snacks between meals (unlike KLM or LATAM). I understand the economics are difficult, given that some nations subsidise flag carriers, but small and low-cost changes would make a major difference. Firstly, smarten up the staff (have you seen the LAN uniforms?). On the last flight, one crew member hadn't shaved and it wasn't designer stubble. Get some humour training into the crew and just make passengers flight comfortable. The IFS systems are so dated that they match the reruns of old BBC sitcoms/ soaps offered. On a positive note: 1) I believe BA is a safe airline and the crew professional. Big bonus point for me. 2) When there is a problem, BA is efficient in sorting it out. 3) Communication from the cockpit is usually good.",british-airways,yes,4.0,lhr_to_den,2016-10-07,october_2016,Verified Review,Mendeley/Skytrax Airline Review Data.xlsx,"Manually checked from strict 390-candidate extraction from the 64,740-row Skytrax airline review dataset.",305,review_before_keep,aggressive or abusive language; staff/passenger conflict with aggression/abuse context,,"""this is a humourless service""",solo_leisure,economy_class
REAL-VA-294,yes,violent_aggressive,medium-high,"staff/passenger aggressive, abusive, harassing, humiliating, racist, or discriminatory conduct",assistant_manual_check_completed,7,2,aggressive_abusive; staff_passenger_conflict,"There is absolutely no difference between them and low cost airlines - I would actually prefer easyjet and Ryanair as at least they are transparent. This journey from Lyon to London Heathrow was chaotic and stressful. Thanks to BA charging £30 to check in luggage one way, every passenger takes cabin baggage. This means everyone flocks to queue up like cattle well before any announcements are even made. The boarding process made more unpleasant by them calling different groups out - I have honestly never seen anything like it. Once on board, they had to stow a lot of luggage in the hold as it couldn't fit. Passengers were arguing with one another (3 separate fights were witnessed) and staff were being very aggressive shoving bags and coats in every nook and cranny and telling people to move. The meal service is a joke - a pathetic barely edible sandwich. As always with BA flights to and from LHR, this flight was late. We ended up flying round and round over London for 30 mins. The worst thing is BA's new policy of charging to select a seat - even at online check in opening 24 hours before. This means they assign you any rubbish seat and you have to pay £12 just to change it to any normal seat (and even more if extra legroom). BA's new policy seems to be to nickel and dime customers at every possible step of the way (and charge more than other airlines in the process). A shame they have turned this airline into something worse than low cost. I will definitely be avoiding them wherever possible.",british-airways,no,1.0,lys_to_lhr,2016-05-14,may_2016,Verified Review,Mendeley/Skytrax Airline Review Data.xlsx,"Manually checked from strict 390-candidate extraction from the 64,740-row Skytrax airline review dataset.",306,review_before_keep,aggressive or abusive language; staff/passenger conflict with aggression/abuse context,,"""journey was chaotic and stressful""",couple_leisure,economy_class
REAL-VA-295,yes,violent_aggressive,medium-high,"staff/passenger aggressive, abusive, harassing, humiliating, racist, or discriminatory conduct",assistant_manual_check_completed,7,2,aggressive_abusive; staff_passenger_conflict,"This didn't bother me, as she did confirm my bag would travel all the way to Glasgow. The aircraft was too large for the small boarding lounge, but plenty of shops and restaurants to pass the short time I had to wait. I was seated to the rear of the lower deck, in a window seat where the aircraft narrows from 3 seats to 2, so I had a good amount of extra space beside and in front of my seat. The crew were pleasant, some appeared a little intimidated by some Russian passengers when they were asking for drinks or indicating their meal choice. I noticed from their name badges that many of them spoke languages in addition to English, but I didn't see any who spoke Russian. After drinks service the meal was served, including a vegetarian choice. This was in contrast to the outbound overnight flight in my other review. The flight crew updated regularly. I liked the use of the Boeing 747 on the route, although internally it is beginning to appear dated.  At Heathrow, multiple boarding card, passport and security checks combine to produce an awkward process. The flight to Glasgow on an A321. The cabin crew gave an impression of efficiency and friendliness. A short flight with time for a drink and small snack. On arrival at Glasgow, I found a wheel missing from my 4-wheeled trolley case, rendering it unusable. I mentioned this to the ground handling agent, but she confirmed that unlike some of the low-cost carriers, BA do not take responsibility for such damage.",british-airways,yes,9.0,dme_to_gla_via_lhr,2015-08-08,august_2015,,Mendeley/Skytrax Airline Review Data.xlsx,"Manually checked from strict 390-candidate extraction from the 64,740-row Skytrax airline review dataset.",307,review_before_keep,aggressive or abusive language; staff/passenger conflict with aggression/abuse context,routine_security_check,British Airways customer review,solo_leisure,economy_class
REAL-VA-296,yes,violent_aggressive,medium-high,"staff/passenger aggressive, abusive, harassing, humiliating, racist, or discriminatory conduct",assistant_manual_check_completed,7,2,aggressive_abusive; staff_passenger_conflict,"But they are clearly a budget airline masquerading as premium. Firstly, they charge an extortionate fee (over £300) for selecting a business class seat. Then, they secretly changed their business class baggage allowance from 2 32kg suitcases to 1 23kg suitcase for flights between Asia and Europe. By the time of the flight they had changed the luggage allowance back to 2 32kg suitcases, but the officious, arrogant, rude and aggressive check in manager in Hong Kong refused to allow more than one suitcase, despite the alliance having changed back. He was demanding an extra £200 to check in another suitcase. It was an awful experience and I will never book a ticket with them again.",finnair,no,3.0,hong_kong_to_manchester_via_helsinki,2023-12-30,december_2023,Not Verified,Mendeley/Skytrax Airline Review Data.xlsx,"Manually checked from strict 390-candidate extraction from the 64,740-row Skytrax airline review dataset.",309,review_before_keep,aggressive or abusive language; staff/passenger conflict with aggression/abuse context,,“budget airline masquerading as premium”,couple_leisure,business_class
REAL-VA-297,yes,violent_aggressive,medium-high,"staff/passenger aggressive, abusive, harassing, humiliating, racist, or discriminatory conduct",assistant_manual_check_completed,7,2,aggressive_abusive; staff_passenger_conflict,"Excellent airline regard to comfort and food. However, I was very disappointed with the onboard service. I had no drink prior to boarding the plane in Helsinki and was refused a couple of bottles of wine by a horrible little flight attendant at the rear of the plane. I would have seen her point if I were drunk and abusive but she was so arrogant and full of power and her own importance it made an unpleasant few remaining hours. Even when she came round with food she was rude. I have never seen a cabin crew as arrogant as this woman was. Anyway, her attitude spoiled an otherwise good flight. Good airline and good food but the cabin crew are poor.",finnair,yes,7.0,manchester_to_bangkok_via_helsinki,2018-11-01,october_2018,Not Verified,Mendeley/Skytrax Airline Review Data.xlsx,"Manually checked from strict 390-candidate extraction from the 64,740-row Skytrax airline review dataset.",310,review_before_keep,aggressive or abusive language; staff/passenger conflict with aggression/abuse context,,"""cabin crew are poor""",business,economy_class
REAL-VA-298,yes,violent_aggressive,medium-high,"staff/passenger aggressive, abusive, harassing, humiliating, racist, or discriminatory conduct",assistant_manual_check_completed,7,2,aggressive_abusive; staff_passenger_conflict,"We had the most amazing flight attendant on our way from Chicago to Dublin (Casey-Jade)! When we got to Dublin we found out our flight to Glasgow was delayed twice for 3+ hours. We had issues at the airport from Aer Lingus on what gate to be at, making us go back and further from two gates that were rather far apart. When we were boarding the plane on the tarmac I saw our luggage out on the tarmac to be loaded onto the plane. After boarding the flight, my mom could see from her window that our luggage wasn’t being loaded onto the plane and then the baggage carrier loaded our bags back onto his car to drive away. My mom brought this to the flight attendants attention. Others on the plane then notices the same thing happening to their bags. We asked the flight attendant to do something about this but neither did and the male flight attendant was rude when speaking to us. After continued questioning, the male flight attendant did open the door and asked the man on the ground if all bags for were loaded on the plane, he said yes. Obviously, the baggage carrier on the ground wouldn’t think he missed bags to load. This was all either flight attendant did to help prevent our bags from not making it to our final destination. While the male flight attendant was visibly mad and spoke to us in a very aggressive manner the whole time. We then arrived in Glasgow, without our luggage. We were 2 of 8 passengers who’s luggage weren't loaded onto that flight. We filed the claim at the desk. I explained to the representation that my mom and I were on a guided tour trip and we would be moving from one hotel to the next each day – we would not be at the same hotel for the first 3 or 4 days of our trip. I called to speak to a representative later that day to see if our bags made it on one of the multiple other flights out of Dublin to Glasgow that day. The person I spoke with could not answer this. I asked for a supervisor and was told they needed to call me back. Conversations like this went over for an additional 2 days. I had explained to every single person I spoke with the severity of our situation and urgency in which we needed to get our luggage. I got the run around from every customer service representative and supervisor from the lost baggage team. I could never get a clear answer on what was happening, where my bags were or when they would arrive. No one seemed to care, at all. It was an awful experience and feeling. I finally saw by checking the online form that our bags were picked up. They were picked up by Aviation Operations. They weren't delivered that day. I called Aer Lingus’s customer service again and couldn't get an answer as to why they were not delivered or when they would be. So I reached out to Aviation Operations myself. They initially informed me that they would be delivered the next day which would then put us at a different location, again. After more communication, they told me that having my request upgraded to ‘express’ could get them there the same day. I was appalled to hear that after everything I had communicated to the customer service front line and supervisors that NO ONE had marked this as express already. We did finally get our bags due to my persistent effort but now Aer Lingus is being difficult about reimbursement for all of these issues.",aer-lingus,no,2.0,chicago_to_glasgow_via_dublin,2024-06-25,june_2024,Trip Verified,Mendeley/Skytrax Airline Review Data.xlsx,"Manually checked from strict 390-candidate extraction from the 64,740-row Skytrax airline review dataset.",311,review_before_keep,aggressive or abusive language; staff/passenger conflict with aggression/abuse context,,"""being difficult about reimbursement""",family_leisure,economy_class
REAL-VA-299,yes,violent_aggressive,medium-high,"staff/passenger aggressive, abusive, harassing, humiliating, racist, or discriminatory conduct",assistant_manual_check_completed,7,2,aggressive_abusive; staff_passenger_conflict,"The lack of customer service and general manner of the staff left a lot to be desired. Dublin Airport ground staff I would say were the best of a bad bunch. On the long haul part of our flight I received my food choice with no offer of a drink which I had to ask for which seemed to be an inconvenience. Once food was over the staff disappeared and dare you ask for water or anything for that matter and it was met with a bad attitude. The flight staff was mostly male and had no customer service whatsoever, I used the toilet while on board and a minute or so into been in the bathroom the door was banged on for me to leave. I came out to a very aggressive staff member with no reason for his actions.",turkish-airlines,no,2.0,dublin_to_vietnam,2025-01-21,december_2024,Not Verified,Mendeley/Skytrax Airline Review Data.xlsx,"Manually checked from strict 390-candidate extraction from the 64,740-row Skytrax airline review dataset.",312,review_before_keep,aggressive or abusive language; staff/passenger conflict with aggression/abuse context,,“total lack of customer service”,family_leisure,economy_class
REAL-VA-300,yes,violent_aggressive,medium-high,"staff/passenger aggressive, abusive, harassing, humiliating, racist, or discriminatory conduct",assistant_manual_check_completed,7,2,aggressive_abusive; staff_passenger_conflict,"although there was a meal choice, the rude staff imposed on me and directly served me what she decided, not even asking! I had to protest to get her to tell me the other choice which I took in the end. I complained later to the head and she came to fakely apologise. They said she was new, however she gave others the choice .. also the check in staff rude and aggressive.  I used to enjoy the food on this airline, but I dread it now. It was rich big, flavourful, now it is dry, bad quality,. Portions cut down stingingly.  Also the films are very old and limited. I travelled 4 times these last 3months and there were 2 or 3 new films added in the new releases.",turkish-airlines,no,3.0,marrakesh_to_athens_via_istanbul,2024-04-05,march_2024,Trip Verified,Mendeley/Skytrax Airline Review Data.xlsx,"Manually checked from strict 390-candidate extraction from the 64,740-row Skytrax airline review dataset.",313,review_before_keep,aggressive or abusive language; staff/passenger conflict with aggression/abuse context,,"""Portions cut down stingingly""",solo_leisure,economy_class
